Destination Port,Flow Duration,Total Fwd Packets,Total Backward Packets,Total Length of Fwd Packets,Total Length of Bwd Packets,Fwd Packet Length Max,Fwd Packet Length Min,Fwd Packet Length Mean,Fwd Packet Length Std,Bwd Packet Length Max,Bwd Packet Length Min,Bwd Packet Length Mean,Bwd Packet Length Std,Flow Bytes/s,Flow Packets/s,Flow IAT Mean,Flow IAT Std,Flow IAT Max,Flow IAT Min,Fwd IAT Total,Fwd IAT Mean,Fwd IAT Std,Fwd IAT Max,Fwd IAT Min,Bwd IAT Total,Bwd IAT Mean,Bwd IAT Std,Bwd IAT Max,Bwd IAT Min,Fwd PSH Flags,Bwd PSH Flags,Fwd URG Flags,Bwd URG Flags,Fwd Header Length,Bwd Header Length,Fwd Packets/s,Bwd Packets/s,Min Packet Length,Max Packet Length,Packet Length Mean,Packet Length Std,Packet Length Variance,FIN Flag Count,SYN Flag Count,RST Flag Count,PSH Flag Count,ACK Flag Count,URG Flag Count,CWE Flag Count,ECE Flag Count,Down/Up Ratio,Average Packet Size,Avg Fwd Segment Size,Avg Bwd Segment Size,Fwd Header Length.1,Fwd Avg Bytes/Bulk,Fwd Avg Packets/Bulk,Fwd Avg Bulk Rate,Bwd Avg Bytes/Bulk,Bwd Avg Packets/Bulk,Bwd Avg Bulk Rate,Subflow Fwd Packets,Subflow Fwd Bytes,Subflow Bwd Packets,Subflow Bwd Bytes,Init_Win_bytes_forward,Init_Win_bytes_backward,act_data_pkt_fwd,min_seg_size_forward,Active Mean,Active Std,Active Max,Active Min,Idle Mean,Idle Std,Idle Max,Idle Min,Label
49188,4,2,0,12,0,6,6,6.0,0.0,0,0,0.0,0.0,3000000.0,500000.0,4.0,0.0,4,4,4,4.0,0.0,4,4,0,0.0,0.0,0,0,0,0,0,0,40,0,500000.0,0.0,6,6,6.0,0.0,0.0,0,0,0,0,1,1,0,0,0,9.0,6.0,0.0,40,0,0,0,0,0,0,2,12,0,0,329,-1,1,20,0.0,0.0,0,0,0.0,0.0,0,0,BENIGN
49188,1,2,0,12,0,6,6,6.0,0.0,0,0,0.0,0.0,12000000.0,2000000.0,1.0,0.0,1,1,1,1.0,0.0,1,1,0,0.0,0.0,0,0,0,0,0,0,40,0,2000000.0,0.0,6,6,6.0,0.0,0.0,0,0,0,0,1,1,0,0,0,9.0,6.0,0.0,40,0,0,0,0,0,0,2,12,0,0,329,-1,1,20,0.0,0.0,0,0,0.0,0.0,0,0,BENIGN
49486,3,2,0,12,0,6,6,6.0,0.0,0,0,0.0,0.0,4000000.0,666666.666666667,3.0,0.0,3,3,3,3.0,0.0,3,3,0,0.0,0.0,0,0,0,0,0,0,40,0,666666.666666667,0.0,6,6,6.0,0.0,0.0,0,0,0,0,1,1,0,0,0,9.0,6.0,0.0,40,0,0,0,0,0,0,2,12,0,0,245,-1,1,20,0.0,0.0,0,0,0.0,0.0,0,0,BENIGN
49486,1,2,0,12,0,6,6,6.0,0.0,0,0,0.0,0.0,12000000.0,2000000.0,1.0,0.0,1,1,1,1.0,0.0,1,1,0,0.0,0.0,0,0,0,0,0,0,40,0,2000000.0,0.0,6,6,6.0,0.0,0.0,0,0,0,0,1,1,0,0,0,9.0,6.0,0.0,40,0,0,0,0,0,0,2,12,0,0,245,-1,1,20,0.0,0.0,0,0,0.0,0.0,0,0,BENIGN
88,609,7,4,484,414,233,0,69.1428571429,111.9678950584,207,0,103.5,119.5115057223,1474548.44006568,18062.3973727422,60.9,115.1949555223,381,2,609,101.5,177.0895253819,460,2,467,155.6666666667,263.5608721592,460,3,0,0,0,0,164,104,11494.2528735632,6568.144499179,0,233,74.8333333333,107.5274454042,11562.1515151515,0,0,0,1,0,0,0,0,0,81.6363636364,69.1428571429,103.5,164,0,0,0,0,0,0,7,484,4,414,8192,2053,5,20,0.0,0.0,0,0,0.0,0.0,0,0,BENIGN
88,879,9,4,656,3064,313,0,72.8888888889,136.1538141629,1532,0,766.0,884.5006123985,4232081.9112628,14789.5335608646,73.25,209.0550710394,734,1,879,109.875,281.977424375,806,1,764,254.6666666667,434.1685540586,756,3,0,0,0,0,204,104,10238.9078498294,4550.6257110353,0,1532,265.7142857143,547.8425417485,300131.450549451,0,0,0,1,0,0,0,0,0,286.1538461538,72.8888888889,766.0,204,0,0,0,0,0,0,9,656,4,3064,8192,2053,7,20,0.0,0.0,0,0,0.0,0.0,0,0,BENIGN
88,1160,9,6,3134,3048,1552,0,348.2222222222,682.4825598097,1518,0,508.0,782.3472374847,5329310.34482759,12931.0344827586,82.8571428571,218.2461056637,836,1,1160,145.0,326.90802551,950,1,1022,204.4,354.3533547181,836,3,0,0,0,0,204,144,7758.6206896552,5172.4137931035,0,1552,386.375,684.9689895657,469182.516666667,0,0,0,1,0,0,0,0,0,412.1333333333,348.2222222222,508.0,204,0,0,0,0,0,0,9,3134,6,3048,8192,2053,7,20,0.0,0.0,0,0,0.0,0.0,0,0,BENIGN
88,524,7,4,2812,2820,1397,0,401.7142857143,679.9148756243,1410,0,705.0,814.0638795574,10748091.6030534,20992.3664122137,52.4,83.6782196539,284,1,524,87.3333333333,143.7284476597,377,1,440,146.6666666667,169.1636288726,342,49,0,0,0,0,164,104,13358.7786259542,7633.5877862596,0,1410,469.3333333333,689.9433881036,476021.878787879,0,0,0,1,0,0,0,0,0,512.0,401.7142857143,705.0,164,0,0,0,0,0,0,7,2812,4,2820,8192,2053,5,20,0.0,0.0,0,0,0.0,0.0,0,0,BENIGN
1034,6,1,1,6,6,6,6,6.0,0.0,6,6,6.0,0.0,2000000.0,333333.333333333,6.0,0.0,6,6,0,0.0,0.0,0,0,0,0.0,0.0,0,0,0,0,0,0,20,20,166666.666666667,166666.666666667,6,6,6.0,0.0,0.0,0,0,0,0,1,0,0,0,1,9.0,6.0,6.0,20,0,0,0,0,0,0,1,6,1,6,2053,251,0,20,0.0,0.0,0,0,0.0,0.0,0,0,BENIGN
88,1119,9,6,3160,3060,1565,0,351.1111111111,688.2149817543,1524,0,510.0,785.4456060097,5558534.40571939,13404.8257372654,79.9285714286,190.290653914,704,1,1119,139.875,263.0379861215,759,1,1047,209.4,310.6385359224,704,3,0,0,0,0,204,144,8042.8954423593,5361.9302949062,0,1565,388.75,689.2425310924,475055.266666667,0,0,0,1,0,0,0,0,0,414.6666666667,351.1111111111,510.0,204,0,0,0,0,0,0,9,3160,6,3060,8192,2053,7,20,0.0,0.0,0,0,0.0,0.0,0,0,BENIGN
389,18378,13,13,4160,5724,1672,0,320.0,612.9740342516,2634,0,440.3076923077,817.308936349,537816.955054957,1414.7350092502,735.12,3222.5996276299,16177,1,18378,1531.5,4628.9492131781,16177,3,18292,1524.3333333333,4674.3796347427,16337,1,0,0,0,0,284,284,707.3675046251,707.3675046251,0,2634,366.0740740741,700.4948210387,490692.994301994,0,0,0,1,0,0,0,0,1,380.1538461538,320.0,440.3076923077,284,0,0,0,0,0,0,13,4160,13,5724,8192,0,11,20,0.0,0.0,0,0,0.0,0.0,0,0,BENIGN
88,822,7,4,458,356,220,0,65.4285714286,105.6264757575,178,0,89.0,102.7683479158,990267.639902676,13381.99513382,82.2,177.6662288925,579,1,822,137.0,269.6004451035,683,1,660,220.0,375.8550252424,654,3,0,0,0,0,164,104,8515.8150851582,4866.1800486618,0,220,67.8333333333,97.728597595,9550.8787878788,0,0,0,1,0,0,0,0,0,74.0,65.4285714286,89.0,164,0,0,0,0,0,0,7,458,4,356,8192,2053,5,20,0.0,0.0,0,0,0.0,0.0,0,0,BENIGN
88,876,9,4,630,2942,300,0,70.0,130.4223907157,1471,0,735.5,849.2822459779,4077625.57077626,14840.1826484018,73.0,209.199339474,734,1,876,109.5,281.3553929514,804,1,756,252.0,429.5497642881,748,3,0,0,0,0,204,104,10273.9726027397,4566.2100456621,0,1471,255.1428571429,525.9783349067,276653.208791209,0,0,0,1,0,0,0,0,0,274.7692307692,70.0,735.5,204,0,0,0,0,0,0,9,630,4,2942,8192,2053,7,20,0.0,0.0,0,0,0.0,0.0,0,0,BENIGN
88,1009,7,4,2748,2780,1365,0,392.5714285714,664.3005989116,1390,0,695.0,802.5168741736,5478691.7740337,10901.8830525273,100.9,248.1027788818,804,1,1009,168.1666666667,340.1925435201,861,1,864,288.0,492.7687084221,857,3,0,0,0,0,164,104,6937.5619425174,3964.3211100099,0,1390,460.6666666667,677.1727768428,458562.96969697,0,0,0,1,0,0,0,0,0,502.5454545455,392.5714285714,695.0,164,0,0,0,0,0,0,7,2748,4,2780,8192,2053,5,20,0.0,0.0,0,0,0.0,0.0,0,0,BENIGN
88,616,7,4,484,414,233,0,69.1428571429,111.9678950584,207,0,103.5,119.5115057223,1457792.20779221,17857.1428571429,61.6,119.0062556712,393,1,616,102.6666666667,180.4933978479,468,1,466,155.3333333333,262.9835229313,459,3,0,0,0,0,164,104,11363.6363636364,6493.5064935065,0,233,74.8333333333,107.5274454042,11562.1515151515,0,0,0,1,0,0,0,0,0,81.6363636364,69.1428571429,103.5,164,0,0,0,0,0,0,7,484,4,414,8192,2053,5,20,0.0,0.0,0,0,0.0,0.0,0,0,BENIGN
1045,5,1,1,6,6,6,6,6.0,0.0,6,6,6.0,0.0,2400000.0,400000.0,5.0,0.0,5,5,0,0.0,0.0,0,0,0,0.0,0.0,0,0,0,0,0,0,20,20,200000.0,200000.0,6,6,6.0,0.0,0.0,0,0,0,0,1,0,0,0,1,9.0,6.0,6.0,20,0,0,0,0,0,0,1,6,1,6,2053,255,0,20,0.0,0.0,0,0,0.0,0.0,0,0,BENIGN
88,946,9,4,654,3064,312,0,72.6666666667,135.7129323241,1532,0,766.0,884.5006123985,3930232.55813953,13742.0718816068,78.8333333333,193.222826307,689,1,946,118.25,248.5895929324,730,1,790,263.3333333333,449.1796225713,782,3,0,0,0,0,204,104,9513.7420718816,4228.3298097252,0,1532,265.5714285714,547.8293830811,300117.032967033,0,0,0,1,0,0,0,0,0,286.0,72.6666666667,766.0,204,0,0,0,0,0,0,9,654,4,3064,8192,2053,7,20,0.0,0.0,0,0,0.0,0.0,0,0,BENIGN
88,927,9,6,3160,3060,1565,0,351.1111111111,688.2149817543,1524,0,510.0,785.4456060097,6709816.61272923,16181.2297734628,66.2142857143,181.8355887022,694,2,927,115.875,277.9544862537,801,2,909,181.8,286.5225994577,694,47,0,0,0,0,204,144,9708.7378640777,6472.4919093851,0,1565,388.75,689.2425310924,475055.266666667,0,0,0,1,0,0,0,0,0,414.6666666667,351.1111111111,510.0,204,0,0,0,0,0,0,9,3160,6,3060,8192,2053,7,20,0.0,0.0,0,0,0.0,0.0,0,0,BENIGN
88,973,9,6,3112,3012,1541,0,345.7777777778,677.6320494519,1500,0,502.0,773.0521327828,6293936.27954779,15416.2384378212,69.5,190.5820033476,727,1,973,121.625,294.1277358564,843,1,893,178.6,309.713254479,727,3,0,0,0,0,204,144,9249.7430626927,6166.4953751285,0,1541,382.75,678.5107712238,460376.866666667,0,0,0,1,0,0,0,0,0,408.2666666667,345.7777777778,502.0,204,0,0,0,0,0,0,9,3112,6,3012,8192,2053,7,20,0.0,0.0,0,0,0.0,0.0,0,0,BENIGN
88,953,7,4,2814,2836,1398,0,402.0,680.4028218636,1418,0,709.0,818.6826817109,5928646.3798531,11542.4973767051,95.3,211.9827299045,692,1,953,158.8333333333,333.2052920748,837,2,854,284.6666666667,408.1866403171,756,49,0,0,0,0,164,104,7345.2256033578,4197.2717733473,0,1418,470.8333333333,692.1741548238,479105.060606061,0,0,0,1,0,0,0,0,0,513.6363636364,402.0,709.0,164,0,0,0,0,0,0,7,2814,4,2836,8192,2053,5,20,0.0,0.0,0,0,0.0,0.0,0,0,BENIGN
88,740,8,6,4948,270,2465,0,618.5,937.9019138481,129,0,45.0,65.1214250458,7051351.35135135,18918.9189189189,56.9230769231,123.69819558,459,0,740,105.7142857143,207.4196344657,550,0,694,138.8,186.7584000788,472,47,0,0,0,0,184,144,10810.8108108108,8108.1081081081,0,2465,347.8666666667,728.8025273073,531153.123809524,0,0,0,1,0,0,0,0,0,372.7142857143,618.5,45.0,184,0,0,0,0,0,0,8,4948,6,270,8192,2053,6,20,0.0,0.0,0,0,0.0,0.0,0,0,BENIGN
389,77033,13,11,4122,1038,1660,0,317.0769230769,600.6818988364,210,0,94.3636363636,89.6630054451,66984.279464645,311.5547882077,3349.2608695652,15550.7351717981,74678,2,77033,6419.4166666667,21541.9609534438,74816,2,76989,7698.9,23561.1363735095,74748,3,0,0,0,0,284,244,168.7588436125,142.7959445952,0,1660,206.4,444.8846292392,197922.333333333,0,0,0,1,0,0,0,0,0,215.0,317.0769230769,94.3636363636,284,0,0,0,0,0,0,13,4122,11,1038,8192,0,11,20,0.0,0.0,0,0,0.0,0.0,0,0,BENIGN
1051,46,1,1,6,6,6,6,6.0,0.0,6,6,6.0,0.0,260869.565217391,43478.2608695652,46.0,0.0,46,46,0,0.0,0.0,0,0,0,0.0,0.0,0,0,0,0,0,0,20,20,21739.1304347826,21739.1304347826,6,6,6.0,0.0,0.0,1,0,0,0,1,0,0,0,1,9.0,6.0,6.0,20,0,0,0,0,0,0,1,6,1,6,0,254,0,20,0.0,0.0,0,0,0.0,0.0,0,0,BENIGN
88,1112,9,7,3134,3054,1552,0,348.2222222222,682.4825598097,1518,0,436.2857142857,738.956406988,5564748.20143885,14388.4892086331,74.1333333333,207.4418564551,819,1,1112,139.0,298.7865936943,875,1,1058,176.3333333333,317.4798681281,819,3,0,0,0,0,204,164,8093.5251798561,6294.964028777,0,1552,364.0,669.6039874433,448369.5,0,0,0,1,0,0,0,0,0,386.75,348.2222222222,436.2857142857,204,0,0,0,0,0,0,9,3134,7,3054,8192,2053,7,20,0.0,0.0,0,0,0.0,0.0,0,0,BENIGN
88,655,7,4,2812,2820,1397,0,401.7142857143,679.9148756243,1410,0,705.0,814.0638795574,8598473.28244275,16793.893129771,65.5,91.5572073745,274,0,655,109.1666666667,172.4464167986,459,1,556,185.3333333333,186.0035841949,372,0,0,0,0,0,164,104,10687.0229007634,6106.8702290076,0,1410,469.3333333333,689.9433881036,476021.878787879,0,0,0,1,0,0,0,0,0,512.0,401.7142857143,705.0,164,0,0,0,0,0,0,7,2812,4,2820,8192,2053,5,20,0.0,0.0,0,0,0.0,0.0,0,0,BENIGN
80,40643,3,4,103,191,97,0,34.3333333333,54.3537793841,179,0,47.75,87.5457023503,7233.7179834166,172.2313805575,6773.8333333333,10209.4063963909,19958,3,20083,10041.5,14094.7594693915,20008,75,20685,6895.0,11413.0947599676,20069,3,0,0,0,0,72,92,73.8134488104,98.4179317472,0,179,36.75,66.282404474,4393.3571428572,0,0,0,1,0,0,0,0,1,42.0,34.3333333333,47.75,72,0,0,0,0,0,0,3,103,4,191,8192,913,2,20,0.0,0.0,0,0,0.0,0.0,0,0,BENIGN
80,4,2,0,12,0,6,6,6.0,0.0,0,0,0.0,0.0,3000000.0,500000.0,4.0,0.0,4,4,4,4.0,0.0,4,4,0,0.0,0.0,0,0,0,0,0,0,40,0,500000.0,0.0,6,6,6.0,0.0,0.0,0,0,0,0,1,0,0,0,0,9.0,6.0,0.0,40,0,0,0,0,0,0,2,12,0,0,255,-1,1,20,0.0,0.0,0,0,0.0,0.0,0,0,BENIGN
49671,26361049,21,14,3720,2672,936,0,177.1428571429,268.1367721358,952,0,190.8571428571,324.9593719322,242.4789696343,1.3277165108,775324.970588235,4298075.29676741,25084797,1,26361049,1318052.45,5597543.47699389,25084797,1,1068197,82169.0,295756.819032123,1066507,2,0,0,0,0,444,304,0.7966299065,0.5310866043,0,952,177.5555555556,285.0932122702,81278.1396825397,0,0,0,1,0,0,0,0,0,182.6285714286,177.1428571429,190.8571428571,444,0,0,0,0,0,0,21,3720,14,2672,8192,2053,19,20,0.0,0.0,0,0,0.0,0.0,0,0,BENIGN
49671,52,1,2,6,12,6,6,6.0,0.0,6,6,6.0,0.0,346153.846153846,57692.3076923077,26.0,31.1126983722,48,4,0,0.0,0.0,0,0,4,4.0,0.0,4,4,0,0,0,0,20,40,19230.7692307692,38461.5384615385,6,6,6.0,0.0,0.0,0,0,0,0,1,1,0,0,2,8.0,6.0,6.0,20,0,0,0,0,0,0,1,6,2,12,251,2053,0,20,0.0,0.0,0,0,0.0,0.0,0,0,BENIGN
88,1067,9,6,3084,2984,1527,0,342.6666666667,671.4586733374,1486,0,497.3333333333,765.822607832,5686972.82099344,14058.106841612,76.2142857143,204.8084202639,782,1,1067,133.375,311.1967395624,901,1,998,199.6,331.0080059455,782,1,0,0,0,0,204,144,8434.8641049672,5623.2427366448,0,1527,379.25,672.2505981155,451920.866666667,0,0,0,1,0,0,0,0,0,404.5333333333,342.6666666667,497.3333333333,204,0,0,0,0,0,0,9,3084,6,2984,8192,2053,7,20,0.0,0.0,0,0,0.0,0.0,0,0,BENIGN
389,3536,13,11,4094,1038,1646,0,314.9230769231,595.4657087158,210,0,94.3636363636,89.6630054451,1451357.46606335,6787.3303167421,153.7391304348,318.3389013716,1210,1,3536,294.6666666667,468.5283213198,1348,1,3497,349.7,468.6436812761,1276,3,0,0,0,0,284,244,3676.4705882353,3110.8597285068,0,1646,205.28,441.0732667785,194545.626666667,0,0,0,1,0,0,0,0,0,213.8333333333,314.9230769231,94.3636363636,284,0,0,0,0,0,0,13,4094,11,1038,8192,0,11,20,0.0,0.0,0,0,0.0,0.0,0,0,BENIGN
389,519267,15,10,4844,3982,1660,0,322.9333333333,568.0938638071,1268,0,398.2,498.0389989192,16997.0362068069,48.1447887118,21636.125,74227.6833927428,315131,3,519267,37090.5,95598.2967411433,315131,3,7445,827.2222222222,1361.8992049504,3835,3,0,0,0,0,324,224,28.8868732271,19.2579154847,0,1660,339.4615384615,525.5263442127,276177.938461539,0,0,0,1,0,0,0,0,0,353.04,322.9333333333,398.2,324,0,0,0,0,0,0,15,4844,10,3982,8192,2050,13,20,0.0,0.0,0,0,0.0,0.0,0,0,BENIGN
1059,46,2,1,12,6,6,6,6.0,0.0,6,6,6.0,0.0,391304.347826087,65217.3913043478,23.0,26.8700576851,42,4,4,4.0,0.0,4,4,0,0.0,0.0,0,0,0,0,0,0,40,20,43478.2608695652,21739.1304347826,6,6,6.0,0.0,0.0,1,0,0,0,1,0,0,0,0,8.0,6.0,6.0,40,0,0,0,0,0,0,2,12,1,6,0,256,1,20,0.0,0.0,0,0,0.0,0.0,0,0,BENIGN
139,13230245,23,20,1976,2238,228,0,85.9130434783,67.3436998764,414,0,111.9,126.0989168951,318.5126201367,3.2501287769,315005.833333333,2009537.6111586,13026743,3,13230245,601374.772727273,2775567.42371029,13026743,3,13229879,696309.421052632,3034079.56981338,13225490,3,0,0,0,0,484,424,1.7384409737,1.5116878032,0,414,95.7727272727,98.6539320487,9732.5983086681,0,0,0,1,0,0,0,0,0,98.0,85.9130434783,111.9,484,0,0,0,0,0,0,23,1976,20,2238,8192,2050,21,20,202580.0,0.0,202580,202580,13026743.0,0.0,13026743,13026743,BENIGN
139,55,1,1,6,6,6,6,6.0,0.0,6,6,6.0,0.0,218181.818181818,36363.6363636364,55.0,0.0,55,55,0,0.0,0.0,0,0,0,0.0,0.0,0,0,0,0,0,0,20,20,18181.8181818182,18181.8181818182,6,6,6.0,0.0,0.0,0,0,0,0,1,1,0,0,1,9.0,6.0,6.0,20,0,0,0,0,0,0,1,6,1,6,252,2050,0,20,0.0,0.0,0,0,0.0,0.0,0,0,BENIGN
389,464,10,4,165,326,79,0,16.5,33.0126238481,163,0,81.5,94.1080938779,1058189.65517241,30172.4137931034,35.6923076923,28.0189953882,101,0,464,51.5555555556,53.0120531368,163,0,320,106.6666666667,100.74886269,223,48,0,0,0,0,336,144,21551.724137931,8620.6896551724,0,163,32.7333333333,59.5200646441,3542.6380952381,0,0,0,1,0,0,0,0,0,35.0714285714,16.5,81.5,336,0,0,0,0,0,0,10,165,4,326,29200,2081,3,32,0.0,0.0,0,0,0.0,0.0,0,0,BENIGN
389,1,2,0,7,0,7,0,3.5,4.9497474683,0,0,0.0,0.0,7000000.0,2000000.0,1.0,0.0,1,1,1,1.0,0.0,1,1,0,0.0,0.0,0,0,1,0,0,0,64,0,2000000.0,0.0,0,7,4.6666666667,4.0414518843,16.3333333333,0,1,0,0,1,0,0,0,0,7.0,3.5,0.0,64,0,0,0,0,0,0,2,7,0,0,237,-1,0,32,0.0,0.0,0,0,0.0,0.0,0,0,BENIGN
88,1175,9,6,3110,3108,1555,0,345.5555555556,685.6905481176,1554,0,518.0,802.4821493342,5291914.89361702,12765.9574468085,83.9285714286,219.1801030715,842,1,1175,146.875,307.7148204333,906,1,1036,207.2,358.9633686047,842,4,0,0,0,0,304,208,7659.5744680851,5106.3829787234,0,1555,388.625,695.193582153,483294.116666667,0,0,0,1,0,0,0,0,0,414.5333333333,345.5555555556,518.0,304,0,0,0,0,0,0,9,3110,6,3108,29200,2081,2,32,0.0,0.0,0,0,0.0,0.0,0,0,BENIGN
389,77216,19,11,3412,6654,1293,0,179.5789473684,400.3188057022,3069,0,604.9090909091,1009.0265065444,130361.583091587,388.5205138831,2662.6206896552,13971.622595752,75306,1,77216,4289.7777777778,17724.0083919277,75306,1,76926,7692.6,23970.0937336507,75912,1,0,0,0,0,624,368,246.062992126,142.4575217571,0,3069,324.7096774194,693.6665478239,481173.279569892,0,0,0,1,0,0,0,0,0,335.5333333333,179.5789473684,604.9090909091,624,0,0,0,0,0,0,19,3412,11,6654,29200,2076,10,32,0.0,0.0,0,0,0.0,0.0,0,0,BENIGN
88,1053,9,6,3110,3108,1555,0,345.5555555556,685.6905481176,1554,0,518.0,802.4821493342,5905033.23836657,14245.0142450142,75.2142857143,204.3715238976,782,1,1053,131.625,318.1257332296,916,1,995,199.0,328.0891647098,782,5,0,0,0,0,304,208,8547.0085470086,5698.0056980057,0,1555,388.625,695.193582153,483294.116666667,0,0,0,1,0,0,0,0,0,414.5333333333,345.5555555556,518.0,304,0,0,0,0,0,0,9,3110,6,3108,29200,2081,2,32,0.0,0.0,0,0,0.0,0.0,0,0,BENIGN
389,436,10,4,165,326,79,0,16.5,33.0126238481,163,0,81.5,94.1080938779,1126146.78899083,32110.0917431193,33.5384615385,25.7960442207,87,1,436,48.4444444444,47.5975606284,148,1,302,100.6666666667,91.221342532,206,48,0,0,0,0,336,144,22935.7798165138,9174.3119266055,0,163,32.7333333333,59.5200646441,3542.6380952381,0,0,0,1,0,0,0,0,0,35.0714285714,16.5,81.5,336,0,0,0,0,0,0,10,165,4,326,29200,2081,3,32,0.0,0.0,0,0,0.0,0.0,0,0,BENIGN
88,1172,9,6,3110,3108,1555,0,345.5555555556,685.6905481176,1554,0,518.0,802.4821493342,5305460.75085324,12798.6348122867,83.7142857143,220.3460315648,846,1,1172,146.5,310.5469828728,913,1,1046,209.2,360.5436173336,846,3,0,0,0,0,304,208,7679.180887372,5119.4539249147,0,1555,388.625,695.193582153,483294.116666667,0,0,0,1,0,0,0,0,0,414.5333333333,345.5555555556,518.0,304,0,0,0,0,0,0,9,3110,6,3108,29200,2081,2,32,0.0,0.0,0,0,0.0,0.0,0,0,BENIGN
135,56361247,23,12,1730,1784,168,0,75.2173913043,81.8151778105,268,0,148.6666666667,84.8842348928,62.3478043344,0.6209940671,1657683.73529412,5134992.09210688,21449915,1,56361247,2561874.86363636,6245713.99210035,21449915,1,34693536,3153957.81818182,6385923.39386701,20331895,3,0,0,0,0,484,264,0.4080818155,0.2129122516,0,268,97.6111111111,89.2608625731,7967.5015873016,0,0,0,1,0,0,0,0,0,100.4,75.2173913043,148.6666666667,484,0,0,0,0,0,0,23,1730,12,1784,8192,2050,21,20,204149.0,5830.5127561819,210844,200187,11360298.3333333,7620304.56480083,20131476,6367360,BENIGN
135,73,1,1,6,6,6,6,6.0,0.0,6,6,6.0,0.0,164383.561643836,27397.2602739726,73.0,0.0,73,73,0,0.0,0.0,0,0,0,0.0,0.0,0,0,0,0,0,0,20,20,13698.6301369863,13698.6301369863,6,6,6.0,0.0,0.0,0,0,0,0,1,1,0,0,1,9.0,6.0,6.0,20,0,0,0,0,0,0,1,6,1,6,253,2050,0,20,0.0,0.0,0,0,0.0,0.0,0,0,BENIGN
389,512,11,4,172,326,79,0,15.6363636364,31.4492375973,163,0,81.5,94.1080938779,972656.25,29296.875,36.5714285714,29.0429768704,80,1,512,51.2,43.425031184,127,1,284,94.6666666667,158.7744731792,278,2,0,0,0,0,368,144,21484.375,7812.5,0,163,31.125,57.8606083618,3347.85,0,0,0,1,0,0,0,0,0,33.2,15.6363636364,81.5,368,0,0,0,0,0,0,11,172,4,326,29200,2081,4,32,0.0,0.0,0,0,0.0,0.0,0,0,BENIGN
88,1100,10,6,3150,3152,1575,0,315.0,632.5616351173,1576,0,525.3333333333,813.8429004831,5729090.90909091,14545.4545454545,73.3333333333,220.3090902303,867,1,1100,122.2222222222,301.0962378451,922,1,1026,205.2,375.29881428,867,1,0,0,0,0,336,208,9090.9090909091,5454.5454545455,0,1576,370.7058823529,671.9757031234,451551.345588235,0,0,0,1,0,0,0,0,0,393.875,315.0,525.3333333333,336,0,0,0,0,0,0,10,3150,6,3152,29200,2081,3,32,0.0,0.0,0,0,0.0,0.0,0,0,BENIGN
389,15745,17,13,3452,6666,1313,0,203.0588235294,425.7784738846,3069,0,512.7692307692,948.1720267481,642616.703715465,1905.3667831058,542.9310344828,2557.7469707738,13828,1,15745,984.0625,3431.5068695594,13828,1,15655,1304.5833333333,4144.9507170737,14460,1,0,0,0,0,560,408,1079.7078437599,825.6589393458,0,3069,326.3870967742,695.3573027549,483521.778494624,0,0,0,1,0,0,0,0,0,337.2666666667,203.0588235294,512.7692307692,560,0,0,0,0,0,0,17,3452,13,6666,29200,0,10,32,0.0,0.0,0,0,0.0,0.0,0,0,BENIGN
88,1135,9,6,3150,3150,1575,0,350.0,694.5097191545,1575,0,525.0,813.3265027036,5550660.79295154,13215.859030837,81.0714285714,226.6109727419,864,1,1135,141.875,324.6256910439,942,3,1049,209.8,373.4216115867,864,1,0,0,0,0,304,208,7929.5154185022,5286.3436123348,0,1575,393.75,704.3614129124,496125.0,0,0,0,1,0,0,0,0,0,420.0,350.0,525.0,304,0,0,0,0,0,0,9,3150,6,3150,29200,2081,2,32,0.0,0.0,0,0,0.0,0.0,0,0,BENIGN
389,425,10,4,165,326,79,0,16.5,33.0126238481,163,0,81.5,94.1080938779,1155294.11764706,32941.1764705882,32.6923076923,25.1375702067,78,1,425,47.2222222222,44.971595974,140,1,262,87.3333333333,109.4364351271,211,3,0,0,0,0,336,144,23529.4117647059,9411.7647058824,0,163,32.7333333333,59.5200646441,3542.6380952381,0,0,0,1,0,0,0,0,0,35.0714285714,16.5,81.5,336,0,0,0,0,0,0,10,165,4,326,29200,2081,3,32,0.0,0.0,0,0,0.0,0.0,0,0,BENIGN
88,1122,10,6,3150,3152,1575,0,315.0,632.5616351173,1576,0,525.3333333333,813.8429004831,5616755.79322638,14260.2495543672,74.8,212.5283846589,839,1,1122,124.6666666667,281.8731984421,872,1,996,199.2,363.0305772246,839,2,0,0,0,0,336,208,8912.6559714795,5347.5935828877,0,1576,370.7058823529,671.9757031234,451551.345588235,0,0,0,1,0,0,0,0,0,393.875,315.0,525.3333333333,336,0,0,0,0,0,0,10,3150,6,3152,29200,2081,3,32,0.0,0.0,0,0,0.0,0.0,0,0,BENIGN
389,625,11,4,172,326,79,0,15.6363636364,31.4492375973,163,0,81.5,94.1080938779,796800.0,24000.0,44.6428571429,36.1973376472,128,1,625,62.5,44.8955578104,128,1,369,123.0,207.8460969083,363,3,0,0,0,0,368,144,17600.0,6400.0,0,163,31.125,57.8606083618,3347.85,0,0,0,1,0,0,0,0,0,33.2,15.6363636364,81.5,368,0,0,0,0,0,0,11,172,4,326,29200,2081,4,32,0.0,0.0,0,0,0.0,0.0,0,0,BENIGN
88,1155,9,6,3226,3232,1613,0,358.4444444444,711.2661441245,1616,0,538.6666666667,834.4988116628,5591341.99134199,12987.012987013,82.5,196.3093124481,761,1,1155,144.375,302.6072124058,891,1,1039,207.8,311.5520823233,761,47,0,0,0,0,304,208,7792.2077922078,5194.8051948052,0,1616,403.625,722.0267654319,521322.65,0,0,0,1,0,0,0,0,0,430.5333333333,358.4444444444,538.6666666667,304,0,0,0,0,0,0,9,3226,6,3232,29200,2081,2,32,0.0,0.0,0,0,0.0,0.0,0,0,BENIGN
389,457,11,4,172,326,79,0,15.6363636364,31.4492375973,163,0,81.5,94.1080938779,1089715.53610503,32822.7571115974,32.6428571429,25.2757321825,82,1,457,45.7,34.4965376685,92,1,296,98.6666666667,128.7102689506,245,3,0,0,0,0,368,144,24070.0218818381,8752.7352297593,0,163,31.125,57.8606083618,3347.85,0,0,0,1,0,0,0,0,0,33.2,15.6363636364,81.5,368,0,0,0,0,0,0,11,172,4,326,29200,2081,4,32,0.0,0.0,0,0,0.0,0.0,0,0,BENIGN
88,1175,9,6,3226,3232,1613,0,358.4444444444,711.2661441245,1616,0,538.6666666667,834.4988116628,5496170.21276596,12765.9574468085,83.9285714286,210.5901832345,811,-1,1175,146.875,309.2301211996,910,1,1042,208.4,344.2249264652,811,3,0,0,0,0,304,208,7659.5744680851,5106.3829787234,0,1616,403.625,722.0267654319,521322.65,0,0,0,1,0,0,0,0,0,430.5333333333,358.4444444444,538.6666666667,304,0,0,0,0,0,0,9,3226,6,3232,29200,260,2,32,0.0,0.0,0,0,0.0,0.0,0,0,BENIGN
88,54462,11,6,2868,2790,1430,0,260.7272727273,578.1060613606,1395,0,465.0,720.3749023946,103888.950093643,312.1442473651,3403.875,13290.2559136384,53238,1,54462,5446.2,16833.5966500857,53349,1,54394,10878.8,23736.9511774364,53336,1,0,0,0,0,368,208,201.9756894716,110.1685578936,0,1430,314.3333333333,604.0736223148,364904.941176471,0,0,0,1,0,0,0,0,0,332.8235294118,260.7272727273,465.0,368,0,0,0,0,0,0,11,2868,6,2790,29200,2075,4,32,0.0,0.0,0,0,0.0,0.0,0,0,BENIGN
88,61588,11,6,2866,2676,1429,0,260.5454545455,577.7015429504,1338,0,446.0,690.9402289634,89985.0620250698,276.0277976229,3849.25,15210.0079443328,60886,0,61588,6158.8,19254.3124854898,60956,0,61569,12313.8,27208.499181322,60985,1,0,0,0,0,368,208,178.6062219913,97.4215756316,0,1429,307.8888888889,592.0195633581,350487.163398693,0,0,0,1,0,0,0,0,0,326.0,260.5454545455,446.0,368,0,0,0,0,0,0,11,2866,6,2676,29200,2075,4,32,0.0,0.0,0,0,0.0,0.0,0,0,BENIGN
389,285298,22,12,5970,1138,2804,0,271.3636363636,696.7888622924,212,0,94.8333333333,79.7915845794,24914.3001352971,119.1736359876,8645.3939393939,42597.3527602797,242731,1,285298,13585.619047619,53230.6939889724,242731,1,284295,25845.0,85287.1702825226,282995,3,0,0,0,0,720,400,77.1123526979,42.0612832898,0,2804,203.0857142857,557.0476466805,310302.080672269,0,0,0,1,0,0,0,0,0,209.0588235294,271.3636363636,94.8333333333,720,0,0,0,0,0,0,22,5970,12,1138,29200,2081,11,32,0.0,0.0,0,0,0.0,0.0,0,0,BENIGN
49666,66026109,39,34,12254,6204,1793,0,314.2051282051,495.9273705041,348,0,182.4705882353,120.9262824013,279.5560768241,1.1056232316,917029.291666667,6148586.25620546,51448528,1,66026109,1737529.18421053,8430941.98006212,51448528,3,14360860,435177.575757576,1743332.60992949,7778632,3,0,0,0,0,804,704,0.5906754251,0.5149478065,0,1793,249.4324324324,373.9227112683,139818.194002221,0,0,0,1,0,0,0,0,0,252.8493150685,314.2051282051,182.4705882353,804,0,0,0,0,0,0,39,12254,34,6204,8192,2053,37,20,219753.5,8215.8736906065,225563,213944,6960254.5,857916.394157671,7566893,6353616,BENIGN
49666,71,1,1,6,6,6,6,6.0,0.0,6,6,6.0,0.0,169014.084507042,28169.014084507,71.0,0.0,71,71,0,0.0,0.0,0,0,0,0.0,0.0,0,0,0,0,0,0,20,20,14084.5070422535,14084.5070422535,6,6,6.0,0.0,0.0,0,0,0,0,1,1,0,0,1,9.0,6.0,6.0,20,0,0,0,0,0,0,1,6,1,6,251,2053,0,20,0.0,0.0,0,0,0.0,0.0,0,0,BENIGN
3268,59002797,17,11,3298,6654,1293,0,194.0,422.1230567027,3069,0,604.9090909091,1009.0265065444,168.6699700016,0.4745537741,2185288.77777778,11343836.8939817,58946457,1,59002797,3687674.8125,14735679.0387132,58946457,1,15124,1512.4,4428.9216946993,14112,3,0,0,0,0,560,368,0.2881219343,0.1864318398,0,3069,343.1724137931,714.1922544768,510070.57635468,0,0,0,1,0,0,0,0,0,355.4285714286,194.0,604.9090909091,560,0,0,0,0,0,0,17,3298,11,6654,29200,2076,8,32,0.0,0.0,0,0,0.0,0.0,0,0,BENIGN
88,1151,9,6,3110,3108,1555,0,345.5555555556,685.6905481176,1554,0,518.0,802.4821493342,5402258.90529974,13032.1459600348,82.2142857143,212.7505504183,818,1,1151,143.875,344.0753395489,991,1,1087,217.4,337.4548858737,818,47,0,0,0,0,304,208,7819.2875760209,5212.8583840139,0,1555,388.625,695.193582153,483294.116666667,0,0,0,1,0,0,0,0,0,414.5333333333,345.5555555556,518.0,304,0,0,0,0,0,0,9,3110,6,3108,29200,2081,2,32,0.0,0.0,0,0,0.0,0.0,0,0,BENIGN
389,371,10,4,165,326,79,0,16.5,33.0126238481,163,0,81.5,94.1080938779,1323450.13477089,37735.8490566038,28.5384615385,21.0539599783,49,1,371,41.2222222222,34.726710821,100,1,219,73.0,84.3267454607,167,4,0,0,0,0,336,144,26954.1778975741,10781.6711590296,0,163,32.7333333333,59.5200646441,3542.6380952381,0,0,0,1,0,0,0,0,0,35.0714285714,16.5,81.5,336,0,0,0,0,0,0,10,165,4,326,29200,2081,3,32,0.0,0.0,0,0,0.0,0.0,0,0,BENIGN
88,1145,9,6,3108,3108,1554,0,345.3333333333,685.2495895657,1554,0,518.0,802.4821493342,5428820.96069869,13100.4366812227,81.7857142857,207.0630444952,798,1,1145,143.125,301.4163885487,887,1,1059,211.8,329.1081888984,798,47,0,0,0,0,304,208,7860.2620087336,5240.1746724891,0,1554,388.5,694.9699274069,482983.2,0,0,0,1,0,0,0,0,0,414.4,345.3333333333,518.0,304,0,0,0,0,0,0,9,3108,6,3108,29200,260,2,32,0.0,0.0,0,0,0.0,0.0,0,0,BENIGN
389,101567,21,12,5803,1138,2740,0,276.3333333333,695.9338570104,212,0,94.8333333333,79.7915845794,68339.125897191,324.9086809692,3173.96875,12306.1389099083,55595,1,101567,5078.35,15414.117036955,55595,1,100772,9161.0909090909,30011.4748736364,99648,4,0,0,0,0,688,400,206.7600697077,118.1486112615,0,2740,204.1470588235,551.8841079678,304576.068627451,0,0,0,1,0,0,0,0,0,210.3333333333,276.3333333333,94.8333333333,688,0,0,0,0,0,0,21,5803,12,1138,29200,2081,10,32,0.0,0.0,0,0,0.0,0.0,0,0,BENIGN
389,1,2,0,39,0,39,0,19.5,27.5771644663,0,0,0.0,0.0,39000000.0,2000000.0,1.0,0.0,1,1,1,1.0,0.0,1,1,0,0.0,0.0,0,0,1,0,0,0,64,0,2000000.0,0.0,0,39,26.0,22.5166604984,507.0,0,1,0,0,1,0,0,0,0,39.0,19.5,0.0,64,0,0,0,0,0,0,2,39,0,0,245,-1,0,32,0.0,0.0,0,0,0.0,0.0,0,0,BENIGN
0,119719148,231,0,0,0,0,0,0.0,0.0,0,0,0.0,0.0,0.0,1.9295159033,520518.034782609,2274525.81043689,20694308,0,119719148,520518.034782609,2274525.81043689,20694308,0,0,0.0,0.0,0,0,0,0,0,0,0,0,1.9295159033,0.0,0,0,0.0,0.0,0.0,0,0,0,0,0,0,0,0,0,0.0,0.0,0.0,0,0,0,0,0,0,0,231,0,0,0,-1,-1,0,0,8721243.6,8761761.25805679,22509459,17,12685486.0,5296658.09642238,20694308,6499982,BENIGN
49478,8,7,0,192,0,31,6,27.4285714286,9.4491118252,0,0,0.0,0.0,24000000.0,875000.0,1.3333333333,1.3662601021,4,0,8,1.3333333333,1.3662601021,4,0,0,0.0,0.0,0,0,1,0,0,0,140,0,875000.0,0.0,6,31,27.875,8.8388347648,78.125,0,1,0,0,1,0,0,0,0,31.8571428571,27.4285714286,0.0,140,0,0,0,0,0,0,7,192,0,0,1013,-1,6,20,0.0,0.0,0,0,0.0,0.0,0,0,BENIGN
49478,1,2,0,37,0,31,6,18.5,17.6776695297,0,0,0.0,0.0,37000000.0,2000000.0,1.0,0.0,1,1,1,1.0,0.0,1,1,0,0.0,0.0,0,0,1,0,0,0,40,0,2000000.0,0.0,6,31,22.6666666667,14.4337567297,208.3333333333,0,1,0,0,1,0,0,0,0,34.0,18.5,0.0,40,0,0,0,0,0,0,2,37,0,0,1013,-1,1,20,0.0,0.0,0,0,0.0,0.0,0,0,BENIGN
49478,1,2,0,12,0,6,6,6.0,0.0,0,0,0.0,0.0,12000000.0,2000000.0,1.0,0.0,1,1,1,1.0,0.0,1,1,0,0.0,0.0,0,0,0,0,0,0,40,0,2000000.0,0.0,6,6,6.0,0.0,0.0,0,0,0,0,1,1,0,0,0,9.0,6.0,0.0,40,0,0,0,0,0,0,2,12,0,0,1013,-1,1,20,0.0,0.0,0,0,0.0,0.0,0,0,BENIGN
49480,12,13,0,378,0,31,6,29.0769230769,6.9337524528,0,0,0.0,0.0,31500000.0,1083333.33333333,1.0,0.7385489459,3,0,12,1.0,0.7385489459,3,0,0,0.0,0.0,0,0,1,0,0,0,260,0,1083333.33333333,0.0,6,31,29.2142857143,6.6815310478,44.6428571429,0,1,0,0,1,0,0,0,0,31.4615384615,29.0769230769,0.0,260,0,0,0,0,0,0,13,378,0,0,1013,-1,12,20,0.0,0.0,0,0,0.0,0.0,0,0,BENIGN
49480,1,2,0,12,0,6,6,6.0,0.0,0,0,0.0,0.0,12000000.0,2000000.0,1.0,0.0,1,1,1,1.0,0.0,1,1,0,0.0,0.0,0,0,0,0,0,0,40,0,2000000.0,0.0,6,6,6.0,0.0,0.0,0,0,0,0,1,1,0,0,0,9.0,6.0,0.0,40,0,0,0,0,0,0,2,12,0,0,1013,-1,1,20,0.0,0.0,0,0,0.0,0.0,0,0,BENIGN
49488,4,2,0,12,0,6,6,6.0,0.0,0,0,0.0,0.0,3000000.0,500000.0,4.0,0.0,4,4,4,4.0,0.0,4,4,0,0.0,0.0,0,0,0,0,0,0,40,0,500000.0,0.0,6,6,6.0,0.0,0.0,0,0,0,0,1,1,0,0,0,9.0,6.0,0.0,40,0,0,0,0,0,0,2,12,0,0,913,-1,1,20,0.0,0.0,0,0,0.0,0.0,0,0,BENIGN
49488,1,2,0,12,0,6,6,6.0,0.0,0,0,0.0,0.0,12000000.0,2000000.0,1.0,0.0,1,1,1,1.0,0.0,1,1,0,0.0,0.0,0,0,0,0,0,0,40,0,2000000.0,0.0,6,6,6.0,0.0,0.0,0,0,0,0,1,1,0,0,0,9.0,6.0,0.0,40,0,0,0,0,0,0,2,12,0,0,913,-1,1,20,0.0,0.0,0,0,0.0,0.0,0,0,BENIGN
49488,3,2,0,12,0,6,6,6.0,0.0,0,0,0.0,0.0,4000000.0,666666.666666667,3.0,0.0,3,3,3,3.0,0.0,3,3,0,0.0,0.0,0,0,0,0,0,0,40,0,666666.666666667,0.0,6,6,6.0,0.0,0.0,0,0,0,0,1,1,0,0,0,9.0,6.0,0.0,40,0,0,0,0,0,0,2,12,0,0,913,-1,1,20,0.0,0.0,0,0,0.0,0.0,0,0,BENIGN
1149,29,1,1,2,6,2,2,2.0,0.0,6,6,6.0,0.0,275862.069,68965.51724,29.0,0.0,29,29,0,0.0,0.0,0,0,0,0.0,0.0,0,0,0,0,0,0,24,20,34482.75862,34482.75862,2,6,3.333333333,2.309401077,5.333333333,0,0,0,1,0,0,0,0,1,5.0,2.0,6.0,24,0,0,0,0,0,0,1,2,1,6,1024,0,0,24,0.0,0.0,0,0,0.0,0.0,0,0,PortScan
3784,37,1,1,2,6,2,2,2.0,0.0,6,6,6.0,0.0,216216.2162,54054.05405,37.0,0.0,37,37,0,0.0,0.0,0,0,0,0.0,0.0,0,0,0,0,0,0,24,20,27027.02703,27027.02703,2,6,3.333333333,2.309401077,5.333333333,0,0,0,1,0,0,0,0,1,5.0,2.0,6.0,24,0,0,0,0,0,0,1,2,1,6,1024,0,0,24,0.0,0.0,0,0,0.0,0.0,0,0,PortScan
616,50,1,1,2,6,2,2,2.0,0.0,6,6,6.0,0.0,160000.0,40000.0,50.0,0.0,50,50,0,0.0,0.0,0,0,0,0.0,0.0,0,0,0,0,0,0,24,20,20000.0,20000.0,2,6,3.333333333,2.309401077,5.333333333,0,0,0,1,0,0,0,0,1,5.0,2.0,6.0,24,0,0,0,0,0,0,1,2,1,6,1024,0,0,24,0.0,0.0,0,0,0.0,0.0,0,0,PortScan
1001,62,1,1,2,6,2,2,2.0,0.0,6,6,6.0,0.0,129032.2581,32258.06452,62.0,0.0,62,62,0,0.0,0.0,0,0,0,0.0,0.0,0,0,0,0,0,0,24,20,16129.03226,16129.03226,2,6,3.333333333,2.309401077,5.333333333,0,0,0,1,0,0,0,0,1,5.0,2.0,6.0,24,0,0,0,0,0,0,1,2,1,6,1024,0,0,24,0.0,0.0,0,0,0.0,0.0,0,0,PortScan
1147,43,1,1,2,6,2,2,2.0,0.0,6,6,6.0,0.0,186046.5116,46511.62791,43.0,0.0,43,43,0,0.0,0.0,0,0,0,0.0,0.0,0,0,0,0,0,0,24,20,23255.81395,23255.81395,2,6,3.333333333,2.309401077,5.333333333,0,0,0,1,0,0,0,0,1,5.0,2.0,6.0,24,0,0,0,0,0,0,1,2,1,6,1024,0,0,24,0.0,0.0,0,0,0.0,0.0,0,0,PortScan
1000,39,1,1,2,6,2,2,2.0,0.0,6,6,6.0,0.0,205128.2051,51282.05128,39.0,0.0,39,39,0,0.0,0.0,0,0,0,0.0,0.0,0,0,0,0,0,0,24,20,25641.02564,25641.02564,2,6,3.333333333,2.309401077,5.333333333,0,0,0,1,0,0,0,0,1,5.0,2.0,6.0,24,0,0,0,0,0,0,1,2,1,6,1024,0,0,24,0.0,0.0,0,0,0.0,0.0,0,0,PortScan
54328,21,1,1,2,6,2,2,2.0,0.0,6,6,6.0,0.0,380952.381,95238.09524,21.0,0.0,21,21,0,0.0,0.0,0,0,0,0.0,0.0,0,0,0,0,0,0,24,20,47619.04762,47619.04762,2,6,3.333333333,2.309401077,5.333333333,0,0,0,1,0,0,0,0,1,5.0,2.0,6.0,24,0,0,0,0,0,0,1,2,1,6,1024,0,0,24,0.0,0.0,0,0,0.0,0.0,0,0,PortScan
44176,61,1,1,2,6,2,2,2.0,0.0,6,6,6.0,0.0,131147.541,32786.88525,61.0,0.0,61,61,0,0.0,0.0,0,0,0,0.0,0.0,0,0,0,0,0,0,24,20,16393.44262,16393.44262,2,6,3.333333333,2.309401077,5.333333333,0,0,0,1,0,0,0,0,1,5.0,2.0,6.0,24,0,0,0,0,0,0,1,2,1,6,1024,0,0,24,0.0,0.0,0,0,0.0,0.0,0,0,PortScan
3527,19,1,1,2,6,2,2,2.0,0.0,6,6,6.0,0.0,421052.6316,105263.1579,19.0,0.0,19,19,0,0.0,0.0,0,0,0,0.0,0.0,0,0,0,0,0,0,24,20,52631.57895,52631.57895,2,6,3.333333333,2.309401077,5.333333333,0,0,0,1,0,0,0,0,1,5.0,2.0,6.0,24,0,0,0,0,0,0,1,2,1,6,1024,0,0,24,0.0,0.0,0,0,0.0,0.0,0,0,PortScan
787,63,1,1,2,6,2,2,2.0,0.0,6,6,6.0,0.0,126984.127,31746.03175,63.0,0.0,63,63,0,0.0,0.0,0,0,0,0.0,0.0,0,0,0,0,0,0,24,20,15873.01587,15873.01587,2,6,3.333333333,2.309401077,5.333333333,0,0,0,1,0,0,0,0,1,5.0,2.0,6.0,24,0,0,0,0,0,0,1,2,1,6,1024,0,0,24,0.0,0.0,0,0,0.0,0.0,0,0,PortScan
1812,37,1,1,2,6,2,2,2.0,0.0,6,6,6.0,0.0,216216.2162,54054.05405,37.0,0.0,37,37,0,0.0,0.0,0,0,0,0.0,0.0,0,0,0,0,0,0,24,20,27027.02703,27027.02703,2,6,3.333333333,2.309401077,5.333333333,0,0,0,1,0,0,0,0,1,5.0,2.0,6.0,24,0,0,0,0,0,0,1,2,1,6,1024,0,0,24,0.0,0.0,0,0,0.0,0.0,0,0,PortScan
783,15,1,1,2,6,2,2,2.0,0.0,6,6,6.0,0.0,533333.3333,133333.3333,15.0,0.0,15,15,0,0.0,0.0,0,0,0,0.0,0.0,0,0,0,0,0,0,24,20,66666.66667,66666.66667,2,6,3.333333333,2.309401077,5.333333333,0,0,0,1,0,0,0,0,1,5.0,2.0,6.0,24,0,0,0,0,0,0,1,2,1,6,1024,0,0,24,0.0,0.0,0,0,0.0,0.0,0,0,PortScan
4848,42,1,1,2,6,2,2,2.0,0.0,6,6,6.0,0.0,190476.1905,47619.04762,42.0,0.0,42,42,0,0.0,0.0,0,0,0,0.0,0.0,0,0,0,0,0,0,24,20,23809.52381,23809.52381,2,6,3.333333333,2.309401077,5.333333333,0,0,0,1,0,0,0,0,1,5.0,2.0,6.0,24,0,0,0,0,0,0,1,2,1,6,1024,0,0,24,0.0,0.0,0,0,0.0,0.0,0,0,PortScan
9595,43,1,1,2,6,2,2,2.0,0.0,6,6,6.0,0.0,186046.5116,46511.62791,43.0,0.0,43,43,0,0.0,0.0,0,0,0,0.0,0.0,0,0,0,0,0,0,24,20,23255.81395,23255.81395,2,6,3.333333333,2.309401077,5.333333333,0,0,0,1,0,0,0,0,1,5.0,2.0,6.0,24,0,0,0,0,0,0,1,2,1,6,1024,0,0,24,0.0,0.0,0,0,0.0,0.0,0,0,PortScan
1174,43,1,1,2,6,2,2,2.0,0.0,6,6,6.0,0.0,186046.5116,46511.62791,43.0,0.0,43,43,0,0.0,0.0,0,0,0,0.0,0.0,0,0,0,0,0,0,24,20,23255.81395,23255.81395,2,6,3.333333333,2.309401077,5.333333333,0,0,0,1,0,0,0,0,1,5.0,2.0,6.0,24,0,0,0,0,0,0,1,2,1,6,1024,0,0,24,0.0,0.0,0,0,0.0,0.0,0,0,PortScan
2492,43,1,1,2,6,2,2,2.0,0.0,6,6,6.0,0.0,186046.5116,46511.62791,43.0,0.0,43,43,0,0.0,0.0,0,0,0,0.0,0.0,0,0,0,0,0,0,24,20,23255.81395,23255.81395,2,6,3.333333333,2.309401077,5.333333333,0,0,0,1,0,0,0,0,1,5.0,2.0,6.0,24,0,0,0,0,0,0,1,2,1,6,1024,0,0,24,0.0,0.0,0,0,0.0,0.0,0,0,PortScan
1175,75,1,1,2,6,2,2,2.0,0.0,6,6,6.0,0.0,106666.6667,26666.66667,75.0,0.0,75,75,0,0.0,0.0,0,0,0,0.0,0.0,0,0,0,0,0,0,24,20,13333.33333,13333.33333,2,6,3.333333333,2.309401077,5.333333333,0,0,0,1,0,0,0,0,1,5.0,2.0,6.0,24,0,0,0,0,0,0,1,2,1,6,1024,0,0,24,0.0,0.0,0,0,0.0,0.0,0,0,PortScan
9593,35,1,1,2,6,2,2,2.0,0.0,6,6,6.0,0.0,228571.4286,57142.85714,35.0,0.0,35,35,0,0.0,0.0,0,0,0,0.0,0.0,0,0,0,0,0,0,24,20,28571.42857,28571.42857,2,6,3.333333333,2.309401077,5.333333333,0,0,0,1,0,0,0,0,1,5.0,2.0,6.0,24,0,0,0,0,0,0,1,2,1,6,1024,0,0,24,0.0,0.0,0,0,0.0,0.0,0,0,PortScan
648,57,1,1,2,6,2,2,2.0,0.0,6,6,6.0,0.0,140350.8772,35087.7193,57.0,0.0,57,57,0,0.0,0.0,0,0,0,0.0,0.0,0,0,0,0,0,0,24,20,17543.85965,17543.85965,2,6,3.333333333,2.309401077,5.333333333,0,0,0,1,0,0,0,0,1,5.0,2.0,6.0,24,0,0,0,0,0,0,1,2,1,6,1024,0,0,24,0.0,0.0,0,0,0.0,0.0,0,0,PortScan
9594,82,1,1,2,6,2,2,2.0,0.0,6,6,6.0,0.0,97560.97561,24390.2439,82.0,0.0,82,82,0,0.0,0.0,0,0,0,0.0,0.0,0,0,0,0,0,0,24,20,12195.12195,12195.12195,2,6,3.333333333,2.309401077,5.333333333,0,0,0,1,0,0,0,0,1,5.0,2.0,6.0,24,0,0,0,0,0,0,1,2,1,6,1024,0,0,24,0.0,0.0,0,0,0.0,0.0,0,0,PortScan
1032,36,1,1,2,6,2,2,2.0,0.0,6,6,6.0,0.0,222222.2222,55555.55556,36.0,0.0,36,36,0,0.0,0.0,0,0,0,0.0,0.0,0,0,0,0,0,0,24,20,27777.77778,27777.77778,2,6,3.333333333,2.309401077,5.333333333,0,0,0,1,0,0,0,0,1,5.0,2.0,6.0,24,0,0,0,0,0,0,1,2,1,6,1024,0,0,24,0.0,0.0,0,0,0.0,0.0,0,0,PortScan
646,112,1,1,2,6,2,2,2.0,0.0,6,6,6.0,0.0,71428.57143,17857.14286,112.0,0.0,112,112,0,0.0,0.0,0,0,0,0.0,0.0,0,0,0,0,0,0,24,20,8928.571429,8928.571429,2,6,3.333333333,2.309401077,5.333333333,0,0,0,1,0,0,0,0,1,5.0,2.0,6.0,24,0,0,0,0,0,0,1,2,1,6,1024,0,0,24,0.0,0.0,0,0,0.0,0.0,0,0,PortScan
500,24,1,1,2,6,2,2,2.0,0.0,6,6,6.0,0.0,333333.3333,83333.33333,24.0,0.0,24,24,0,0.0,0.0,0,0,0,0.0,0.0,0,0,0,0,0,0,24,20,41666.66667,41666.66667,2,6,3.333333333,2.309401077,5.333333333,0,0,0,1,0,0,0,0,1,5.0,2.0,6.0,24,0,0,0,0,0,0,1,2,1,6,1024,0,0,24,0.0,0.0,0,0,0.0,0.0,0,0,PortScan
1033,54,1,1,2,6,2,2,2.0,0.0,6,6,6.0,0.0,148148.1481,37037.03704,54.0,0.0,54,54,0,0.0,0.0,0,0,0,0.0,0.0,0,0,0,0,0,0,24,20,18518.51852,18518.51852,2,6,3.333333333,2.309401077,5.333333333,0,0,0,1,0,0,0,0,1,5.0,2.0,6.0,24,0,0,0,0,0,0,1,2,1,6,1024,0,0,24,0.0,0.0,0,0,0.0,0.0,0,0,PortScan
1030,42,1,1,2,6,2,2,2.0,0.0,6,6,6.0,0.0,190476.1905,47619.04762,42.0,0.0,42,42,0,0.0,0.0,0,0,0,0.0,0.0,0,0,0,0,0,0,24,20,23809.52381,23809.52381,2,6,3.333333333,2.309401077,5.333333333,0,0,0,1,0,0,0,0,1,5.0,2.0,6.0,24,0,0,0,0,0,0,1,2,1,6,1024,0,0,24,0.0,0.0,0,0,0.0,0.0,0,0,PortScan
1031,43,1,1,2,6,2,2,2.0,0.0,6,6,6.0,0.0,186046.5116,46511.62791,43.0,0.0,43,43,0,0.0,0.0,0,0,0,0.0,0.0,0,0,0,0,0,0,24,20,23255.81395,23255.81395,2,6,3.333333333,2.309401077,5.333333333,0,0,0,1,0,0,0,0,1,5.0,2.0,6.0,24,0,0,0,0,0,0,1,2,1,6,1024,0,0,24,0.0,0.0,0,0,0.0,0.0,0,0,PortScan
1037,58,1,1,2,6,2,2,2.0,0.0,6,6,6.0,0.0,137931.0345,34482.75862,58.0,0.0,58,58,0,0.0,0.0,0,0,0,0.0,0.0,0,0,0,0,0,0,24,20,17241.37931,17241.37931,2,6,3.333333333,2.309401077,5.333333333,0,0,0,1,0,0,0,0,1,5.0,2.0,6.0,24,0,0,0,0,0,0,1,2,1,6,1024,0,0,24,0.0,0.0,0,0,0.0,0.0,0,0,PortScan
6566,18,1,1,2,6,2,2,2.0,0.0,6,6,6.0,0.0,444444.4444,111111.1111,18.0,0.0,18,18,0,0.0,0.0,0,0,0,0.0,0.0,0,0,0,0,0,0,24,20,55555.55556,55555.55556,2,6,3.333333333,2.309401077,5.333333333,0,0,0,1,0,0,0,0,1,5.0,2.0,6.0,24,0,0,0,0,0,0,1,2,1,6,1024,0,0,24,0.0,0.0,0,0,0.0,0.0,0,0,PortScan
5101,63,1,1,2,6,2,2,2.0,0.0,6,6,6.0,0.0,126984.127,31746.03175,63.0,0.0,63,63,0,0.0,0.0,0,0,0,0.0,0.0,0,0,0,0,0,0,24,20,15873.01587,15873.01587,2,6,3.333333333,2.309401077,5.333333333,0,0,0,1,0,0,0,0,1,5.0,2.0,6.0,24,0,0,0,0,0,0,1,2,1,6,1024,0,0,24,0.0,0.0,0,0,0.0,0.0,0,0,PortScan
1038,51,1,1,2,6,2,2,2.0,0.0,6,6,6.0,0.0,156862.7451,39215.68627,51.0,0.0,51,51,0,0.0,0.0,0,0,0,0.0,0.0,0,0,0,0,0,0,24,20,19607.84314,19607.84314,2,6,3.333333333,2.309401077,5.333333333,0,0,0,1,0,0,0,0,1,5.0,2.0,6.0,24,0,0,0,0,0,0,1,2,1,6,1024,0,0,24,0.0,0.0,0,0,0.0,0.0,0,0,PortScan
6565,71,1,1,2,6,2,2,2.0,0.0,6,6,6.0,0.0,112676.0563,28169.01408,71.0,0.0,71,71,0,0.0,0.0,0,0,0,0.0,0.0,0,0,0,0,0,0,24,20,14084.50704,14084.50704,2,6,3.333333333,2.309401077,5.333333333,0,0,0,1,0,0,0,0,1,5.0,2.0,6.0,24,0,0,0,0,0,0,1,2,1,6,1024,0,0,24,0.0,0.0,0,0,0.0,0.0,0,0,PortScan
5102,43,1,1,2,6,2,2,2.0,0.0,6,6,6.0,0.0,186046.5116,46511.62791,43.0,0.0,43,43,0,0.0,0.0,0,0,0,0.0,0.0,0,0,0,0,0,0,24,20,23255.81395,23255.81395,2,6,3.333333333,2.309401077,5.333333333,0,0,0,1,0,0,0,0,1,5.0,2.0,6.0,24,0,0,0,0,0,0,1,2,1,6,1024,0,0,24,0.0,0.0,0,0,0.0,0.0,0,0,PortScan
1034,29,1,1,2,6,2,2,2.0,0.0,6,6,6.0,0.0,275862.069,68965.51724,29.0,0.0,29,29,0,0.0,0.0,0,0,0,0.0,0.0,0,0,0,0,0,0,24,20,34482.75862,34482.75862,2,6,3.333333333,2.309401077,5.333333333,0,0,0,1,0,0,0,0,1,5.0,2.0,6.0,24,0,0,0,0,0,0,1,2,1,6,1024,0,0,24,0.0,0.0,0,0,0.0,0.0,0,0,PortScan
6567,44,1,1,2,6,2,2,2.0,0.0,6,6,6.0,0.0,181818.1818,45454.54545,44.0,0.0,44,44,0,0.0,0.0,0,0,0,0.0,0.0,0,0,0,0,0,0,24,20,22727.27273,22727.27273,2,6,3.333333333,2.309401077,5.333333333,0,0,0,1,0,0,0,0,1,5.0,2.0,6.0,24,0,0,0,0,0,0,1,2,1,6,1024,0,0,24,0.0,0.0,0,0,0.0,0.0,0,0,PortScan
65000,62,1,1,2,6,2,2,2.0,0.0,6,6,6.0,0.0,129032.2581,32258.06452,62.0,0.0,62,62,0,0.0,0.0,0,0,0,0.0,0.0,0,0,0,0,0,0,24,20,16129.03226,16129.03226,2,6,3.333333333,2.309401077,5.333333333,0,0,0,1,0,0,0,0,1,5.0,2.0,6.0,24,0,0,0,0,0,0,1,2,1,6,1024,0,0,24,0.0,0.0,0,0,0.0,0.0,0,0,PortScan
1035,42,1,1,2,6,2,2,2.0,0.0,6,6,6.0,0.0,190476.1905,47619.04762,42.0,0.0,42,42,0,0.0,0.0,0,0,0,0.0,0.0,0,0,0,0,0,0,24,20,23809.52381,23809.52381,2,6,3.333333333,2.309401077,5.333333333,0,0,0,1,0,0,0,0,1,5.0,2.0,6.0,24,0,0,0,0,0,0,1,2,1,6,1024,0,0,24,0.0,0.0,0,0,0.0,0.0,0,0,PortScan
1039,18,1,1,2,6,2,2,2.0,0.0,6,6,6.0,0.0,444444.4444,111111.1111,18.0,0.0,18,18,0,0.0,0.0,0,0,0,0.0,0.0,0,0,0,0,0,0,24,20,55555.55556,55555.55556,2,6,3.333333333,2.309401077,5.333333333,0,0,0,1,0,0,0,0,1,5.0,2.0,6.0,24,0,0,0,0,0,0,1,2,1,6,1024,0,0,24,0.0,0.0,0,0,0.0,0.0,0,0,PortScan
5100,72,1,1,2,6,2,2,2.0,0.0,6,6,6.0,0.0,111111.1111,27777.77778,72.0,0.0,72,72,0,0.0,0.0,0,0,0,0.0,0.0,0,0,0,0,0,0,24,20,13888.88889,13888.88889,2,6,3.333333333,2.309401077,5.333333333,0,0,0,1,0,0,0,0,1,5.0,2.0,6.0,24,0,0,0,0,0,0,1,2,1,6,1024,0,0,24,0.0,0.0,0,0,0.0,0.0,0,0,PortScan
6547,72,1,1,2,6,2,2,2.0,0.0,6,6,6.0,0.0,111111.1111,27777.77778,72.0,0.0,72,72,0,0.0,0.0,0,0,0,0.0,0.0,0,0,0,0,0,0,24,20,13888.88889,13888.88889,2,6,3.333333333,2.309401077,5.333333333,0,0,0,1,0,0,0,0,1,5.0,2.0,6.0,24,0,0,0,0,0,0,1,2,1,6,1024,0,0,24,0.0,0.0,0,0,0.0,0.0,0,0,PortScan
5225,45,1,1,2,6,2,2,2.0,0.0,6,6,6.0,0.0,177777.7778,44444.44444,45.0,0.0,45,45,0,0.0,0.0,0,0,0,0.0,0.0,0,0,0,0,0,0,24,20,22222.22222,22222.22222,2,6,3.333333333,2.309401077,5.333333333,0,0,0,1,0,0,0,0,1,5.0,2.0,6.0,24,0,0,0,0,0,0,1,2,1,6,1024,0,0,24,0.0,0.0,0,0,0.0,0.0,0,0,PortScan
3659,44,1,1,2,6,2,2,2.0,0.0,6,6,6.0,0.0,181818.1818,45454.54545,44.0,0.0,44,44,0,0.0,0.0,0,0,0,0.0,0.0,0,0,0,0,0,0,24,20,22727.27273,22727.27273,2,6,3.333333333,2.309401077,5.333333333,0,0,0,1,0,0,0,0,1,5.0,2.0,6.0,24,0,0,0,0,0,0,1,2,1,6,1024,0,0,24,0.0,0.0,0,0,0.0,0.0,0,0,PortScan
6689,73,1,1,2,6,2,2,2.0,0.0,6,6,6.0,0.0,109589.0411,27397.26027,73.0,0.0,73,73,0,0.0,0.0,0,0,0,0.0,0.0,0,0,0,0,0,0,24,20,13698.63014,13698.63014,2,6,3.333333333,2.309401077,5.333333333,0,0,0,1,0,0,0,0,1,5.0,2.0,6.0,24,0,0,0,0,0,0,1,2,1,6,1024,0,0,24,0.0,0.0,0,0,0.0,0.0,0,0,PortScan
6543,48,1,1,2,6,2,2,2.0,0.0,6,6,6.0,0.0,166666.6667,41666.66667,48.0,0.0,48,48,0,0.0,0.0,0,0,0,0.0,0.0,0,0,0,0,0,0,24,20,20833.33333,20833.33333,2,6,3.333333333,2.309401077,5.333333333,0,0,0,1,0,0,0,0,1,5.0,2.0,6.0,24,0,0,0,0,0,0,1,2,1,6,1024,0,0,24,0.0,0.0,0,0,0.0,0.0,0,0,PortScan
5226,49,1,1,2,6,2,2,2.0,0.0,6,6,6.0,0.0,163265.3061,40816.32653,49.0,0.0,49,49,0,0.0,0.0,0,0,0,0.0,0.0,0,0,0,0,0,0,24,20,20408.16327,20408.16327,2,6,3.333333333,2.309401077,5.333333333,0,0,0,1,0,0,0,0,1,5.0,2.0,6.0,24,0,0,0,0,0,0,1,2,1,6,1024,0,0,24,0.0,0.0,0,0,0.0,0.0,0,0,PortScan
3517,97,1,1,2,6,2,2,2.0,0.0,6,6,6.0,0.0,82474.2268,20618.5567,97.0,0.0,97,97,0,0.0,0.0,0,0,0,0.0,0.0,0,0,0,0,0,0,24,20,10309.27835,10309.27835,2,6,3.333333333,2.309401077,5.333333333,0,0,0,1,0,0,0,0,1,5.0,2.0,6.0,24,0,0,0,0,0,0,1,2,1,6,1024,0,0,24,0.0,0.0,0,0,0.0,0.0,0,0,PortScan
50389,36,1,1,2,6,2,2,2.0,0.0,6,6,6.0,0.0,222222.2222,55555.55556,36.0,0.0,36,36,0,0.0,0.0,0,0,0,0.0,0.0,0,0,0,0,0,0,24,20,27777.77778,27777.77778,2,6,3.333333333,2.309401077,5.333333333,0,0,0,1,0,0,0,0,1,5.0,2.0,6.0,24,0,0,0,0,0,0,1,2,1,6,1024,0,0,24,0.0,0.0,0,0,0.0,0.0,0,0,PortScan
20031,72,1,1,2,6,2,2,2.0,0.0,6,6,6.0,0.0,111111.1111,27777.77778,72.0,0.0,72,72,0,0.0,0.0,0,0,0,0.0,0.0,0,0,0,0,0,0,24,20,13888.88889,13888.88889,2,6,3.333333333,2.309401077,5.333333333,0,0,0,1,0,0,0,0,1,5.0,2.0,6.0,24,0,0,0,0,0,0,1,2,1,6,1024,0,0,24,0.0,0.0,0,0,0.0,0.0,0,0,PortScan
1947,64,1,1,2,6,2,2,2.0,0.0,6,6,6.0,0.0,125000.0,31250.0,64.0,0.0,64,64,0,0.0,0.0,0,0,0,0.0,0.0,0,0,0,0,0,0,24,20,15625.0,15625.0,2,6,3.333333333,2.309401077,5.333333333,0,0,0,1,0,0,0,0,1,5.0,2.0,6.0,24,0,0,0,0,0,0,1,2,1,6,1024,0,0,24,0.0,0.0,0,0,0.0,0.0,0,0,PortScan
1801,73,1,1,2,6,2,2,2.0,0.0,6,6,6.0,0.0,109589.0411,27397.26027,73.0,0.0,73,73,0,0.0,0.0,0,0,0,0.0,0.0,0,0,0,0,0,0,24,20,13698.63014,13698.63014,2,6,3.333333333,2.309401077,5.333333333,0,0,0,1,0,0,0,0,1,5.0,2.0,6.0,24,0,0,0,0,0,0,1,2,1,6,1024,0,0,24,0.0,0.0,0,0,0.0,0.0,0,0,PortScan
1805,27,1,1,2,6,2,2,2.0,0.0,6,6,6.0,0.0,296296.2963,74074.07407,27.0,0.0,27,27,0,0.0,0.0,0,0,0,0.0,0.0,0,0,0,0,0,0,24,20,37037.03704,37037.03704,2,6,3.333333333,2.309401077,5.333333333,0,0,0,1,0,0,0,0,1,5.0,2.0,6.0,24,0,0,0,0,0,0,1,2,1,6,1024,0,0,24,0.0,0.0,0,0,0.0,0.0,0,0,PortScan
636,72,1,1,2,6,2,2,2.0,0.0,6,6,6.0,0.0,111111.1111,27777.77778,72.0,0.0,72,72,0,0.0,0.0,0,0,0,0.0,0.0,0,0,0,0,0,0,24,20,13888.88889,13888.88889,2,6,3.333333333,2.309401077,5.333333333,0,0,0,1,0,0,0,0,1,5.0,2.0,6.0,24,0,0,0,0,0,0,1,2,1,6,1024,0,0,24,0.0,0.0,0,0,0.0,0.0,0,0,PortScan
6692,44,1,1,2,6,2,2,2.0,0.0,6,6,6.0,0.0,181818.1818,45454.54545,44.0,0.0,44,44,0,0.0,0.0,0,0,0,0.0,0.0,0,0,0,0,0,0,24,20,22727.27273,22727.27273,2,6,3.333333333,2.309401077,5.333333333,0,0,0,1,0,0,0,0,1,5.0,2.0,6.0,24,0,0,0,0,0,0,1,2,1,6,1024,0,0,24,0.0,0.0,0,0,0.0,0.0,0,0,PortScan
1165,22,1,1,2,6,2,2,2.0,0.0,6,6,6.0,0.0,363636.3636,90909.09091,22.0,0.0,22,22,0,0.0,0.0,0,0,0,0.0,0.0,0,0,0,0,0,0,24,20,45454.54545,45454.54545,2,6,3.333333333,2.309401077,5.333333333,0,0,0,1,0,0,0,0,1,5.0,2.0,6.0,24,0,0,0,0,0,0,1,2,1,6,1024,0,0,24,0.0,0.0,0,0,0.0,0.0,0,0,PortScan
1166,55,1,1,2,6,2,2,2.0,0.0,6,6,6.0,0.0,145454.5455,36363.63636,55.0,0.0,55,55,0,0.0,0.0,0,0,0,0.0,0.0,0,0,0,0,0,0,24,20,18181.81818,18181.81818,2,6,3.333333333,2.309401077,5.333333333,0,0,0,1,0,0,0,0,1,5.0,2.0,6.0,24,0,0,0,0,0,0,1,2,1,6,1024,0,0,24,0.0,0.0,0,0,0.0,0.0,0,0,PortScan
1163,56,1,1,2,6,2,2,2.0,0.0,6,6,6.0,0.0,142857.1429,35714.28571,56.0,0.0,56,56,0,0.0,0.0,0,0,0,0.0,0.0,0,0,0,0,0,0,24,20,17857.14286,17857.14286,2,6,3.333333333,2.309401077,5.333333333,0,0,0,1,0,0,0,0,1,5.0,2.0,6.0,24,0,0,0,0,0,0,1,2,1,6,1024,0,0,24,0.0,0.0,0,0,0.0,0.0,0,0,PortScan
631,64,1,1,2,6,2,2,2.0,0.0,6,6,6.0,0.0,125000.0,31250.0,64.0,0.0,64,64,0,0.0,0.0,0,0,0,0.0,0.0,0,0,0,0,0,0,24,20,15625.0,15625.0,2,6,3.333333333,2.309401077,5.333333333,0,0,0,1,0,0,0,0,1,5.0,2.0,6.0,24,0,0,0,0,0,0,1,2,1,6,1024,0,0,24,0.0,0.0,0,0,0.0,0.0,0,0,PortScan
777,42,1,1,2,6,2,2,2.0,0.0,6,6,6.0,0.0,190476.1905,47619.04762,42.0,0.0,42,42,0,0.0,0.0,0,0,0,0.0,0.0,0,0,0,0,0,0,24,20,23809.52381,23809.52381,2,6,3.333333333,2.309401077,5.333333333,0,0,0,1,0,0,0,0,1,5.0,2.0,6.0,24,0,0,0,0,0,0,1,2,1,6,1024,0,0,24,0.0,0.0,0,0,0.0,0.0,0,0,PortScan
1164,44,1,1,2,6,2,2,2.0,0.0,6,6,6.0,0.0,181818.1818,45454.54545,44.0,0.0,44,44,0,0.0,0.0,0,0,0,0.0,0.0,0,0,0,0,0,0,24,20,22727.27273,22727.27273,2,6,3.333333333,2.309401077,5.333333333,0,0,0,1,0,0,0,0,1,5.0,2.0,6.0,24,0,0,0,0,0,0,1,2,1,6,1024,0,0,24,0.0,0.0,0,0,0.0,0.0,0,0,PortScan
1024,74,1,1,2,6,2,2,2.0,0.0,6,6,6.0,0.0,108108.1081,27027.02703,74.0,0.0,74,74,0,0.0,0.0,0,0,0,0.0,0.0,0,0,0,0,0,0,24,20,13513.51351,13513.51351,2,6,3.333333333,2.309401077,5.333333333,0,0,0,1,0,0,0,0,1,5.0,2.0,6.0,24,0,0,0,0,0,0,1,2,1,6,1024,0,0,24,0.0,0.0,0,0,0.0,0.0,0,0,PortScan
6699,42,1,1,2,6,2,2,2.0,0.0,6,6,6.0,0.0,190476.1905,47619.04762,42.0,0.0,42,42,0,0.0,0.0,0,0,0,0.0,0.0,0,0,0,0,0,0,24,20,23809.52381,23809.52381,2,6,3.333333333,2.309401077,5.333333333,0,0,0,1,0,0,0,0,1,5.0,2.0,6.0,24,0,0,0,0,0,0,1,2,1,6,1024,0,0,24,0.0,0.0,0,0,0.0,0.0,0,0,PortScan
1023,55,1,1,2,6,2,2,2.0,0.0,6,6,6.0,0.0,145454.5455,36363.63636,55.0,0.0,55,55,0,0.0,0.0,0,0,0,0.0,0.0,0,0,0,0,0,0,24,20,18181.81818,18181.81818,2,6,3.333333333,2.309401077,5.333333333,0,0,0,1,0,0,0,0,1,5.0,2.0,6.0,24,0,0,0,0,0,0,1,2,1,6,1024,0,0,24,0.0,0.0,0,0,0.0,0.0,0,0,PortScan
1025,44,1,1,2,6,2,2,2.0,0.0,6,6,6.0,0.0,181818.1818,45454.54545,44.0,0.0,44,44,0,0.0,0.0,0,0,0,0.0,0.0,0,0,0,0,0,0,24,20,22727.27273,22727.27273,2,6,3.333333333,2.309401077,5.333333333,0,0,0,1,0,0,0,0,1,5.0,2.0,6.0,24,0,0,0,0,0,0,1,2,1,6,1024,0,0,24,0.0,0.0,0,0,0.0,0.0,0,0,PortScan
1021,52,1,1,2,6,2,2,2.0,0.0,6,6,6.0,0.0,153846.1538,38461.53846,52.0,0.0,52,52,0,0.0,0.0,0,0,0,0.0,0.0,0,0,0,0,0,0,24,20,19230.76923,19230.76923,2,6,3.333333333,2.309401077,5.333333333,0,0,0,1,0,0,0,0,1,5.0,2.0,6.0,24,0,0,0,0,0,0,1,2,1,6,1024,0,0,24,0.0,0.0,0,0,0.0,0.0,0,0,PortScan
1169,44,1,1,2,6,2,2,2.0,0.0,6,6,6.0,0.0,181818.1818,45454.54545,44.0,0.0,44,44,0,0.0,0.0,0,0,0,0.0,0.0,0,0,0,0,0,0,24,20,22727.27273,22727.27273,2,6,3.333333333,2.309401077,5.333333333,0,0,0,1,0,0,0,0,1,5.0,2.0,6.0,24,0,0,0,0,0,0,1,2,1,6,1024,0,0,24,0.0,0.0,0,0,0.0,0.0,0,0,PortScan
1022,47,1,1,2,6,2,2,2.0,0.0,6,6,6.0,0.0,170212.766,42553.19149,47.0,0.0,47,47,0,0.0,0.0,0,0,0,0.0,0.0,0,0,0,0,0,0,24,20,21276.59574,21276.59574,2,6,3.333333333,2.309401077,5.333333333,0,0,0,1,0,0,0,0,1,5.0,2.0,6.0,24,0,0,0,0,0,0,1,2,1,6,1024,0,0,24,0.0,0.0,0,0,0.0,0.0,0,0,PortScan
1028,22,1,1,2,6,2,2,2.0,0.0,6,6,6.0,0.0,363636.3636,90909.09091,22.0,0.0,22,22,0,0.0,0.0,0,0,0,0.0,0.0,0,0,0,0,0,0,24,20,45454.54545,45454.54545,2,6,3.333333333,2.309401077,5.333333333,0,0,0,1,0,0,0,0,1,5.0,2.0,6.0,24,0,0,0,0,0,0,1,2,1,6,1024,0,0,24,0.0,0.0,0,0,0.0,0.0,0,0,PortScan
33354,63,1,1,2,6,2,2,2.0,0.0,6,6,6.0,0.0,126984.127,31746.03175,63.0,0.0,63,63,0,0.0,0.0,0,0,0,0.0,0.0,0,0,0,0,0,0,24,20,15873.01587,15873.01587,2,6,3.333333333,2.309401077,5.333333333,0,0,0,1,0,0,0,0,1,5.0,2.0,6.0,24,0,0,0,0,0,0,1,2,1,6,1024,0,0,24,0.0,0.0,0,0,0.0,0.0,0,0,PortScan
1029,57,1,1,2,6,2,2,2.0,0.0,6,6,6.0,0.0,140350.8772,35087.7193,57.0,0.0,57,57,0,0.0,0.0,0,0,0,0.0,0.0,0,0,0,0,0,0,24,20,17543.85965,17543.85965,2,6,3.333333333,2.309401077,5.333333333,0,0,0,1,0,0,0,0,1,5.0,2.0,6.0,24,0,0,0,0,0,0,1,2,1,6,1024,0,0,24,0.0,0.0,0,0,0.0,0.0,0,0,PortScan
2200,42,1,1,2,6,2,2,2.0,0.0,6,6,6.0,0.0,190476.1905,47619.04762,42.0,0.0,42,42,0,0.0,0.0,0,0,0,0.0,0.0,0,0,0,0,0,0,24,20,23809.52381,23809.52381,2,6,3.333333333,2.309401077,5.333333333,0,0,0,1,0,0,0,0,1,5.0,2.0,6.0,24,0,0,0,0,0,0,1,2,1,6,1024,0,0,24,0.0,0.0,0,0,0.0,0.0,0,0,PortScan
1026,55,1,1,2,6,2,2,2.0,0.0,6,6,6.0,0.0,145454.5455,36363.63636,55.0,0.0,55,55,0,0.0,0.0,0,0,0,0.0,0.0,0,0,0,0,0,0,24,20,18181.81818,18181.81818,2,6,3.333333333,2.309401077,5.333333333,0,0,0,1,0,0,0,0,1,5.0,2.0,6.0,24,0,0,0,0,0,0,1,2,1,6,1024,0,0,24,0.0,0.0,0,0,0.0,0.0,0,0,PortScan
1027,42,1,1,2,6,2,2,2.0,0.0,6,6,6.0,0.0,190476.1905,47619.04762,42.0,0.0,42,42,0,0.0,0.0,0,0,0,0.0,0.0,0,0,0,0,0,0,24,20,23809.52381,23809.52381,2,6,3.333333333,2.309401077,5.333333333,0,0,0,1,0,0,0,0,1,5.0,2.0,6.0,24,0,0,0,0,0,0,1,2,1,6,1024,0,0,24,0.0,0.0,0,0,0.0,0.0,0,0,PortScan
20828,44,1,1,2,6,2,2,2.0,0.0,6,6,6.0,0.0,181818.1818,45454.54545,44.0,0.0,44,44,0,0.0,0.0,0,0,0,0.0,0.0,0,0,0,0,0,0,24,20,22727.27273,22727.27273,2,6,3.333333333,2.309401077,5.333333333,0,0,0,1,0,0,0,0,1,5.0,2.0,6.0,24,0,0,0,0,0,0,1,2,1,6,1024,0,0,24,0.0,0.0,0,0,0.0,0.0,0,0,PortScan
3546,50,1,1,2,6,2,2,2.0,0.0,6,6,6.0,0.0,160000.0,40000.0,50.0,0.0,50,50,0,0.0,0.0,0,0,0,0.0,0.0,0,0,0,0,0,0,24,20,20000.0,20000.0,2,6,3.333333333,2.309401077,5.333333333,0,0,0,1,0,0,0,0,1,5.0,2.0,6.0,24,0,0,0,0,0,0,1,2,1,6,1024,0,0,24,0.0,0.0,0,0,0.0,0.0,0,0,PortScan
1974,49,1,1,2,6,2,2,2.0,0.0,6,6,6.0,0.0,163265.3061,40816.32653,49.0,0.0,49,49,0,0.0,0.0,0,0,0,0.0,0.0,0,0,0,0,0,0,24,20,20408.16327,20408.16327,2,6,3.333333333,2.309401077,5.333333333,0,0,0,1,0,0,0,0,1,5.0,2.0,6.0,24,0,0,0,0,0,0,1,2,1,6,1024,0,0,24,0.0,0.0,0,0,0.0,0.0,0,0,PortScan
8009,47,1,1,2,6,2,2,2.0,0.0,6,6,6.0,0.0,170212.766,42553.19149,47.0,0.0,47,47,0,0.0,0.0,0,0,0,0.0,0.0,0,0,0,0,0,0,24,20,21276.59574,21276.59574,2,6,3.333333333,2.309401077,5.333333333,0,0,0,1,0,0,0,0,1,5.0,2.0,6.0,24,0,0,0,0,0,0,1,2,1,6,1024,0,0,24,0.0,0.0,0,0,0.0,0.0,0,0,PortScan
3404,6,1,1,2,6,2,2,2.0,0.0,6,6,6.0,0.0,1333333.333,333333.3333,6.0,0.0,6,6,0,0.0,0.0,0,0,0,0.0,0.0,0,0,0,0,0,0,24,20,166666.6667,166666.6667,2,6,3.333333333,2.309401077,5.333333333,0,0,0,1,0,0,0,0,1,5.0,2.0,6.0,24,0,0,0,0,0,0,1,2,1,6,1024,0,0,24,0.0,0.0,0,0,0.0,0.0,0,0,PortScan
667,46,1,1,2,6,2,2,2.0,0.0,6,6,6.0,0.0,173913.0435,43478.26087,46.0,0.0,46,46,0,0.0,0.0,0,0,0,0.0,0.0,0,0,0,0,0,0,24,20,21739.13043,21739.13043,2,6,3.333333333,2.309401077,5.333333333,0,0,0,1,0,0,0,0,1,5.0,2.0,6.0,24,0,0,0,0,0,0,1,2,1,6,1024,0,0,24,0.0,0.0,0,0,0.0,0.0,0,0,PortScan
1192,79,1,1,2,6,2,2,2.0,0.0,6,6,6.0,0.0,101265.8228,25316.4557,79.0,0.0,79,79,0,0.0,0.0,0,0,0,0.0,0.0,0,0,0,0,0,0,24,20,12658.22785,12658.22785,2,6,3.333333333,2.309401077,5.333333333,0,0,0,1,0,0,0,0,1,5.0,2.0,6.0,24,0,0,0,0,0,0,1,2,1,6,1024,0,0,24,0.0,0.0,0,0,0.0,0.0,0,0,PortScan
5902,42,1,1,2,6,2,2,2.0,0.0,6,6,6.0,0.0,190476.1905,47619.04762,42.0,0.0,42,42,0,0.0,0.0,0,0,0,0.0,0.0,0,0,0,0,0,0,24,20,23809.52381,23809.52381,2,6,3.333333333,2.309401077,5.333333333,0,0,0,1,0,0,0,0,1,5.0,2.0,6.0,24,0,0,0,0,0,0,1,2,1,6,1024,0,0,24,0.0,0.0,0,0,0.0,0.0,0,0,PortScan
1839,31,1,1,2,6,2,2,2.0,0.0,6,6,6.0,0.0,258064.5161,64516.12903,31.0,0.0,31,31,0,0.0,0.0,0,0,0,0.0,0.0,0,0,0,0,0,0,24,20,32258.06452,32258.06452,2,6,3.333333333,2.309401077,5.333333333,0,0,0,1,0,0,0,0,1,5.0,2.0,6.0,24,0,0,0,0,0,0,1,2,1,6,1024,0,0,24,0.0,0.0,0,0,0.0,0.0,0,0,PortScan
668,16,1,1,2,6,2,2,2.0,0.0,6,6,6.0,0.0,500000.0,125000.0,16.0,0.0,16,16,0,0.0,0.0,0,0,0,0.0,0.0,0,0,0,0,0,0,24,20,62500.0,62500.0,2,6,3.333333333,2.309401077,5.333333333,0,0,0,1,0,0,0,0,1,5.0,2.0,6.0,24,0,0,0,0,0,0,1,2,1,6,1024,0,0,24,0.0,0.0,0,0,0.0,0.0,0,0,PortScan
5903,42,1,1,2,6,2,2,2.0,0.0,6,6,6.0,0.0,190476.1905,47619.04762,42.0,0.0,42,42,0,0.0,0.0,0,0,0,0.0,0.0,0,0,0,0,0,0,24,20,23809.52381,23809.52381,2,6,3.333333333,2.309401077,5.333333333,0,0,0,1,0,0,0,0,1,5.0,2.0,6.0,24,0,0,0,0,0,0,1,2,1,6,1024,0,0,24,0.0,0.0,0,0,0.0,0.0,0,0,PortScan
12265,47,1,1,2,6,2,2,2.0,0.0,6,6,6.0,0.0,170212.766,42553.19149,47.0,0.0,47,47,0,0.0,0.0,0,0,0,0.0,0.0,0,0,0,0,0,0,24,20,21276.59574,21276.59574,2,6,3.333333333,2.309401077,5.333333333,0,0,0,1,0,0,0,0,1,5.0,2.0,6.0,24,0,0,0,0,0,0,1,2,1,6,1024,0,0,24,0.0,0.0,0,0,0.0,0.0,0,0,PortScan
5904,88,1,1,2,6,2,2,2.0,0.0,6,6,6.0,0.0,90909.09091,22727.27273,88.0,0.0,88,88,0,0.0,0.0,0,0,0,0.0,0.0,0,0,0,0,0,0,24,20,11363.63636,11363.63636,2,6,3.333333333,2.309401077,5.333333333,0,0,0,1,0,0,0,0,1,5.0,2.0,6.0,24,0,0,0,0,0,0,1,2,1,6,1024,0,0,24,0.0,0.0,0,0,0.0,0.0,0,0,PortScan
666,44,1,1,2,6,2,2,2.0,0.0,6,6,6.0,0.0,181818.1818,45454.54545,44.0,0.0,44,44,0,0.0,0.0,0,0,0,0.0,0.0,0,0,0,0,0,0,24,20,22727.27273,22727.27273,2,6,3.333333333,2.309401077,5.333333333,0,0,0,1,0,0,0,0,1,5.0,2.0,6.0,24,0,0,0,0,0,0,1,2,1,6,1024,0,0,24,0.0,0.0,0,0,0.0,0.0,0,0,PortScan
1050,41,1,1,2,6,2,2,2.0,0.0,6,6,6.0,0.0,195121.9512,48780.4878,41.0,0.0,41,41,0,0.0,0.0,0,0,0,0.0,0.0,0,0,0,0,0,0,24,20,24390.2439,24390.2439,2,6,3.333333333,2.309401077,5.333333333,0,0,0,1,0,0,0,0,1,5.0,2.0,6.0,24,0,0,0,0,0,0,1,2,1,6,1024,0,0,24,0.0,0.0,0,0,0.0,0.0,0,0,PortScan
8290,48,1,1,2,6,2,2,2.0,0.0,6,6,6.0,0.0,166666.6667,41666.66667,48.0,0.0,48,48,0,0.0,0.0,0,0,0,0.0,0.0,0,0,0,0,0,0,24,20,20833.33333,20833.33333,2,6,3.333333333,2.309401077,5.333333333,0,0,0,1,0,0,0,0,1,5.0,2.0,6.0,24,0,0,0,0,0,0,1,2,1,6,1024,0,0,24,0.0,0.0,0,0,0.0,0.0,0,0,PortScan
1051,43,1,1,2,6,2,2,2.0,0.0,6,6,6.0,0.0,186046.5116,46511.62791,43.0,0.0,43,43,0,0.0,0.0,0,0,0,0.0,0.0,0,0,0,0,0,0,24,20,23255.81395,23255.81395,2,6,3.333333333,2.309401077,5.333333333,0,0,0,1,0,0,0,0,1,5.0,2.0,6.0,24,0,0,0,0,0,0,1,2,1,6,1024,0,0,24,0.0,0.0,0,0,0.0,0.0,0,0,PortScan
5900,79,1,1,2,6,2,2,2.0,0.0,6,6,6.0,0.0,101265.8228,25316.4557,79.0,0.0,79,79,0,0.0,0.0,0,0,0,0.0,0.0,0,0,0,0,0,0,24,20,12658.22785,12658.22785,2,6,3.333333333,2.309401077,5.333333333,0,0,0,1,0,0,0,0,1,5.0,2.0,6.0,24,0,0,0,0,0,0,1,2,1,6,1024,0,0,24,0.0,0.0,0,0,0.0,0.0,0,0,PortScan
8292,107,1,1,2,6,2,2,2.0,0.0,6,6,6.0,0.0,74766.35514,18691.58879,107.0,0.0,107,107,0,0.0,0.0,0,0,0,0.0,0.0,0,0,0,0,0,0,24,20,9345.794393,9345.794393,2,6,3.333333333,2.309401077,5.333333333,0,0,0,1,0,0,0,0,1,5.0,2.0,6.0,24,0,0,0,0,0,0,1,2,1,6,1024,0,0,24,0.0,0.0,0,0,0.0,0.0,0,0,PortScan
8291,53,1,1,2,6,2,2,2.0,0.0,6,6,6.0,0.0,150943.3962,37735.84906,53.0,0.0,53,53,0,0.0,0.0,0,0,0,0.0,0.0,0,0,0,0,0,0,24,20,18867.92453,18867.92453,2,6,3.333333333,2.309401077,5.333333333,0,0,0,1,0,0,0,0,1,5.0,2.0,6.0,24,0,0,0,0,0,0,1,2,1,6,1024,0,0,24,0.0,0.0,0,0,0.0,0.0,0,0,PortScan
1054,97,1,1,2,6,2,2,2.0,0.0,6,6,6.0,0.0,82474.2268,20618.5567,97.0,0.0,97,97,0,0.0,0.0,0,0,0,0.0,0.0,0,0,0,0,0,0,24,20,10309.27835,10309.27835,2,6,3.333333333,2.309401077,5.333333333,0,0,0,1,0,0,0,0,1,5.0,2.0,6.0,24,0,0,0,0,0,0,1,2,1,6,1024,0,0,24,0.0,0.0,0,0,0.0,0.0,0,0,PortScan
8010,47,1,1,2,6,2,2,2.0,0.0,6,6,6.0,0.0,170212.766,42553.19149,47.0,0.0,47,47,0,0.0,0.0,0,0,0,0.0,0.0,0,0,0,0,0,0,24,20,21276.59574,21276.59574,2,6,3.333333333,2.309401077,5.333333333,0,0,0,1,0,0,0,0,1,5.0,2.0,6.0,24,0,0,0,0,0,0,1,2,1,6,1024,0,0,24,0.0,0.0,0,0,0.0,0.0,0,0,PortScan
5120,18,1,1,2,6,2,2,2.0,0.0,6,6,6.0,0.0,444444.4444,111111.1111,18.0,0.0,18,18,0,0.0,0.0,0,0,0,0.0,0.0,0,0,0,0,0,0,24,20,55555.55556,55555.55556,2,6,3.333333333,2.309401077,5.333333333,0,0,0,1,0,0,0,0,1,5.0,2.0,6.0,24,0,0,0,0,0,0,1,2,1,6,1024,0,0,24,0.0,0.0,0,0,0.0,0.0,0,0,PortScan
3690,1,1,1,2,6,2,2,2.0,0.0,6,6,6.0,0.0,8000000.0,2000000.0,1.0,0.0,1,1,0,0.0,0.0,0,0,0,0.0,0.0,0,0,0,0,0,0,24,20,1000000.0,1000000.0,2,6,3.333333333,2.309401077,5.333333333,0,0,0,1,0,0,0,0,1,5.0,2.0,6.0,24,0,0,0,0,0,0,1,2,1,6,1024,0,0,24,0.0,0.0,0,0,0.0,0.0,0,0,PortScan
1055,55,1,1,2,6,2,2,2.0,0.0,6,6,6.0,0.0,145454.5455,36363.63636,55.0,0.0,55,55,0,0.0,0.0,0,0,0,0.0,0.0,0,0,0,0,0,0,24,20,18181.81818,18181.81818,2,6,3.333333333,2.309401077,5.333333333,0,0,0,1,0,0,0,0,1,5.0,2.0,6.0,24,0,0,0,0,0,0,1,2,1,6,1024,0,0,24,0.0,0.0,0,0,0.0,0.0,0,0,PortScan
1198,44,1,1,2,6,2,2,2.0,0.0,6,6,6.0,0.0,181818.1818,45454.54545,44.0,0.0,44,44,0,0.0,0.0,0,0,0,0.0,0.0,0,0,0,0,0,0,24,20,22727.27273,22727.27273,2,6,3.333333333,2.309401077,5.333333333,0,0,0,1,0,0,0,0,1,5.0,2.0,6.0,24,0,0,0,0,0,0,1,2,1,6,1024,0,0,24,0.0,0.0,0,0,0.0,0.0,0,0,PortScan
1052,54,1,1,2,6,2,2,2.0,0.0,6,6,6.0,0.0,148148.1481,37037.03704,54.0,0.0,54,54,0,0.0,0.0,0,0,0,0.0,0.0,0,0,0,0,0,0,24,20,18518.51852,18518.51852,2,6,3.333333333,2.309401077,5.333333333,0,0,0,1,0,0,0,0,1,5.0,2.0,6.0,24,0,0,0,0,0,0,1,2,1,6,1024,0,0,24,0.0,0.0,0,0,0.0,0.0,0,0,PortScan
1053,43,1,1,2,6,2,2,2.0,0.0,6,6,6.0,0.0,186046.5116,46511.62791,43.0,0.0,43,43,0,0.0,0.0,0,0,0,0.0,0.0,0,0,0,0,0,0,24,20,23255.81395,23255.81395,2,6,3.333333333,2.309401077,5.333333333,0,0,0,1,0,0,0,0,1,5.0,2.0,6.0,24,0,0,0,0,0,0,1,2,1,6,1024,0,0,24,0.0,0.0,0,0,0.0,0.0,0,0,PortScan
1199,42,1,1,2,6,2,2,2.0,0.0,6,6,6.0,0.0,190476.1905,47619.04762,42.0,0.0,42,42,0,0.0,0.0,0,0,0,0.0,0.0,0,0,0,0,0,0,24,20,23809.52381,23809.52381,2,6,3.333333333,2.309401077,5.333333333,0,0,0,1,0,0,0,0,1,5.0,2.0,6.0,24,0,0,0,0,0,0,1,2,1,6,1024,0,0,24,0.0,0.0,0,0,0.0,0.0,0,0,PortScan
8011,46,1,1,2,6,2,2,2.0,0.0,6,6,6.0,0.0,173913.0435,43478.26087,46.0,0.0,46,46,0,0.0,0.0,0,0,0,0.0,0.0,0,0,0,0,0,0,24,20,21739.13043,21739.13043,2,6,3.333333333,2.309401077,5.333333333,0,0,0,1,0,0,0,0,1,5.0,2.0,6.0,24,0,0,0,0,0,0,1,2,1,6,1024,0,0,24,0.0,0.0,0,0,0.0,0.0,0,0,PortScan
1059,30,1,1,2,6,2,2,2.0,0.0,6,6,6.0,0.0,266666.6667,66666.66667,30.0,0.0,30,30,0,0.0,0.0,0,0,0,0.0,0.0,0,0,0,0,0,0,24,20,33333.33333,33333.33333,2,6,3.333333333,2.309401077,5.333333333,0,0,0,1,0,0,0,0,1,5.0,2.0,6.0,24,0,0,0,0,0,0,1,2,1,6,1024,0,0,24,0.0,0.0,0,0,0.0,0.0,0,0,PortScan
5906,73,1,1,2,6,2,2,2.0,0.0,6,6,6.0,0.0,109589.0411,27397.26027,73.0,0.0,73,73,0,0.0,0.0,0,0,0,0.0,0.0,0,0,0,0,0,0,24,20,13698.63014,13698.63014,2,6,3.333333333,2.309401077,5.333333333,0,0,0,1,0,0,0,0,1,5.0,2.0,6.0,24,0,0,0,0,0,0,1,2,1,6,1024,0,0,24,0.0,0.0,0,0,0.0,0.0,0,0,PortScan
1058,11,1,1,2,6,2,2,2.0,0.0,6,6,6.0,0.0,727272.7273,181818.1818,11.0,0.0,11,11,0,0.0,0.0,0,0,0,0.0,0.0,0,0,0,0,0,0,24,20,90909.09091,90909.09091,2,6,3.333333333,2.309401077,5.333333333,0,0,0,1,0,0,0,0,1,5.0,2.0,6.0,24,0,0,0,0,0,0,1,2,1,6,1024,0,0,24,0.0,0.0,0,0,0.0,0.0,0,0,PortScan
6580,27,1,1,2,6,2,2,2.0,0.0,6,6,6.0,0.0,296296.2963,74074.07407,27.0,0.0,27,27,0,0.0,0.0,0,0,0,0.0,0.0,0,0,0,0,0,0,24,20,37037.03704,37037.03704,2,6,3.333333333,2.309401077,5.333333333,0,0,0,1,0,0,0,0,1,5.0,2.0,6.0,24,0,0,0,0,0,0,1,2,1,6,1024,0,0,24,0.0,0.0,0,0,0.0,0.0,0,0,PortScan
5907,45,1,1,2,6,2,2,2.0,0.0,6,6,6.0,0.0,177777.7778,44444.44444,45.0,0.0,45,45,0,0.0,0.0,0,0,0,0.0,0.0,0,0,0,0,0,0,24,20,22222.22222,22222.22222,2,6,3.333333333,2.309401077,5.333333333,0,0,0,1,0,0,0,0,1,5.0,2.0,6.0,24,0,0,0,0,0,0,1,2,1,6,1024,0,0,24,0.0,0.0,0,0,0.0,0.0,0,0,PortScan
27000,60,1,1,2,6,2,2,2.0,0.0,6,6,6.0,0.0,133333.3333,33333.33333,60.0,0.0,60,60,0,0.0,0.0,0,0,0,0.0,0.0,0,0,0,0,0,0,24,20,16666.66667,16666.66667,2,6,3.333333333,2.309401077,5.333333333,0,0,0,1,0,0,0,0,1,5.0,2.0,6.0,24,0,0,0,0,0,0,1,2,1,6,1024,0,0,24,0.0,0.0,0,0,0.0,0.0,0,0,PortScan
1056,40,1,1,2,6,2,2,2.0,0.0,6,6,6.0,0.0,200000.0,50000.0,40.0,0.0,40,40,0,0.0,0.0,0,0,0,0.0,0.0,0,0,0,0,0,0,24,20,25000.0,25000.0,2,6,3.333333333,2.309401077,5.333333333,0,0,0,1,0,0,0,0,1,5.0,2.0,6.0,24,0,0,0,0,0,0,1,2,1,6,1024,0,0,24,0.0,0.0,0,0,0.0,0.0,0,0,PortScan
524,85,1,1,2,6,2,2,2.0,0.0,6,6,6.0,0.0,94117.64706,23529.41176,85.0,0.0,85,85,0,0.0,0.0,0,0,0,0.0,0.0,0,0,0,0,0,0,24,20,11764.70588,11764.70588,2,6,3.333333333,2.309401077,5.333333333,0,0,0,1,0,0,0,0,1,5.0,2.0,6.0,24,0,0,0,0,0,0,1,2,1,6,1024,0,0,24,0.0,0.0,0,0,0.0,0.0,0,0,PortScan
1057,14,1,1,2,6,2,2,2.0,0.0,6,6,6.0,0.0,571428.5714,142857.1429,14.0,0.0,14,14,0,0.0,0.0,0,0,0,0.0,0.0,0,0,0,0,0,0,24,20,71428.57143,71428.57143,2,6,3.333333333,2.309401077,5.333333333,0,0,0,1,0,0,0,0,1,5.0,2.0,6.0,24,0,0,0,0,0,0,1,2,1,6,1024,0,0,24,0.0,0.0,0,0,0.0,0.0,0,0,PortScan
18040,69,1,1,2,6,2,2,2.0,0.0,6,6,6.0,0.0,115942.029,28985.50725,69.0,0.0,69,69,0,0.0,0.0,0,0,0,0.0,0.0,0,0,0,0,0,0,24,20,14492.75362,14492.75362,2,6,3.333333333,2.309401077,5.333333333,0,0,0,1,0,0,0,0,1,5.0,2.0,6.0,24,0,0,0,0,0,0,1,2,1,6,1024,0,0,24,0.0,0.0,0,0,0.0,0.0,0,0,PortScan
3551,42,1,1,2,6,2,2,2.0,0.0,6,6,6.0,0.0,190476.1905,47619.04762,42.0,0.0,42,42,0,0.0,0.0,0,0,0,0.0,0.0,0,0,0,0,0,0,24,20,23809.52381,23809.52381,2,6,3.333333333,2.309401077,5.333333333,0,0,0,1,0,0,0,0,1,5.0,2.0,6.0,24,0,0,0,0,0,0,1,2,1,6,1024,0,0,24,0.0,0.0,0,0,0.0,0.0,0,0,PortScan
1984,24,1,1,2,6,2,2,2.0,0.0,6,6,6.0,0.0,333333.3333,83333.33333,24.0,0.0,24,24,0,0.0,0.0,0,0,0,0.0,0.0,0,0,0,0,0,0,24,20,41666.66667,41666.66667,2,6,3.333333333,2.309401077,5.333333333,0,0,0,1,0,0,0,0,1,5.0,2.0,6.0,24,0,0,0,0,0,0,1,2,1,6,1024,0,0,24,0.0,0.0,0,0,0.0,0.0,0,0,PortScan
5269,67,1,1,2,6,2,2,2.0,0.0,6,6,6.0,0.0,119402.9851,29850.74627,67.0,0.0,67,67,0,0.0,0.0,0,0,0,0.0,0.0,0,0,0,0,0,0,24,20,14925.37313,14925.37313,2,6,3.333333333,2.309401077,5.333333333,0,0,0,1,0,0,0,0,1,5.0,2.0,6.0,24,0,0,0,0,0,0,1,2,1,6,1024,0,0,24,0.0,0.0,0,0,0.0,0.0,0,0,PortScan
15004,62,1,1,2,6,2,2,2.0,0.0,6,6,6.0,0.0,129032.2581,32258.06452,62.0,0.0,62,62,0,0.0,0.0,0,0,0,0.0,0.0,0,0,0,0,0,0,24,20,16129.03226,16129.03226,2,6,3.333333333,2.309401077,5.333333333,0,0,0,1,0,0,0,0,1,5.0,2.0,6.0,24,0,0,0,0,0,0,1,2,1,6,1024,0,0,24,0.0,0.0,0,0,0.0,0.0,0,0,PortScan
15003,65,1,1,2,6,2,2,2.0,0.0,6,6,6.0,0.0,123076.9231,30769.23077,65.0,0.0,65,65,0,0.0,0.0,0,0,0,0.0,0.0,0,0,0,0,0,0,24,20,15384.61538,15384.61538,2,6,3.333333333,2.309401077,5.333333333,0,0,0,1,0,0,0,0,1,5.0,2.0,6.0,24,0,0,0,0,0,0,1,2,1,6,1024,0,0,24,0.0,0.0,0,0,0.0,0.0,0,0,PortScan
15002,69,1,1,2,6,2,2,2.0,0.0,6,6,6.0,0.0,115942.029,28985.50725,69.0,0.0,69,69,0,0.0,0.0,0,0,0,0.0,0.0,0,0,0,0,0,0,24,20,14492.75362,14492.75362,2,6,3.333333333,2.309401077,5.333333333,0,0,0,1,0,0,0,0,1,5.0,2.0,6.0,24,0,0,0,0,0,0,1,2,1,6,1024,0,0,24,0.0,0.0,0,0,0.0,0.0,0,0,PortScan
7741,75,1,1,2,6,2,2,2.0,0.0,6,6,6.0,0.0,106666.6667,26666.66667,75.0,0.0,75,75,0,0.0,0.0,0,0,0,0.0,0.0,0,0,0,0,0,0,24,20,13333.33333,13333.33333,2,6,3.333333333,2.309401077,5.333333333,0,0,0,1,0,0,0,0,1,5.0,2.0,6.0,24,0,0,0,0,0,0,1,2,1,6,1024,0,0,24,0.0,0.0,0,0,0.0,0.0,0,0,PortScan
4998,50,1,1,2,6,2,2,2.0,0.0,6,6,6.0,0.0,160000.0,40000.0,50.0,0.0,50,50,0,0.0,0.0,0,0,0,0.0,0.0,0,0,0,0,0,0,24,20,20000.0,20000.0,2,6,3.333333333,2.309401077,5.333333333,0,0,0,1,0,0,0,0,1,5.0,2.0,6.0,24,0,0,0,0,0,0,1,2,1,6,1024,0,0,24,0.0,0.0,0,0,0.0,0.0,0,0,PortScan
19350,23,1,1,2,6,2,2,2.0,0.0,6,6,6.0,0.0,347826.087,86956.52174,23.0,0.0,23,23,0,0.0,0.0,0,0,0,0.0,0.0,0,0,0,0,0,0,24,20,43478.26087,43478.26087,2,6,3.333333333,2.309401077,5.333333333,0,0,0,1,0,0,0,0,1,5.0,2.0,6.0,24,0,0,0,0,0,0,1,2,1,6,1024,0,0,24,0.0,0.0,0,0,0.0,0.0,0,0,PortScan
1183,49,1,1,2,6,2,2,2.0,0.0,6,6,6.0,0.0,163265.3061,40816.32653,49.0,0.0,49,49,0,0.0,0.0,0,0,0,0.0,0.0,0,0,0,0,0,0,24,20,20408.16327,20408.16327,2,6,3.333333333,2.309401077,5.333333333,0,0,0,1,0,0,0,0,1,5.0,2.0,6.0,24,0,0,0,0,0,0,1,2,1,6,1024,0,0,24,0.0,0.0,0,0,0.0,0.0,0,0,PortScan
15000,44,1,1,2,6,2,2,2.0,0.0,6,6,6.0,0.0,181818.1818,45454.54545,44.0,0.0,44,44,0,0.0,0.0,0,0,0,0.0,0.0,0,0,0,0,0,0,24,20,22727.27273,22727.27273,2,6,3.333333333,2.309401077,5.333333333,0,0,0,1,0,0,0,0,1,5.0,2.0,6.0,24,0,0,0,0,0,0,1,2,1,6,1024,0,0,24,0.0,0.0,0,0,0.0,0.0,0,0,PortScan
1041,60,1,1,2,6,2,2,2.0,0.0,6,6,6.0,0.0,133333.3333,33333.33333,60.0,0.0,60,60,0,0.0,0.0,0,0,0,0.0,0.0,0,0,0,0,0,0,24,20,16666.66667,16666.66667,2,6,3.333333333,2.309401077,5.333333333,0,0,0,1,0,0,0,0,1,5.0,2.0,6.0,24,0,0,0,0,0,0,1,2,1,6,1024,0,0,24,0.0,0.0,0,0,0.0,0.0,0,0,PortScan
1187,43,1,1,2,6,2,2,2.0,0.0,6,6,6.0,0.0,186046.5116,46511.62791,43.0,0.0,43,43,0,0.0,0.0,0,0,0,0.0,0.0,0,0,0,0,0,0,24,20,23255.81395,23255.81395,2,6,3.333333333,2.309401077,5.333333333,0,0,0,1,0,0,0,0,1,5.0,2.0,6.0,24,0,0,0,0,0,0,1,2,1,6,1024,0,0,24,0.0,0.0,0,0,0.0,0.0,0,0,PortScan
64623,37,1,1,2,6,2,2,2.0,0.0,6,6,6.0,0.0,216216.2162,54054.05405,37.0,0.0,37,37,0,0.0,0.0,0,0,0,0.0,0.0,0,0,0,0,0,0,24,20,27027.02703,27027.02703,2,6,3.333333333,2.309401077,5.333333333,0,0,0,1,0,0,0,0,1,5.0,2.0,6.0,24,0,0,0,0,0,0,1,2,1,6,1024,0,0,24,0.0,0.0,0,0,0.0,0.0,0,0,PortScan
1042,23,1,1,2,6,2,2,2.0,0.0,6,6,6.0,0.0,347826.087,86956.52174,23.0,0.0,23,23,0,0.0,0.0,0,0,0,0.0,0.0,0,0,0,0,0,0,24,20,43478.26087,43478.26087,2,6,3.333333333,2.309401077,5.333333333,0,0,0,1,0,0,0,0,1,5.0,2.0,6.0,24,0,0,0,0,0,0,1,2,1,6,1024,0,0,24,0.0,0.0,0,0,0.0,0.0,0,0,PortScan
514,50,1,1,2,6,2,2,2.0,0.0,6,6,6.0,0.0,160000.0,40000.0,50.0,0.0,50,50,0,0.0,0.0,0,0,0,0.0,0.0,0,0,0,0,0,0,24,20,20000.0,20000.0,2,6,3.333333333,2.309401077,5.333333333,0,0,0,1,0,0,0,0,1,5.0,2.0,6.0,24,0,0,0,0,0,0,1,2,1,6,1024,0,0,24,0.0,0.0,0,0,0.0,0.0,0,0,PortScan
1185,52,1,1,2,6,2,2,2.0,0.0,6,6,6.0,0.0,153846.1538,38461.53846,52.0,0.0,52,52,0,0.0,0.0,0,0,0,0.0,0.0,0,0,0,0,0,0,24,20,19230.76923,19230.76923,2,6,3.333333333,2.309401077,5.333333333,0,0,0,1,0,0,0,0,1,5.0,2.0,6.0,24,0,0,0,0,0,0,1,2,1,6,1024,0,0,24,0.0,0.0,0,0,0.0,0.0,0,0,PortScan
515,40,1,1,2,6,2,2,2.0,0.0,6,6,6.0,0.0,200000.0,50000.0,40.0,0.0,40,40,0,0.0,0.0,0,0,0,0.0,0.0,0,0,0,0,0,0,24,20,25000.0,25000.0,2,6,3.333333333,2.309401077,5.333333333,0,0,0,1,0,0,0,0,1,5.0,2.0,6.0,24,0,0,0,0,0,0,1,2,1,6,1024,0,0,24,0.0,0.0,0,0,0.0,0.0,0,0,PortScan
1186,42,1,1,2,6,2,2,2.0,0.0,6,6,6.0,0.0,190476.1905,47619.04762,42.0,0.0,42,42,0,0.0,0.0,0,0,0,0.0,0.0,0,0,0,0,0,0,24,20,23809.52381,23809.52381,2,6,3.333333333,2.309401077,5.333333333,0,0,0,1,0,0,0,0,1,5.0,2.0,6.0,24,0,0,0,0,0,0,1,2,1,6,1024,0,0,24,0.0,0.0,0,0,0.0,0.0,0,0,PortScan
1040,43,1,1,2,6,2,2,2.0,0.0,6,6,6.0,0.0,186046.5116,46511.62791,43.0,0.0,43,43,0,0.0,0.0,0,0,0,0.0,0.0,0,0,0,0,0,0,24,20,23255.81395,23255.81395,2,6,3.333333333,2.309401077,5.333333333,0,0,0,1,0,0,0,0,1,5.0,2.0,6.0,24,0,0,0,0,0,0,1,2,1,6,1024,0,0,24,0.0,0.0,0,0,0.0,0.0,0,0,PortScan
512,63,1,1,2,6,2,2,2.0,0.0,6,6,6.0,0.0,126984.127,31746.03175,63.0,0.0,63,63,0,0.0,0.0,0,0,0,0.0,0.0,0,0,0,0,0,0,24,20,15873.01587,15873.01587,2,6,3.333333333,2.309401077,5.333333333,0,0,0,1,0,0,0,0,1,5.0,2.0,6.0,24,0,0,0,0,0,0,1,2,1,6,1024,0,0,24,0.0,0.0,0,0,0.0,0.0,0,0,PortScan
1045,51,1,1,2,6,2,2,2.0,0.0,6,6,6.0,0.0,156862.7451,39215.68627,51.0,0.0,51,51,0,0.0,0.0,0,0,0,0.0,0.0,0,0,0,0,0,0,24,20,19607.84314,19607.84314,2,6,3.333333333,2.309401077,5.333333333,0,0,0,1,0,0,0,0,1,5.0,2.0,6.0,24,0,0,0,0,0,0,1,2,1,6,1024,0,0,24,0.0,0.0,0,0,0.0,0.0,0,0,PortScan
513,2,1,1,2,6,2,2,2.0,0.0,6,6,6.0,0.0,4000000.0,1000000.0,2.0,0.0,2,2,0,0.0,0.0,0,0,0,0.0,0.0,0,0,0,0,0,0,24,20,500000.0,500000.0,2,6,3.333333333,2.309401077,5.333333333,0,0,0,1,0,0,0,0,1,5.0,2.0,6.0,24,0,0,0,0,0,0,1,2,1,6,1024,0,0,24,0.0,0.0,0,0,0.0,0.0,0,0,PortScan
1046,49,1,1,2,6,2,2,2.0,0.0,6,6,6.0,0.0,163265.3061,40816.32653,49.0,0.0,49,49,0,0.0,0.0,0,0,0,0.0,0.0,0,0,0,0,0,0,24,20,20408.16327,20408.16327,2,6,3.333333333,2.309401077,5.333333333,0,0,0,1,0,0,0,0,1,5.0,2.0,6.0,24,0,0,0,0,0,0,1,2,1,6,1024,0,0,24,0.0,0.0,0,0,0.0,0.0,0,0,PortScan
1043,41,1,1,2,6,2,2,2.0,0.0,6,6,6.0,0.0,195121.9512,48780.4878,41.0,0.0,41,41,0,0.0,0.0,0,0,0,0.0,0.0,0,0,0,0,0,0,24,20,24390.2439,24390.2439,2,6,3.333333333,2.309401077,5.333333333,0,0,0,1,0,0,0,0,1,5.0,2.0,6.0,24,0,0,0,0,0,0,1,2,1,6,1024,0,0,24,0.0,0.0,0,0,0.0,0.0,0,0,PortScan
1044,48,1,1,2,6,2,2,2.0,0.0,6,6,6.0,0.0,166666.6667,41666.66667,48.0,0.0,48,48,0,0.0,0.0,0,0,0,0.0,0.0,0,0,0,0,0,0,24,20,20833.33333,20833.33333,2,6,3.333333333,2.309401077,5.333333333,0,0,0,1,0,0,0,0,1,5.0,2.0,6.0,24,0,0,0,0,0,0,1,2,1,6,1024,0,0,24,0.0,0.0,0,0,0.0,0.0,0,0,PortScan
2222,33,1,1,2,6,2,2,2.0,0.0,6,6,6.0,0.0,242424.2424,60606.06061,33.0,0.0,33,33,0,0.0,0.0,0,0,0,0.0,0.0,0,0,0,0,0,0,24,20,30303.0303,30303.0303,2,6,3.333333333,2.309401077,5.333333333,0,0,0,1,0,0,0,0,1,5.0,2.0,6.0,24,0,0,0,0,0,0,1,2,1,6,1024,0,0,24,0.0,0.0,0,0,0.0,0.0,0,0,PortScan
1048,40,1,1,2,6,2,2,2.0,0.0,6,6,6.0,0.0,200000.0,50000.0,40.0,0.0,40,40,0,0.0,0.0,0,0,0,0.0,0.0,0,0,0,0,0,0,24,20,25000.0,25000.0,2,6,3.333333333,2.309401077,5.333333333,0,0,0,1,0,0,0,0,1,5.0,2.0,6.0,24,0,0,0,0,0,0,1,2,1,6,1024,0,0,24,0.0,0.0,0,0,0.0,0.0,0,0,PortScan
2366,97,1,1,2,6,2,2,2.0,0.0,6,6,6.0,0.0,82474.2268,20618.5567,97.0,0.0,97,97,0,0.0,0.0,0,0,0,0.0,0.0,0,0,0,0,0,0,24,20,10309.27835,10309.27835,2,6,3.333333333,2.309401077,5.333333333,0,0,0,1,0,0,0,0,1,5.0,2.0,6.0,24,0,0,0,0,0,0,1,2,1,6,1024,0,0,24,0.0,0.0,0,0,0.0,0.0,0,0,PortScan
8008,44,1,1,2,6,2,2,2.0,0.0,6,6,6.0,0.0,181818.1818,45454.54545,44.0,0.0,44,44,0,0.0,0.0,0,0,0,0.0,0.0,0,0,0,0,0,0,24,20,22727.27273,22727.27273,2,6,3.333333333,2.309401077,5.333333333,0,0,0,1,0,0,0,0,1,5.0,2.0,6.0,24,0,0,0,0,0,0,1,2,1,6,1024,0,0,24,0.0,0.0,0,0,0.0,0.0,0,0,PortScan
1047,52,1,1,2,6,2,2,2.0,0.0,6,6,6.0,0.0,153846.1538,38461.53846,52.0,0.0,52,52,0,0.0,0.0,0,0,0,0.0,0.0,0,0,0,0,0,0,24,20,19230.76923,19230.76923,2,6,3.333333333,2.309401077,5.333333333,0,0,0,1,0,0,0,0,1,5.0,2.0,6.0,24,0,0,0,0,0,0,1,2,1,6,1024,0,0,24,0.0,0.0,0,0,0.0,0.0,0,0,PortScan
1049,45,1,1,2,6,2,2,2.0,0.0,6,6,6.0,0.0,177777.7778,44444.44444,45.0,0.0,45,45,0,0.0,0.0,0,0,0,0.0,0.0,0,0,0,0,0,0,24,20,22222.22222,22222.22222,2,6,3.333333333,2.309401077,5.333333333,0,0,0,1,0,0,0,0,1,5.0,2.0,6.0,24,0,0,0,0,0,0,1,2,1,6,1024,0,0,24,0.0,0.0,0,0,0.0,0.0,0,0,PortScan
8007,54,1,1,2,6,2,2,2.0,0.0,6,6,6.0,0.0,148148.1481,37037.03704,54.0,0.0,54,54,0,0.0,0.0,0,0,0,0.0,0.0,0,0,0,0,0,0,24,20,18518.51852,18518.51852,2,6,3.333333333,2.309401077,5.333333333,0,0,0,1,0,0,0,0,1,5.0,2.0,6.0,24,0,0,0,0,0,0,1,2,1,6,1024,0,0,24,0.0,0.0,0,0,0.0,0.0,0,0,PortScan
1971,12,1,1,2,6,2,2,2.0,0.0,6,6,6.0,0.0,666666.6667,166666.6667,12.0,0.0,12,12,0,0.0,0.0,0,0,0,0.0,0.0,0,0,0,0,0,0,24,20,83333.33333,83333.33333,2,6,3.333333333,2.309401077,5.333333333,0,0,0,1,0,0,0,0,1,5.0,2.0,6.0,24,0,0,0,0,0,0,1,2,1,6,1024,0,0,24,0.0,0.0,0,0,0.0,0.0,0,0,PortScan
8001,72,1,1,2,6,2,2,2.0,0.0,6,6,6.0,0.0,111111.1111,27777.77778,72.0,0.0,72,72,0,0.0,0.0,0,0,0,0.0,0.0,0,0,0,0,0,0,24,20,13888.88889,13888.88889,2,6,3.333333333,2.309401077,5.333333333,0,0,0,1,0,0,0,0,1,5.0,2.0,6.0,24,0,0,0,0,0,0,1,2,1,6,1024,0,0,24,0.0,0.0,0,0,0.0,0.0,0,0,PortScan
1972,111,1,1,2,6,2,2,2.0,0.0,6,6,6.0,0.0,72072.07207,18018.01802,111.0,0.0,111,111,0,0.0,0.0,0,0,0,0.0,0.0,0,0,0,0,0,0,24,20,9009.009009,9009.009009,2,6,3.333333333,2.309401077,5.333333333,0,0,0,1,0,0,0,0,1,5.0,2.0,6.0,24,0,0,0,0,0,0,1,2,1,6,1024,0,0,24,0.0,0.0,0,0,0.0,0.0,0,0,PortScan
8000,43,1,1,2,6,2,2,2.0,0.0,6,6,6.0,0.0,186046.5116,46511.62791,43.0,0.0,43,43,0,0.0,0.0,0,0,0,0.0,0.0,0,0,0,0,0,0,24,20,23255.81395,23255.81395,2,6,3.333333333,2.309401077,5.333333333,0,0,0,1,0,0,0,0,1,5.0,2.0,6.0,24,0,0,0,0,0,0,1,2,1,6,1024,0,0,24,0.0,0.0,0,0,0.0,0.0,0,0,PortScan
3689,74,1,1,2,6,2,2,2.0,0.0,6,6,6.0,0.0,108108.1081,27027.02703,74.0,0.0,74,74,0,0.0,0.0,0,0,0,0.0,0.0,0,0,0,0,0,0,24,20,13513.51351,13513.51351,2,6,3.333333333,2.309401077,5.333333333,0,0,0,1,0,0,0,0,1,5.0,2.0,6.0,24,0,0,0,0,0,0,1,2,1,6,1024,0,0,24,0.0,0.0,0,0,0.0,0.0,0,0,PortScan
8002,34,1,1,2,6,2,2,2.0,0.0,6,6,6.0,0.0,235294.1176,58823.52941,34.0,0.0,34,34,0,0.0,0.0,0,0,0,0.0,0.0,0,0,0,0,0,0,24,20,29411.76471,29411.76471,2,6,3.333333333,2.309401077,5.333333333,0,0,0,1,0,0,0,0,1,5.0,2.0,6.0,24,0,0,0,0,0,0,1,2,1,6,1024,0,0,24,0.0,0.0,0,0,0.0,0.0,0,0,PortScan
21,38,1,1,0,0,0,0,0.0,0.0,0,0,0.0,0.0,0.0,52631.57895,38.0,0.0,38,38,0,0.0,0.0,0,0,0,0.0,0.0,0,0,0,0,0,0,32,32,26315.78947,26315.78947,0,0,0.0,0.0,0.0,0,0,0,0,1,1,0,0,1,0.0,0.0,0.0,32,0,0,0,0,0,0,1,0,1,0,229,227,0,32,0.0,0.0,0,0,0.0,0.0,0,0,FTP-Patator
21,80,1,1,0,0,0,0,0.0,0.0,0,0,0.0,0.0,0.0,25000.0,80.0,0.0,80,80,0,0.0,0.0,0,0,0,0.0,0.0,0,0,0,0,0,0,32,32,12500.0,12500.0,0,0,0.0,0.0,0.0,0,0,0,0,1,1,0,0,1,0.0,0.0,0.0,32,0,0,0,0,0,0,1,0,1,0,229,227,0,32,0.0,0.0,0,0,0.0,0.0,0,0,FTP-Patator
21,68,1,1,0,0,0,0,0.0,0.0,0,0,0.0,0.0,0.0,29411.76471,68.0,0.0,68,68,0,0.0,0.0,0,0,0,0.0,0.0,0,0,0,0,0,0,32,32,14705.88235,14705.88235,0,0,0.0,0.0,0.0,0,0,0,0,1,1,0,0,1,0.0,0.0,0.0,32,0,0,0,0,0,0,1,0,1,0,229,227,0,32,0.0,0.0,0,0,0.0,0.0,0,0,FTP-Patator
21,47,1,1,0,0,0,0,0.0,0.0,0,0,0.0,0.0,0.0,42553.19149,47.0,0.0,47,47,0,0.0,0.0,0,0,0,0.0,0.0,0,0,0,0,0,0,32,32,21276.59574,21276.59574,0,0,0.0,0.0,0.0,0,0,0,0,1,1,0,0,1,0.0,0.0,0.0,32,0,0,0,0,0,0,1,0,1,0,229,227,0,32,0.0,0.0,0,0,0.0,0.0,0,0,FTP-Patator
21,83,1,1,0,0,0,0,0.0,0.0,0,0,0.0,0.0,0.0,24096.38554,83.0,0.0,83,83,0,0.0,0.0,0,0,0,0.0,0.0,0,0,0,0,0,0,32,32,12048.19277,12048.19277,0,0,0.0,0.0,0.0,0,0,0,0,1,1,0,0,1,0.0,0.0,0.0,32,0,0,0,0,0,0,1,0,1,0,229,227,0,32,0.0,0.0,0,0,0.0,0.0,0,0,FTP-Patator
21,265,2,1,14,0,14,0,7.0,9.899494937,0,0,0.0,0.0,52830.18868,11320.75472,132.5,71.4177849,183,82,265,265.0,0.0,265,265,0,0.0,0.0,0,0,1,0,0,0,64,20,7547.169811,3773.584906,0,14,7.0,8.082903769,65.33333333,0,1,0,0,1,0,0,0,0,9.333333333,7.0,0.0,64,0,0,0,0,0,0,2,14,1,0,229,0,0,32,0.0,0.0,0,0,0.0,0.0,0,0,FTP-Patator
21,3302859,6,6,36,76,22,0,6.0,9.633275663,34,0,12.66666667,14.67878287,33.91001554,3.63321595,300259.9091,977989.9797,3248752,3,3302859,660571.8,1471692.192,3293208,3,3302056,660411.2,1447040.35,3248752,3,0,0,0,0,200,200,1.816607975,1.816607975,0,34,8.615384615,12.09365165,146.2564103,0,0,0,1,0,0,0,0,1,9.333333333,6.0,12.66666667,200,0,0,0,0,0,0,6,36,6,76,29200,227,2,32,0.0,0.0,0,0,0.0,0.0,0,0,FTP-Patator
21,3,2,0,14,0,14,0,7.0,9.899494937,0,0,0.0,0.0,4666666.667,666666.6667,3.0,0.0,3,3,3,3.0,0.0,3,3,0,0.0,0.0,0,0,1,0,0,0,64,0,666666.6667,0.0,0,14,9.333333333,8.082903769,65.33333333,0,1,0,0,1,0,0,0,0,14.0,7.0,0.0,64,0,0,0,0,0,0,2,14,0,0,229,-1,0,32,0.0,0.0,0,0,0.0,0.0,0,0,FTP-Patator
21,215,2,1,14,0,14,0,7.0,9.899494937,0,0,0.0,0.0,65116.27907,13953.48837,107.5,120.9152596,193,22,215,215.0,0.0,215,215,0,0.0,0.0,0,0,1,0,0,0,64,20,9302.325581,4651.162791,0,14,7.0,8.082903769,65.33333333,0,1,0,0,1,0,0,0,0,9.333333333,7.0,0.0,64,0,0,0,0,0,0,2,14,1,0,229,0,0,32,0.0,0.0,0,0,0.0,0.0,0,0,FTP-Patator
21,289,2,1,14,0,14,0,7.0,9.899494937,0,0,0.0,0.0,48442.90657,10380.62284,144.5,101.1162697,216,73,289,289.0,0.0,289,289,0,0.0,0.0,0,0,1,0,0,0,64,20,6920.415225,3460.207612,0,14,7.0,8.082903769,65.33333333,0,1,0,0,1,0,0,0,0,9.333333333,7.0,0.0,64,0,0,0,0,0,0,2,14,1,0,229,0,0,32,0.0,0.0,0,0,0.0,0.0,0,0,FTP-Patator
21,6543160,8,10,68,132,22,0,8.5,9.426406678,34,0,13.2,14.67272602,30.56627073,2.750964366,384891.7647,1069358.783,3270044,3,6543160,934737.1429,1594751.48,3314868,246,6540117,726679.6667,1416968.47,3270044,3,0,0,0,0,264,328,1.222650829,1.528313537,0,34,10.52631579,12.41579827,154.1520468,0,0,0,1,0,0,0,0,1,11.11111111,8.5,13.2,264,0,0,0,0,0,0,8,68,10,132,29200,227,4,32,0.0,0.0,0,0,0.0,0.0,0,0,FTP-Patator
21,6627499,8,10,75,132,24,0,9.375,10.64944667,34,0,13.2,14.67272602,31.23350151,2.715956653,389852.8824,1063619.443,3256575,3,6627499,946785.5714,1579611.89,3299772,3,6626764,736307.1111,1405578.01,3256575,3,0,0,0,0,264,328,1.207091846,1.508864807,0,34,10.89473684,12.74055091,162.3216374,0,0,0,1,0,0,0,0,1,11.5,9.375,13.2,264,0,0,0,0,0,0,8,75,10,132,29200,227,4,32,0.0,0.0,0,0,0.0,0.0,0,0,FTP-Patator
21,6511621,8,10,70,132,23,0,8.75,9.779716619,34,0,13.2,14.67272602,31.02146148,2.764288646,383036.5294,1064350.103,3248697,3,6511621,930231.5714,1587097.074,3291903,4,6510958,723439.7778,1410206.581,3248697,3,0,0,0,0,264,328,1.228572732,1.535715915,0,34,10.63157895,12.50426828,156.3567251,0,0,0,1,0,0,0,0,1,11.22222222,8.75,13.2,264,0,0,0,0,0,0,8,70,10,132,29200,227,4,32,0.0,0.0,0,0,0.0,0.0,0,0,FTP-Patator
21,40,2,0,14,0,14,0,7.0,9.899494937,0,0,0.0,0.0,350000.0,50000.0,40.0,0.0,40,40,40,40.0,0.0,40,40,0,0.0,0.0,0,0,1,0,0,0,64,0,50000.0,0.0,0,14,9.333333333,8.082903769,65.33333333,0,1,0,0,1,0,0,0,0,14.0,7.0,0.0,64,0,0,0,0,0,0,2,14,0,0,229,-1,0,32,0.0,0.0,0,0,0.0,0.0,0,0,FTP-Patator
21,335,2,1,14,0,14,0,7.0,9.899494937,0,0,0.0,0.0,41791.04478,8955.223881,167.5,122.3294731,254,81,335,335.0,0.0,335,335,0,0.0,0.0,0,0,1,0,0,0,64,20,5970.149254,2985.074627,0,14,7.0,8.082903769,65.33333333,0,1,0,0,1,0,0,0,0,9.333333333,7.0,0.0,64,0,0,0,0,0,0,2,14,1,0,229,0,0,32,0.0,0.0,0,0,0.0,0.0,0,0,FTP-Patator
21,18,2,0,14,0,14,0,7.0,9.899494937,0,0,0.0,0.0,777777.7778,111111.1111,18.0,0.0,18,18,18,18.0,0.0,18,18,0,0.0,0.0,0,0,1,0,0,0,64,0,111111.1111,0.0,0,14,9.333333333,8.082903769,65.33333333,0,1,0,0,1,0,0,0,0,14.0,7.0,0.0,64,0,0,0,0,0,0,2,14,0,0,229,-1,0,32,0.0,0.0,0,0,0.0,0.0,0,0,FTP-Patator
21,349,2,1,14,0,14,0,7.0,9.899494937,0,0,0.0,0.0,40114.61318,8595.988539,174.5,139.3000359,273,76,349,349.0,0.0,349,349,0,0.0,0.0,0,0,1,0,0,0,64,20,5730.659026,2865.329513,0,14,7.0,8.082903769,65.33333333,0,1,0,0,1,0,0,0,0,9.333333333,7.0,0.0,64,0,0,0,0,0,0,2,14,1,0,229,0,0,32,0.0,0.0,0,0,0.0,0.0,0,0,FTP-Patator
21,9711548,9,15,104,188,23,0,11.55555556,9.275116052,34,0,12.53333333,14.54975045,30.0672972,2.471284701,422241.2174,1098758.339,3364590,2,6416918,802114.75,1486759.301,3408791,3,9711454,693675.2857,1356582.3,3364590,2,0,0,0,0,296,488,0.926731763,1.544552938,0,34,11.68,12.58213019,158.31,0,0,0,1,0,0,0,0,1,12.16666667,11.55555556,12.53333333,296,0,0,0,0,0,0,9,104,15,188,29200,227,6,32,0.0,0.0,0,0,0.0,0.0,0,0,FTP-Patator
80,13724,3,6,26,11601,20,0,8.666666667,10.26320288,4380,0,1933.5,1757.789948,847201.9819,655.7854853,1715.5,4102.197181,11845,15,12891,6445.5,7636.04613,11845,1046,13559,2711.8,5698.54356,12902,15,0,0,0,0,72,132,218.5951618,437.1903235,0,4380,1162.7,1645.241762,2706820.456,0,0,0,1,0,0,0,0,2,1291.888889,8.666666667,1933.5,72,0,0,0,0,0,0,3,26,6,11601,8192,229,2,20,0.0,0.0,0,0,0.0,0.0,0,0,DDoS
80,10453138,4,0,24,0,6,6,6.0,0.0,0,0,0.0,0.0,2.29596127,0.382660212,3484379.333,6034519.285,10500000,290,10500000,3484379.333,6034519.285,10500000,290,0,0.0,0.0,0,0,0,0,0,0,80,0,0.382660212,0.0,6,6,6.0,0.0,0.0,0,0,0,0,1,0,0,0,0,7.5,6.0,0.0,80,0,0,0,0,0,0,4,24,0,0,256,-1,3,20,696.0,0.0,696,696,10500000.0,0.0,10500000,10500000,DDoS
80,1632,3,6,26,11607,20,0,8.666666667,10.26320288,4380,0,1934.5,2177.344966,7128063.725,5514.705882,204.0,299.140674,875,3,1089,544.5,702.1570337,1041,48,1466,293.2,429.3334369,1005,3,0,0,0,0,72,132,1838.235294,3676.470588,0,4380,1163.3,1903.962654,3625073.789,0,0,0,1,0,0,0,0,2,1292.555556,8.666666667,1934.5,72,0,0,0,0,0,0,3,26,6,11607,8192,229,2,20,0.0,0.0,0,0,0.0,0.0,0,0,DDoS
80,10440135,5,0,30,0,6,6,6.0,0.0,0,0,0.0,0.0,2.873526061,0.47892101,2610033.75,5219274.167,10400000,326,10400000,2610033.75,5219274.167,10400000,326,0,0.0,0.0,0,0,0,0,0,0,100,0,0.47892101,0.0,6,6,6.0,0.0,0.0,0,0,0,0,1,0,0,0,0,7.2,6.0,0.0,100,0,0,0,0,0,0,5,30,0,0,256,-1,4,20,1190.0,0.0,1190,1190,10400000.0,0.0,10400000,10400000,DDoS
80,1604,3,6,26,11607,20,0,8.666666667,10.26320288,5840,0,1934.5,2538.919278,7252493.766,5610.972569,200.5,316.1279126,914,3,1050,525.0,738.2194796,1047,3,1471,294.2,432.603398,1011,3,0,0,0,0,72,132,1870.32419,3740.648379,0,5840,1163.3,2138.329153,4572451.567,0,0,0,1,0,0,0,0,2,1292.555556,8.666666667,1934.5,72,0,0,0,0,0,0,3,26,6,11607,8192,229,2,20,0.0,0.0,0,0,0.0,0.0,0,0,DDoS
80,10426959,4,0,24,0,6,6,6.0,0.0,0,0,0.0,0.0,2.301725748,0.383620958,3475653.0,6019338.148,10400000,371,10400000,3475653.0,6019338.148,10400000,371,0,0.0,0.0,0,0,0,0,0,0,80,0,0.383620958,0.0,6,6,6.0,0.0,0.0,0,0,0,0,1,0,0,0,0,7.5,6.0,0.0,80,0,0,0,0,0,0,4,24,0,0,256,-1,3,20,773.0,0.0,773,773,10400000.0,0.0,10400000,10400000,DDoS
80,1533,3,6,26,11607,20,0,8.666666667,10.26320288,5840,0,1934.5,2538.919278,7588388.78,5870.841487,191.625,308.6111458,890,2,993,496.5,697.914393,990,3,1433,286.6,420.5993343,984,2,0,0,0,0,72,132,1956.947162,3913.894325,0,5840,1163.3,2138.329153,4572451.567,0,0,0,1,0,0,0,0,2,1292.555556,8.666666667,1934.5,72,0,0,0,0,0,0,3,26,6,11607,8192,229,2,20,0.0,0.0,0,0,0.0,0.0,0,0,DDoS
80,10417544,4,0,24,0,6,6,6.0,0.0,0,0,0.0,0.0,2.303805964,0.383967661,3472514.667,6013823.587,10400000,349,10400000,3472514.667,6013823.587,10400000,349,0,0.0,0.0,0,0,0,0,0,0,80,0,0.383967661,0.0,6,6,6.0,0.0,0.0,0,0,0,0,1,0,0,0,0,7.5,6.0,0.0,80,0,0,0,0,0,0,4,24,0,0,256,-1,3,20,864.0,0.0,864,864,10400000.0,0.0,10400000,10400000,DDoS
80,1393,3,6,26,11607,20,0,8.666666667,10.26320288,4380,0,1934.5,2177.344966,8351040.919,6460.875808,174.125,295.8128933,874,3,950,475.0,666.0945879,946,4,1321,264.2,401.5161267,956,3,0,0,0,0,72,132,2153.625269,4307.250538,0,4380,1163.3,1903.962654,3625073.789,0,0,0,1,0,0,0,0,2,1292.555556,8.666666667,1934.5,72,0,0,0,0,0,0,3,26,6,11607,8192,229,2,20,0.0,0.0,0,0,0.0,0.0,0,0,DDoS
80,10414106,4,0,24,0,6,6,6.0,0.0,0,0,0.0,0.0,2.304566518,0.38409442,3471368.667,6011904.475,10400000,366,10400000,3471368.667,6011904.475,10400000,366,0,0.0,0.0,0,0,0,0,0,0,80,0,0.38409442,0.0,6,6,6.0,0.0,0.0,0,0,0,0,1,0,0,0,0,7.5,6.0,0.0,80,0,0,0,0,0,0,4,24,0,0,256,-1,3,20,788.0,0.0,788,788,10400000.0,0.0,10400000,10400000,DDoS
80,1590,3,6,26,11607,20,0,8.666666667,10.26320288,4380,0,1934.5,2177.344966,7316352.201,5660.377358,198.75,315.2054885,914,3,1046,523.0,733.9768389,1042,4,1462,292.4,430.1665956,1008,3,0,0,0,0,72,132,1886.792453,3773.584906,0,4380,1163.3,1903.962654,3625073.789,0,0,0,1,0,0,0,0,2,1292.555556,8.666666667,1934.5,72,0,0,0,0,0,0,3,26,6,11607,8192,229,2,20,0.0,0.0,0,0,0.0,0.0,0,0,DDoS
80,10403699,4,0,24,0,6,6,6.0,0.0,0,0,0.0,0.0,2.306871815,0.384478636,3467899.667,6005835.369,10400000,326,10400000,3467899.667,6005835.369,10400000,326,0,0.0,0.0,0,0,0,0,0,0,80,0,0.384478636,0.0,6,6,6.0,0.0,0.0,0,0,0,0,1,0,0,0,0,7.5,6.0,0.0,80,0,0,0,0,0,0,4,24,0,0,256,-1,3,20,858.0,0.0,858,858,10400000.0,0.0,10400000,10400000,DDoS
80,1217,3,6,26,11607,20,0,8.666666667,10.26320288,5840,0,1934.5,2538.919278,9558751.027,7395.234182,152.125,247.1456699,738,3,808,404.0,565.6854249,804,4,1151,230.2,339.8804201,818,3,0,0,0,0,72,132,2465.078061,4930.156122,0,5840,1163.3,2138.329153,4572451.567,0,0,0,1,0,0,0,0,2,1292.555556,8.666666667,1934.5,72,0,0,0,0,0,0,3,26,6,11607,8192,229,2,20,0.0,0.0,0,0,0.0,0.0,0,0,DDoS
80,10401308,4,0,24,0,6,6,6.0,0.0,0,0,0.0,0.0,2.307402108,0.384567018,3467102.667,6004532.866,10400000,367,10400000,3467102.667,6004532.866,10400000,367,0,0.0,0.0,0,0,0,0,0,0,80,0,0.384567018,0.0,6,6,6.0,0.0,0.0,0,0,0,0,1,0,0,0,0,7.5,6.0,0.0,80,0,0,0,0,0,0,4,24,0,0,256,-1,3,20,768.0,0.0,768,768,10400000.0,0.0,10400000,10400000,DDoS
80,658536,3,6,26,11607,20,0,8.666666667,10.26320288,4380,0,1934.5,2177.344966,17664.94163,13.66667881,82317.0,232330.4161,657305,2,1023,511.5,696.5001795,1004,19,658404,131680.8,293833.1862,657305,2,0,0,0,0,72,132,4.555559605,9.11111921,0,4380,1163.3,1903.962654,3625073.789,0,0,0,1,0,0,0,0,2,1292.555556,8.666666667,1934.5,72,0,0,0,0,0,0,3,26,6,11607,8192,229,2,20,0.0,0.0,0,0,0.0,0.0,0,0,DDoS
80,9733523,4,0,24,0,6,6,6.0,0.0,0,0,0.0,0.0,2.465705377,0.410950896,3244507.667,5619037.247,9732813,273,9733523,3244507.667,5619037.247,9732813,273,0,0.0,0.0,0,0,0,0,0,0,80,0,0.410950896,0.0,6,6,6.0,0.0,0.0,0,0,0,0,1,0,0,0,0,7.5,6.0,0.0,80,0,0,0,0,0,0,4,24,0,0,256,-1,3,20,710.0,0.0,710,710,9732813.0,0.0,9732813,9732813,DDoS
80,1655458,3,6,26,11607,20,0,8.666666667,10.26320288,5840,0,1934.5,2538.919278,7027.058373,5.436561967,206932.25,584828.1901,1654308,3,1024,512.0,654.7808794,975,49,1655351,331070.2,739712.5339,1654308,3,0,0,0,0,72,132,1.812187322,3.624374644,0,5840,1163.3,2138.329153,4572451.567,0,0,0,1,0,0,0,0,2,1292.555556,8.666666667,1934.5,72,0,0,0,0,0,0,3,26,6,11607,8192,229,2,20,0.0,0.0,0,0,0.0,0.0,0,0,DDoS
80,8734350,4,0,24,0,6,6,6.0,0.0,0,0,0.0,0.0,2.747771729,0.457961955,2911450.0,5042191.293,8733671,276,8734350,2911450.0,5042191.293,8733671,276,0,0.0,0.0,0,0,0,0,0,0,80,0,0.457961955,0.0,6,6,6.0,0.0,0.0,0,0,0,0,1,0,0,0,0,7.5,6.0,0.0,80,0,0,0,0,0,0,4,24,0,0,256,-1,3,20,679.0,0.0,679,679,8733671.0,0.0,8733671,8733671,DDoS
80,1271648,3,6,26,11607,20,0,8.666666667,10.26320288,5840,0,1934.5,2538.919278,9147.971766,7.077430232,158956.0,449121.5979,1270475,3,1049,524.5,672.4585489,1000,49,1271544,254308.8,568054.334,1270475,3,0,0,0,0,72,132,2.359143411,4.718286822,0,5840,1163.3,2138.329153,4572451.567,0,0,0,1,0,0,0,0,2,1292.555556,8.666666667,1934.5,72,0,0,0,0,0,0,3,26,6,11607,8192,229,2,20,0.0,0.0,0,0,0.0,0.0,0,0,DDoS
80,8452090,4,0,24,0,6,6,6.0,0.0,0,0,0.0,0.0,2.839534364,0.473255727,2817363.333,4879135.741,8451304,353,8452090,2817363.333,4879135.741,8451304,353,0,0.0,0.0,0,0,0,0,0,0,80,0,0.473255727,0.0,6,6,6.0,0.0,0.0,0,0,0,0,1,0,0,0,0,7.5,6.0,0.0,80,0,0,0,0,0,0,4,24,0,0,256,-1,3,20,786.0,0.0,786,786,8451304.0,0.0,8451304,8451304,DDoS
80,283381,3,5,26,11607,20,0,8.666666667,10.26320288,7215,0,2321.4,3327.769794,41050.74088,28.23054474,40483.0,106561.2077,282140,4,1002,501.0,702.8641405,998,4,283300,70825.0,140877.3297,282140,5,0,0,0,0,72,112,10.58645428,17.64409046,0,7215,1292.555556,2650.585648,7025604.278,0,0,0,1,0,0,0,0,1,1454.125,8.666666667,2321.4,72,0,0,0,0,0,0,3,26,5,11607,8192,229,2,20,0.0,0.0,0,0,0.0,0.0,0,0,DDoS
80,8439207,4,0,24,0,6,6,6.0,0.0,0,0,0.0,0.0,2.843869098,0.473978183,2813069.0,4871796.466,8438535,191,8439207,2813069.0,4871796.466,8438535,191,0,0.0,0.0,0,0,0,0,0,0,80,0,0.473978183,0.0,6,6,6.0,0.0,0.0,0,0,0,0,1,0,0,0,0,7.5,6.0,0.0,80,0,0,0,0,0,0,4,24,0,0,256,-1,3,20,672.0,0.0,672,672,8438535.0,0.0,8438535,8438535,DDoS
80,53148,3,6,26,11607,20,0,8.666666667,10.26320288,5840,0,1934.5,2538.919278,218879.3558,169.3384511,6643.5,18316.82448,51969,2,1039,519.5,730.441305,1036,3,53023,10604.6,23127.22444,51969,2,0,0,0,0,72,132,56.44615037,112.8923007,0,5840,1163.3,2138.329153,4572451.567,0,0,0,1,0,0,0,0,2,1292.555556,8.666666667,1934.5,72,0,0,0,0,0,0,3,26,6,11607,8192,229,2,20,0.0,0.0,0,0,0.0,0.0,0,0,DDoS
80,8424013,4,0,24,0,6,6,6.0,0.0,0,0,0.0,0.0,2.848998452,0.474833075,2808004.333,4862967.913,8423276,317,8424013,2808004.333,4862967.913,8423276,317,0,0.0,0.0,0,0,0,0,0,0,80,0,0.474833075,0.0,6,6,6.0,0.0,0.0,0,0,0,0,1,0,0,0,0,7.5,6.0,0.0,80,0,0,0,0,0,0,4,24,0,0,256,-1,3,20,737.0,0.0,737,737,8423276.0,0.0,8423276,8423276,DDoS
80,24707,3,5,26,11607,20,0,8.666666667,10.26320288,5840,0,2321.4,3173.373883,470838.224,323.7948759,3529.571429,8900.108161,23705,3,778,389.0,545.8864351,775,3,24652,6163.0,11699.6378,23705,3,0,0,0,0,72,112,121.4230785,202.3717975,0,5840,1292.555556,2554.159212,6523729.278,0,0,0,1,0,0,0,0,1,1454.125,8.666666667,2321.4,72,0,0,0,0,0,0,3,26,5,11607,8192,229,2,20,0.0,0.0,0,0,0.0,0.0,0,0,DDoS
80,8415090,4,0,24,0,6,6,6.0,0.0,0,0,0.0,0.0,2.852019408,0.475336568,2805030.0,4857868.179,8414413,236,8415090,2805030.0,4857868.179,8414413,236,0,0.0,0.0,0,0,0,0,0,0,80,0,0.475336568,0.0,6,6,6.0,0.0,0.0,0,0,0,0,1,0,0,0,0,7.5,6.0,0.0,80,0,0,0,0,0,0,4,24,0,0,256,-1,3,20,677.0,0.0,677,677,8414413.0,0.0,8414413,8414413,DDoS
80,15548,3,6,26,11607,20,0,8.666666667,10.26320288,4380,0,1934.5,2177.344966,748199.1253,578.8525855,1943.5,5014.349011,14332,4,1069,534.5,686.6006845,1020,49,15416,3083.2,6302.984309,14332,4,0,0,0,0,72,132,192.9508618,385.9017237,0,4380,1163.3,1903.962654,3625073.789,0,0,0,1,0,0,0,0,2,1292.555556,8.666666667,1934.5,72,0,0,0,0,0,0,3,26,6,11607,8192,229,2,20,0.0,0.0,0,0,0.0,0.0,0,0,DDoS
80,8411825,4,0,24,0,6,6,6.0,0.0,0,0,0.0,0.0,2.853126402,0.475521067,2803941.667,4855814.255,8410953,347,8411825,2803941.667,4855814.255,8410953,347,0,0.0,0.0,0,0,0,0,0,0,80,0,0.475521067,0.0,6,6,6.0,0.0,0.0,0,0,0,0,1,0,0,0,0,7.5,6.0,0.0,80,0,0,0,0,0,0,4,24,0,0,256,-1,3,20,872.0,0.0,872,872,8410953.0,0.0,8410953,8410953,DDoS
80,9613,3,6,26,11607,20,0,8.666666667,10.26320288,5840,0,1934.5,2538.919278,1210132.113,936.2321856,1201.625,2939.405282,8443,3,1016,508.0,650.5382387,968,48,9494,1898.8,3682.11036,8443,3,0,0,0,0,72,132,312.0773952,624.1547904,0,5840,1163.3,2138.329153,4572451.567,0,0,0,1,0,0,0,0,2,1292.555556,8.666666667,1934.5,72,0,0,0,0,0,0,3,26,6,11607,8192,229,2,20,0.0,0.0,0,0,0.0,0.0,0,0,DDoS
80,8403319,4,0,24,0,6,6,6.0,0.0,0,0,0.0,0.0,2.856014391,0.476002399,2801106.333,4850911.974,8402457,339,8403319,2801106.333,4850911.974,8402457,339,0,0.0,0.0,0,0,0,0,0,0,80,0,0.476002399,0.0,6,6,6.0,0.0,0.0,0,0,0,0,1,0,0,0,0,7.5,6.0,0.0,80,0,0,0,0,0,0,4,24,0,0,256,-1,3,20,862.0,0.0,862,862,8402457.0,0.0,8402457,8402457,DDoS
80,4184,3,6,26,11607,20,0,8.666666667,10.26320288,5840,0,1934.5,2538.919278,2780353.728,2151.051625,523.0,1043.571204,3003,3,1003,501.5,704.9854608,1000,3,4060,812.0,1288.414141,3003,3,0,0,0,0,72,132,717.0172084,1434.034417,0,5840,1163.3,2138.329153,4572451.567,0,0,0,1,0,0,0,0,2,1292.555556,8.666666667,1934.5,72,0,0,0,0,0,0,3,26,6,11607,8192,229,2,20,0.0,0.0,0,0,0.0,0.0,0,0,DDoS
80,8399787,4,0,24,0,6,6,6.0,0.0,0,0,0.0,0.0,2.857215308,0.476202551,2799929.0,4849007.007,8399080,257,8399787,2799929.0,4849007.007,8399080,257,0,0.0,0.0,0,0,0,0,0,0,80,0,0.476202551,0.0,6,6,6.0,0.0,0.0,0,0,0,0,1,0,0,0,0,7.5,6.0,0.0,80,0,0,0,0,0,0,4,24,0,0,256,-1,3,20,707.0,0.0,707,707,8399080.0,0.0,8399080,8399080,DDoS
80,668769,3,6,26,11607,20,0,8.666666667,10.26320288,5840,0,1934.5,2538.919278,17394.64598,13.45756158,83596.125,235993.9955,667651,3,966,483.0,668.923015,956,10,668699,133739.8,298465.7259,667651,3,0,0,0,0,72,132,4.48585386,8.97170772,0,5840,1163.3,2138.329153,4572451.567,0,0,0,1,0,0,0,0,2,1292.555556,8.666666667,1934.5,72,0,0,0,0,0,0,3,26,6,11607,8192,229,2,20,0.0,0.0,0,0,0.0,0.0,0,0,DDoS
80,7731256,5,0,30,0,6,6,6.0,0.0,0,0,0.0,0.0,3.880352688,0.646725448,1932814.0,3865002.0,7730317,250,7731256,1932814.0,3865002.0,7730317,250,0,0.0,0.0,0,0,0,0,0,0,100,0,0.646725448,0.0,6,6,6.0,0.0,0.0,0,0,0,0,1,0,0,0,0,7.2,6.0,0.0,100,0,0,0,0,0,0,5,30,0,0,256,-1,4,20,939.0,0.0,939,939,7730317.0,0.0,7730317,7730317,DDoS
80,659835,3,6,26,11607,20,0,8.666666667,10.26320288,5755,0,1934.5,2529.124572,17630.16512,13.63977358,82479.375,232794.5387,658616,1,1041,520.5,734.6839457,1040,1,659681,131936.2,294423.2616,658616,3,0,0,0,0,72,132,4.546591193,9.093182387,0,5755,1163.3,2131.87096,4544873.789,0,0,0,1,0,0,0,0,2,1292.555556,8.666666667,1934.5,72,0,0,0,0,0,0,3,26,6,11607,8192,229,2,20,0.0,0.0,0,0,0.0,0.0,0,0,DDoS
80,7731078,4,0,24,0,6,6,6.0,0.0,0,0,0.0,0.0,3.104353623,0.517392271,2577026.0,4462932.881,7730377,290,7731078,2577026.0,4462932.881,7730377,290,0,0.0,0.0,0,0,0,0,0,0,80,0,0.517392271,0.0,6,6,6.0,0.0,0.0,0,0,0,0,1,0,0,0,0,7.5,6.0,0.0,80,0,0,0,0,0,0,4,24,0,0,256,-1,3,20,701.0,0.0,701,701,7730377.0,0.0,7730377,7730377,DDoS
80,1655971,3,6,26,11607,20,0,8.666666667,10.26320288,5840,0,1934.5,2538.919278,7024.881474,5.434877785,206996.375,585001.0754,1654800,3,1041,520.5,668.2159082,993,48,1655835,331167.0,739933.4551,1654800,3,0,0,0,0,72,132,1.811625928,3.623251856,0,5840,1163.3,2138.329153,4572451.567,0,0,0,1,0,0,0,0,2,1292.555556,8.666666667,1934.5,72,0,0,0,0,0,0,3,26,6,11607,8192,229,2,20,0.0,0.0,0,0,0.0,0.0,0,0,DDoS
80,6731582,4,0,24,0,6,6,6.0,0.0,0,0,0.0,0.0,3.565283762,0.59421396,2243860.667,3885880.524,6730889,303,6731582,2243860.667,3885880.524,6730889,303,0,0.0,0.0,0,0,0,0,0,0,80,0,0.59421396,0.0,6,6,6.0,0.0,0.0,0,0,0,0,1,0,0,0,0,7.5,6.0,0.0,80,0,0,0,0,0,0,4,24,0,0,256,-1,3,20,693.0,0.0,693,693,6730889.0,0.0,6730889,6730889,DDoS
80,1271982,3,6,26,11607,20,0,8.666666667,10.26320288,5840,0,1934.5,2538.919278,9145.56967,7.075571824,158997.75,449277.6698,1270903,1,938,469.0,661.8519472,937,1,1271941,254388.2,568249.1969,1270903,4,0,0,0,0,72,132,2.358523941,4.717047883,0,5840,1163.3,2138.329153,4572451.567,0,0,0,1,0,0,0,0,2,1292.555556,8.666666667,1934.5,72,0,0,0,0,0,0,3,26,6,11607,8192,229,2,20,0.0,0.0,0,0,0.0,0.0,0,0,DDoS
80,6448146,4,0,24,0,6,6,6.0,0.0,0,0,0.0,0.0,3.722000091,0.620333349,2149382.0,3722273.316,6447493,204,6448146,2149382.0,3722273.316,6447493,204,0,0.0,0.0,0,0,0,0,0,0,80,0,0.620333349,0.0,6,6,6.0,0.0,0.0,0,0,0,0,1,0,0,0,0,7.5,6.0,0.0,80,0,0,0,0,0,0,4,24,0,0,256,-1,3,20,653.0,0.0,653,653,6447493.0,0.0,6447493,6447493,DDoS
80,1282555,3,6,26,11607,20,0,8.666666667,10.26320288,4380,0,1934.5,2177.344966,9070.176328,7.017242925,160319.375,453092.9174,1281667,4,755,377.5,528.2087655,751,4,1282472,256494.4,573088.9887,1281667,4,0,0,0,0,72,132,2.339080975,4.67816195,0,4380,1163.3,1903.962654,3625073.789,0,0,0,1,0,0,0,0,2,1292.555556,8.666666667,1934.5,72,0,0,0,0,0,0,3,26,6,11607,8192,229,2,20,0.0,0.0,0,0,0.0,0.0,0,0,DDoS
80,6438204,5,0,30,0,6,6,6.0,0.0,0,0,0.0,0.0,4.659684595,0.776614099,1609551.0,3218314.002,6437022,248,6438204,1609551.0,3218314.002,6437022,248,0,0.0,0.0,0,0,0,0,0,0,100,0,0.776614099,0.0,6,6,6.0,0.0,0.0,0,0,0,0,1,0,0,0,0,7.2,6.0,0.0,100,0,0,0,0,0,0,5,30,0,0,256,-1,4,20,1182.0,0.0,1182,1182,6437022.0,0.0,6437022,6437022,DDoS
80,306849,3,6,26,11607,20,0,8.666666667,10.26320288,5840,0,1934.5,2538.919278,37911.155,29.33038726,38356.125,108040.1666,305741,1,948,474.0,668.923015,947,1,306738,61347.6,136620.632,305741,3,0,0,0,0,72,132,9.776795753,19.55359151,0,5840,1163.3,2138.329153,4572451.567,0,0,0,1,0,0,0,0,2,1292.555556,8.666666667,1934.5,72,0,0,0,0,0,0,3,26,6,11607,8192,229,2,20,0.0,0.0,0,0,0.0,0.0,0,0,DDoS
80,6412382,4,0,24,0,6,6,6.0,0.0,0,0,0.0,0.0,3.742758931,0.623793155,2137460.667,3701581.658,6411679,317,6412382,2137460.667,3701581.658,6411679,317,0,0.0,0.0,0,0,0,0,0,0,80,0,0.623793155,0.0,6,6,6.0,0.0,0.0,0,0,0,0,1,0,0,0,0,7.5,6.0,0.0,80,0,0,0,0,0,0,4,24,0,0,256,-1,3,20,703.0,0.0,703,703,6411679.0,0.0,6411679,6411679,DDoS
80,35992,3,6,26,11607,20,0,8.666666667,10.26320288,4380,0,1934.5,2177.344966,323210.7135,250.0555679,4499.0,12035.36606,34267,16,1402,701.0,905.0966799,1341,61,35915,7183.0,15151.1274,34267,16,0,0,0,0,72,132,83.35185597,166.7037119,0,4380,1163.3,1903.962654,3625073.789,0,0,0,1,0,0,0,0,2,1292.555556,8.666666667,1934.5,72,0,0,0,0,0,0,3,26,6,11607,8192,229,2,20,0.0,0.0,0,0,0.0,0.0,0,0,DDoS
80,6400548,4,0,24,0,6,6,6.0,0.0,0,0,0.0,0.0,3.749678934,0.624946489,2133516.0,3694627.186,6399704,356,6400548,2133516.0,3694627.186,6399704,356,0,0.0,0.0,0,0,0,0,0,0,80,0,0.624946489,0.0,6,6,6.0,0.0,0.0,0,0,0,0,1,0,0,0,0,7.5,6.0,0.0,80,0,0,0,0,0,0,4,24,0,0,256,-1,3,20,844.0,0.0,844,844,6399704.0,0.0,6399704,6399704,DDoS
80,28338,3,6,26,11607,20,0,8.666666667,10.26320288,5840,0,1934.5,2538.919278,410508.8574,317.5947491,3542.25,9591.005828,27267,3,943,471.5,662.559054,940,3,28289,5657.8,12086.69027,27267,3,0,0,0,0,72,132,105.8649164,211.7298327,0,5840,1163.3,2138.329153,4572451.567,0,0,0,1,0,0,0,0,2,1292.555556,8.666666667,1934.5,72,0,0,0,0,0,0,3,26,6,11607,8192,229,2,20,0.0,0.0,0,0,0.0,0.0,0,0,DDoS
80,6396903,4,0,24,0,6,6,6.0,0.0,0,0,0.0,0.0,3.751815527,0.625302588,2132301.0,3692657.844,6396215,272,6396903,2132301.0,3692657.844,6396215,272,0,0.0,0.0,0,0,0,0,0,0,80,0,0.625302588,0.0,6,6,6.0,0.0,0.0,0,0,0,0,1,0,0,0,0,7.5,6.0,0.0,80,0,0,0,0,0,0,4,24,0,0,256,-1,3,20,688.0,0.0,688,688,6396215.0,0.0,6396215,6396215,DDoS
80,674102,3,6,26,11607,20,0,8.666666667,10.26320288,5840,0,1934.5,2538.919278,17257.03232,13.35109523,84262.75,237465.7968,671959,16,1789,894.5,1242.386615,1773,16,673992,134798.4,300282.7586,671959,46,0,0,0,0,72,132,4.450365078,8.900730157,0,5840,1163.3,2138.329153,4572451.567,0,0,0,1,0,0,0,0,2,1292.555556,8.666666667,1934.5,72,0,0,0,0,0,0,3,26,6,11607,8192,229,2,20,0.0,0.0,0,0,0.0,0.0,0,0,DDoS
80,5727050,5,0,30,0,6,6,6.0,0.0,0,0,0.0,0.0,5.23829895,0.873049825,1431762.5,2862763.668,5725908,244,5727050,1431762.5,2862763.668,5725908,244,0,0.0,0.0,0,0,0,0,0,0,100,0,0.873049825,0.0,6,6,6.0,0.0,0.0,0,0,0,0,1,0,0,0,0,7.2,6.0,0.0,100,0,0,0,0,0,0,5,30,0,0,256,-1,4,20,1142.0,0.0,1142,1142,5725908.0,0.0,5725908,5725908,DDoS
80,1658353,3,6,26,11607,20,0,8.666666667,10.26320288,5840,0,1934.5,2538.919278,7014.791181,5.427071317,207294.125,585887.2898,1657291,3,934,467.0,654.7808794,930,4,1658307,331661.4,741049.5841,1657291,3,0,0,0,0,72,132,1.809023772,3.618047545,0,5840,1163.3,2138.329153,4572451.567,0,0,0,1,0,0,0,0,2,1292.555556,8.666666667,1934.5,72,0,0,0,0,0,0,3,26,6,11607,8192,229,2,20,0.0,0.0,0,0,0.0,0.0,0,0,DDoS
80,4730808,4,0,24,0,6,6,6.0,0.0,0,0,0.0,0.0,5.073129157,0.845521526,1576936.0,2730727.923,4730109,244,4730808,1576936.0,2730727.923,4730109,244,0,0.0,0.0,0,0,0,0,0,0,80,0,0.845521526,0.0,6,6,6.0,0.0,0.0,0,0,0,0,1,0,0,0,0,7.5,6.0,0.0,80,0,0,0,0,0,0,4,24,0,0,256,-1,3,20,0.0,0.0,0,0,0.0,0.0,0,0,DDoS
80,1658555,3,6,26,11607,20,0,8.666666667,10.26320288,4380,0,1934.5,2177.344966,7013.936831,5.426410339,207319.375,585957.8976,1657491,2,927,463.5,649.8311319,923,4,1658507,331701.4,741139.0262,1657491,2,0,0,0,0,72,132,1.808803446,3.617606893,0,4380,1163.3,1903.962654,3625073.789,0,0,0,1,0,0,0,0,2,1292.555556,8.666666667,1934.5,72,0,0,0,0,0,0,3,26,6,11607,8192,229,2,20,0.0,0.0,0,0,0.0,0.0,0,0,DDoS
80,4726615,4,0,24,0,6,6,6.0,0.0,0,0,0.0,0.0,5.077629551,0.846271592,1575538.333,2728255.129,4725856,352,4726615,1575538.333,2728255.129,4725856,352,0,0.0,0.0,0,0,0,0,0,0,80,0,0.846271592,0.0,6,6,6.0,0.0,0.0,0,0,0,0,1,0,0,0,0,7.5,6.0,0.0,80,0,0,0,0,0,0,4,24,0,0,256,-1,3,20,0.0,0.0,0,0,0.0,0.0,0,0,DDoS
80,11390,3,6,26,11601,20,0,8.666666667,10.26320288,4380,0,1933.5,1757.789948,1020807.726,790.166813,1423.75,3515.923563,10112,19,10259,5129.5,7073.189132,10131,128,11371,2274.2,4579.863666,10456,50,0,0,0,0,72,132,263.3889377,526.7778753,0,4380,1162.7,1645.241762,2706820.456,0,0,0,1,0,0,0,0,2,1291.888889,8.666666667,1933.5,72,0,0,0,0,0,0,3,26,6,11601,8192,229,2,20,0.0,0.0,0,0,0.0,0.0,0,0,DDoS
80,8039786,5,0,30,0,6,6,6.0,0.0,0,0,0.0,0.0,3.731442603,0.621907101,2009946.5,4018572.36,8037805,4,8039786,2009946.5,4018572.36,8037805,4,0,0.0,0.0,0,0,0,0,0,0,100,0,0.621907101,0.0,6,6,6.0,0.0,0.0,0,0,0,0,1,0,0,0,0,7.2,6.0,0.0,100,0,0,0,0,0,0,5,30,0,0,256,-1,4,20,1981.0,0.0,1981,1981,8037805.0,0.0,8037805,8037805,DDoS
80,11469,3,6,26,11601,20,0,8.666666667,10.26320288,4380,0,1933.5,1757.789948,1013776.266,784.7240387,1433.625,3451.389738,9935,4,10061,5030.5,7108.544471,10057,4,11347,2269.4,4376.795266,10064,17,0,0,0,0,72,132,261.5746796,523.1493591,0,4380,1162.7,1645.241762,2706820.456,0,0,0,1,0,0,0,0,2,1291.888889,8.666666667,1933.5,72,0,0,0,0,0,0,3,26,6,11601,8192,229,2,20,0.0,0.0,0,0,0.0,0.0,0,0,DDoS
80,8037798,5,0,30,0,6,6,6.0,0.0,0,0,0.0,0.0,3.732365506,0.622060918,2009449.5,4018233.027,8036799,2,8037798,2009449.5,4018233.027,8036799,2,0,0.0,0.0,0,0,0,0,0,0,100,0,0.622060918,0.0,6,6,6.0,0.0,0.0,0,0,0,0,1,0,0,0,0,7.2,6.0,0.0,100,0,0,0,0,0,0,5,30,0,0,256,-1,4,20,999.0,0.0,999,999,8036799.0,0.0,8036799,8036799,DDoS
80,10415,3,4,26,11601,20,0,8.666666667,10.26320288,10135,0,2900.25,4871.82583,1116370.619,672.1075372,1735.833333,3347.610576,8534,63,9020,4510.0,5779.890829,8597,423,10352,3450.666667,4952.028305,9149,190,0,0,0,0,72,92,288.0460874,384.0614498,0,10135,1453.375,3544.652026,12600000.0,0,0,0,1,0,0,0,0,1,1661.0,8.666666667,2900.25,72,0,0,0,0,0,0,3,26,4,11601,8192,229,2,20,0.0,0.0,0,0,0.0,0.0,0,0,DDoS
80,8036938,5,0,30,0,6,6,6.0,0.0,0,0,0.0,0.0,3.732764891,0.622127482,2009234.5,4017804.36,8035941,1,8036938,2009234.5,4017804.36,8035941,1,0,0.0,0.0,0,0,0,0,0,0,100,0,0.622127482,0.0,6,6,6.0,0.0,0.0,0,0,0,0,1,0,0,0,0,7.2,6.0,0.0,100,0,0,0,0,0,0,5,30,0,0,256,-1,4,20,997.0,0.0,997,997,8035941.0,0.0,8035941,8035941,DDoS
80,9827,3,5,26,11601,20,0,8.666666667,10.26320288,7300,0,2320.2,3022.508098,1183168.821,814.0836471,1403.857143,2919.353606,7954,4,8005,4002.5,5654.732929,8001,4,9780,2445.0,3835.650836,8150,190,0,0,0,0,72,112,305.2813677,508.8022794,0,7300,1291.888889,2460.652985,6054813.111,0,0,0,1,0,0,0,0,1,1453.375,8.666666667,2320.2,72,0,0,0,0,0,0,3,26,5,11601,8192,229,2,20,0.0,0.0,0,0,0.0,0.0,0,0,DDoS
80,8034753,5,0,30,0,6,6,6.0,0.0,0,0,0.0,0.0,3.733779993,0.622296665,2008688.25,4016964.51,8034135,1,8034753,2008688.25,4016964.51,8034135,1,0,0.0,0.0,0,0,0,0,0,0,100,0,0.622296665,0.0,6,6,6.0,0.0,0.0,0,0,0,0,1,0,0,0,0,7.2,6.0,0.0,100,0,0,0,0,0,0,5,30,0,0,256,-1,4,20,618.0,0.0,618,618,8034135.0,0.0,8034135,8034135,DDoS
80,8812,3,4,26,11601,20,0,8.666666667,10.26320288,8760,0,2900.25,4128.319301,1319450.749,794.3713118,1468.666667,2744.672124,6964,2,7021,3510.5,4961.768284,7019,2,8757,2919.0,3706.84502,7139,189,0,0,0,0,72,92,340.4448479,453.9264639,0,8760,1453.375,3113.952607,9696700.839,0,0,0,1,0,0,0,0,1,1661.0,8.666666667,2900.25,72,0,0,0,0,0,0,3,26,4,11601,8192,229,2,20,0.0,0.0,0,0,0.0,0.0,0,0,DDoS
80,8033798,5,0,30,0,6,6,6.0,0.0,0,0,0.0,0.0,3.734223838,0.62237064,2008449.5,4016486.336,8033179,3,8033798,2008449.5,4016486.336,8033179,3,0,0.0,0.0,0,0,0,0,0,0,100,0,0.62237064,0.0,6,6,6.0,0.0,0.0,0,0,0,0,1,0,0,0,0,7.2,6.0,0.0,100,0,0,0,0,0,0,5,30,0,0,256,-1,4,20,619.0,0.0,619,619,8033179.0,0.0,8033179,8033179,DDoS
80,8003,3,4,26,11601,20,0,8.666666667,10.26320288,8675,0,2900.25,4088.041942,1452830.189,874.671998,1333.833333,2327.36971,5921,30,6167,3083.5,4089.198516,5975,192,7949,2649.666667,3109.119221,6143,186,0,0,0,0,72,92,374.8594277,499.8125703,0,8675,1453.375,3091.095642,9554872.268,0,0,0,1,0,0,0,0,1,1661.0,8.666666667,2900.25,72,0,0,0,0,0,0,3,26,4,11601,8192,229,2,20,0.0,0.0,0,0,0.0,0.0,0,0,DDoS
80,8032782,4,0,24,0,6,6,6.0,0.0,0,0,0.0,0.0,2.987756919,0.497959487,2677594.0,4637023.906,8031968,321,8032782,2677594.0,4637023.906,8031968,321,0,0.0,0.0,0,0,0,0,0,0,80,0,0.497959487,0.0,6,6,6.0,0.0,0.0,0,0,0,0,1,0,0,0,0,7.5,6.0,0.0,80,0,0,0,0,0,0,4,24,0,0,256,-1,3,20,814.0,0.0,814,814,8031968.0,0.0,8031968,8031968,DDoS
80,8031465,4,0,24,0,6,6,6.0,0.0,0,0,0.0,0.0,2.988246852,0.498041142,2677155.0,4636360.54,8030763,48,8031465,2677155.0,4636360.54,8030763,48,0,0.0,0.0,0,0,0,0,0,0,80,0,0.498041142,0.0,6,6,6.0,0.0,0.0,0,0,0,0,1,0,0,0,0,7.5,6.0,0.0,80,0,0,0,0,0,0,4,24,0,0,256,-1,3,20,702.0,0.0,702,702,8030763.0,0.0,8030763,8030763,DDoS
80,12740,3,6,26,11601,20,0,8.666666667,10.26320288,4380,0,1933.5,1771.85369,912637.3626,706.4364207,1592.5,4156.567334,11876,18,12048,6024.0,8346.688445,11926,122,12690,2538.0,5335.810857,12080,18,0,0,0,0,72,132,235.4788069,470.9576138,0,4380,1162.7,1653.601595,2734398.233,0,0,0,1,0,0,0,0,2,1291.888889,8.666666667,1933.5,72,0,0,0,0,0,0,3,26,6,11601,8192,229,2,20,0.0,0.0,0,0,0.0,0.0,0,0,DDoS
80,8029795,5,0,30,0,6,6,6.0,0.0,0,0,0.0,0.0,3.736085417,0.622680903,2007448.75,4014187.506,8028730,49,8029795,2007448.75,4014187.506,8028730,49,0,0.0,0.0,0,0,0,0,0,0,100,0,0.622680903,0.0,6,6,6.0,0.0,0.0,0,0,0,0,1,0,0,0,0,7.2,6.0,0.0,100,0,0,0,0,0,0,5,30,0,0,256,-1,4,20,1065.0,0.0,1065,1065,8028730.0,0.0,8028730,8028730,DDoS
80,842118,3,6,26,11607,20,0,8.666666667,10.26320288,4380,0,1934.5,2177.344966,13813.97856,10.68733835,105264.75,296930.2848,840129,18,1643,821.5,697.914393,1315,328,842070,168414.0,375500.7439,840129,18,0,0,0,0,72,132,3.562446118,7.124892236,0,4380,1163.3,1903.962654,3625073.789,0,0,0,1,0,0,0,0,2,1292.555556,8.666666667,1934.5,72,0,0,0,0,0,0,3,26,6,11607,8192,229,2,20,0.0,0.0,0,0,0.0,0.0,0,0,DDoS
80,7187822,4,0,24,0,6,6,6.0,0.0,0,0,0.0,0.0,3.338980848,0.556496808,2395940.667,4149023.239,7186820,3,7187822,2395940.667,4149023.239,7186820,3,0,0.0,0.0,0,0,0,0,0,0,80,0,0.556496808,0.0,6,6,6.0,0.0,0.0,0,0,0,0,1,0,0,0,0,7.5,6.0,0.0,80,0,0,0,0,0,0,4,24,0,0,256,-1,3,20,1002.0,0.0,1002,1002,7186820.0,0.0,7186820,7186820,DDoS
80,901739,3,6,26,11607,20,0,8.666666667,10.26320288,5755,0,1934.5,2529.124572,12900.62867,9.980715041,112717.375,318402.0317,900722,3,717,358.5,502.7529214,714,3,901708,180341.6,402704.9889,900722,14,0,0,0,0,72,132,3.326905014,6.653810027,0,5755,1163.3,2131.87096,4544873.789,0,0,0,1,0,0,0,0,2,1292.555556,8.666666667,1934.5,72,0,0,0,0,0,0,3,26,6,11607,8192,229,2,20,0.0,0.0,0,0,0.0,0.0,0,0,DDoS
80,7126496,5,0,30,0,6,6,6.0,0.0,0,0,0.0,0.0,4.209642439,0.701607073,1781624.0,3562501.336,7125376,218,7126496,1781624.0,3562501.336,7125376,218,0,0.0,0.0,0,0,0,0,0,0,100,0,0.701607073,0.0,6,6,6.0,0.0,0.0,0,0,0,0,1,0,0,0,0,7.2,6.0,0.0,100,0,0,0,0,0,0,5,30,0,0,256,-1,4,20,1120.0,0.0,1120,1120,7125376.0,0.0,7125376,7125376,DDoS
80,903357,3,6,26,11607,20,0,8.666666667,10.26320288,4380,0,1934.5,2177.344966,12877.5224,9.962838612,112919.625,319084.7684,902614,2,616,308.0,429.920923,612,4,903309,180661.8,403583.6349,902614,2,0,0,0,0,72,132,3.320946204,6.641892408,0,4380,1163.3,1903.962654,3625073.789,0,0,0,1,0,0,0,0,2,1292.555556,8.666666667,1934.5,72,0,0,0,0,0,0,3,26,6,11607,8192,229,2,20,0.0,0.0,0,0,0.0,0.0,0,0,DDoS
80,7123335,4,0,24,0,6,6,6.0,0.0,0,0,0.0,0.0,3.369208383,0.561534731,2374445.0,4112104.258,7122694,273,7123335,2374445.0,4112104.258,7122694,273,0,0.0,0.0,0,0,0,0,0,0,80,0,0.561534731,0.0,6,6,6.0,0.0,0.0,0,0,0,0,1,0,0,0,0,7.5,6.0,0.0,80,0,0,0,0,0,0,4,24,0,0,256,-1,3,20,641.0,0.0,641,641,7122694.0,0.0,7122694,7122694,DDoS
80,902779,3,5,26,11607,20,0,8.666666667,10.26320288,5840,0,2321.4,3173.373883,12885.76717,8.861526464,128968.4286,340753.6937,901725,3,815,407.5,436.284884,716,99,902733,225683.25,450694.6493,901725,3,0,0,0,0,72,112,3.323072424,5.53845404,0,5840,1292.555556,2554.159212,6523729.278,0,0,0,1,0,0,0,0,1,1454.125,8.666666667,2321.4,72,0,0,0,0,0,0,3,26,5,11607,8192,229,2,20,0.0,0.0,0,0,0.0,0.0,0,0,DDoS
80,7122419,5,0,30,0,6,6,6.0,0.0,0,0,0.0,0.0,4.212052113,0.702008686,1780604.75,3560019.516,7120634,333,7122419,1780604.75,3560019.516,7120634,333,0,0.0,0.0,0,0,0,0,0,0,100,0,0.702008686,0.0,6,6,6.0,0.0,0.0,0,0,0,0,1,0,0,0,0,7.2,6.0,0.0,100,0,0,0,0,0,0,5,30,0,0,256,-1,4,20,1785.0,0.0,1785,1785,7120634.0,0.0,7120634,7120634,DDoS
80,902069,3,5,26,11607,20,0,8.666666667,10.26320288,7215,0,2321.4,3327.769794,12895.90929,8.86850119,128867.0,340429.3382,900888,4,938,469.0,339.411255,709,229,902037,225509.25,450252.7076,900888,4,0,0,0,0,72,112,3.325687946,5.542813244,0,7215,1292.555556,2650.585648,7025604.278,0,0,0,1,0,0,0,0,1,1454.125,8.666666667,2321.4,72,0,0,0,0,0,0,3,26,5,11607,8192,229,2,20,0.0,0.0,0,0,0.0,0.0,0,0,DDoS
80,7121367,4,0,24,0,6,6,6.0,0.0,0,0,0.0,0.0,3.370139469,0.561689912,2373789.0,4110871.039,7120614,271,7121367,2373789.0,4110871.039,7120614,271,0,0.0,0.0,0,0,0,0,0,0,80,0,0.561689912,0.0,6,6,6.0,0.0,0.0,0,0,0,0,1,0,0,0,0,7.5,6.0,0.0,80,0,0,0,0,0,0,4,24,0,0,256,-1,3,20,753.0,0.0,753,753,7120614.0,0.0,7120614,7120614,DDoS
80,906594,3,5,26,11607,20,0,8.666666667,10.26320288,7215,0,2321.4,3327.769794,12831.54312,8.824236648,129513.4286,342302.3252,905782,3,586,293.0,410.1219331,583,3,906583,226645.75,452757.5804,905782,4,0,0,0,0,72,112,3.309088743,5.515147905,0,7215,1292.555556,2650.585648,7025604.278,0,0,0,1,0,0,0,0,1,1454.125,8.666666667,2321.4,72,0,0,0,0,0,0,3,26,5,11607,8192,229,2,20,0.0,0.0,0,0,0.0,0.0,0,0,DDoS
80,7115266,5,0,30,0,6,6,6.0,0.0,0,0,0.0,0.0,4.216286503,0.702714417,1778816.5,3556803.671,7114022,225,7115266,1778816.5,3556803.671,7114022,225,0,0.0,0.0,0,0,0,0,0,0,100,0,0.702714417,0.0,6,6,6.0,0.0,0.0,0,0,0,0,1,0,0,0,0,7.2,6.0,0.0,100,0,0,0,0,0,0,5,30,0,0,256,-1,4,20,1244.0,0.0,1244,1244,7114022.0,0.0,7114022,7114022,DDoS
80,905592,3,5,26,11607,20,0,8.666666667,10.26320288,7215,0,2321.4,3327.769794,12845.74069,8.8340003,129370.2857,341876.4369,904673,4,696,348.0,486.4894655,692,4,905545,226386.25,452191.267,904673,4,0,0,0,0,72,112,3.312750113,5.521250188,0,7215,1292.555556,2650.585648,7025604.278,0,0,0,1,0,0,0,0,1,1454.125,8.666666667,2321.4,72,0,0,0,0,0,0,3,26,5,11607,8192,229,2,20,0.0,0.0,0,0,0.0,0.0,0,0,DDoS
80,7109276,4,0,24,0,6,6,6.0,0.0,0,0,0.0,0.0,3.375871186,0.562645198,2369758.667,4103932.731,7108572,323,7109276,2369758.667,4103932.731,7108572,323,0,0.0,0.0,0,0,0,0,0,0,80,0,0.562645198,0.0,6,6,6.0,0.0,0.0,0,0,0,0,1,0,0,0,0,7.5,6.0,0.0,80,0,0,0,0,0,0,4,24,0,0,256,-1,3,20,704.0,0.0,704,704,7108572.0,0.0,7108572,7108572,DDoS
80,905985,3,5,26,11607,20,0,8.666666667,10.26320288,7215,0,2321.4,3327.769794,12840.16844,8.83016827,129426.4286,342021.0114,905057,3,703,351.5,492.8534265,700,3,905942,226485.5,452381.1053,905057,3,0,0,0,0,72,112,3.311313101,5.518855169,0,7215,1292.555556,2650.585648,7025604.278,0,0,0,1,0,0,0,0,1,1454.125,8.666666667,2321.4,72,0,0,0,0,0,0,3,26,5,11607,8192,229,2,20,0.0,0.0,0,0,0.0,0.0,0,0,DDoS
80,7107579,4,0,24,0,6,6,6.0,0.0,0,0,0.0,0.0,3.376677206,0.562779534,2369193.0,4102963.359,7106887,336,7107579,2369193.0,4102963.359,7106887,336,0,0.0,0.0,0,0,0,0,0,0,80,0,0.562779534,0.0,6,6,6.0,0.0,0.0,0,0,0,0,1,0,0,0,0,7.5,6.0,0.0,80,0,0,0,0,0,0,4,24,0,0,256,-1,3,20,692.0,0.0,692,692,7106887.0,0.0,7106887,7106887,DDoS
80,440356,3,6,26,11607,20,0,8.666666667,10.26320288,4380,0,1934.5,2177.344966,26417.2624,20.43800925,55044.5,155121.0871,438949,15,1072,536.0,690.1362184,1024,48,440191,88038.2,196165.5006,438949,15,0,0,0,0,72,132,6.812669749,13.6253395,0,4380,1163.3,1903.962654,3625073.789,0,0,0,1,0,0,0,0,2,1292.555556,8.666666667,1934.5,72,0,0,0,0,0,0,3,26,6,11607,8192,229,2,20,0.0,0.0,0,0,0.0,0.0,0,0,DDoS
80,7093229,5,0,30,0,6,6,6.0,0.0,0,0,0.0,0.0,4.229385517,0.704897586,1773307.25,3545418.533,7091435,176,7093229,1773307.25,3545418.533,7091435,176,0,0.0,0.0,0,0,0,0,0,0,100,0,0.704897586,0.0,6,6,6.0,0.0,0.0,0,0,0,0,1,0,0,0,0,7.2,6.0,0.0,100,0,0,0,0,0,0,5,30,0,0,256,-1,4,20,1794.0,0.0,1794,1794,7091435.0,0.0,7091435,7091435,DDoS
80,130586,3,6,26,11607,20,0,8.666666667,10.26320288,5840,0,1934.5,2538.919278,89083.05638,68.92009863,16323.25,45637.87602,129269,3,1115,557.5,719.1275965,1066,49,130398,26079.6,57686.23816,129269,3,0,0,0,0,72,132,22.97336621,45.94673242,0,5840,1163.3,2138.329153,4572451.567,0,0,0,1,0,0,0,0,2,1292.555556,8.666666667,1934.5,72,0,0,0,0,0,0,3,26,6,11607,8192,229,2,20,0.0,0.0,0,0,0.0,0.0,0,0,DDoS
80,7040809,4,0,24,0,6,6,6.0,0.0,0,0,0.0,0.0,3.408699199,0.568116533,2346936.333,4064295.905,7039981,264,7040809,2346936.333,4064295.905,7039981,264,0,0.0,0.0,0,0,0,0,0,0,80,0,0.568116533,0.0,6,6,6.0,0.0,0.0,0,0,0,0,1,0,0,0,0,7.5,6.0,0.0,80,0,0,0,0,0,0,4,24,0,0,256,-1,3,20,828.0,0.0,828,828,7039981.0,0.0,7039981,7039981,DDoS
80,99076,3,6,26,11607,20,0,8.666666667,10.26320288,4380,0,1934.5,2177.344966,117414.9138,90.83935565,12384.5,34522.91902,97820,2,1124,562.0,789.1311678,1120,4,98987,19797.4,43618.46512,97820,2,0,0,0,0,72,132,30.27978522,60.55957043,0,4380,1163.3,1903.962654,3625073.789,0,0,0,1,0,0,0,0,2,1292.555556,8.666666667,1934.5,72,0,0,0,0,0,0,3,26,6,11607,8192,229,2,20,0.0,0.0,0,0,0.0,0.0,0,0,DDoS
80,7010466,4,0,24,0,6,6,6.0,0.0,0,0,0.0,0.0,3.423452877,0.57057548,2336822.0,4047002.53,7009898,253,7010466,2336822.0,4047002.53,7009898,253,0,0.0,0.0,0,0,0,0,0,0,80,0,0.57057548,0.0,6,6,6.0,0.0,0.0,0,0,0,0,1,0,0,0,0,7.5,6.0,0.0,80,0,0,0,0,0,0,4,24,0,0,256,-1,3,20,568.0,0.0,568,568,7009898.0,0.0,7009898,7009898,DDoS
80,99854,3,5,26,11607,20,0,8.666666667,10.26320288,7215,0,2321.4,3327.769794,116500.0901,80.11697078,14264.85714,37199.09209,98622,3,992,496.0,540.2295808,878,114,99808,24952.0,49115.3805,98622,3,0,0,0,0,72,112,30.04386404,50.07310674,0,7215,1292.555556,2650.585648,7025604.278,0,0,0,1,0,0,0,0,1,1454.125,8.666666667,2321.4,72,0,0,0,0,0,0,3,26,5,11607,8192,229,2,20,0.0,0.0,0,0,0.0,0.0,0,0,DDoS
80,7007965,4,0,24,0,6,6,6.0,0.0,0,0,0.0,0.0,3.424674638,0.570779106,2335988.333,4045465.912,7007290,329,7007965,2335988.333,4045465.912,7007290,329,0,0.0,0.0,0,0,0,0,0,0,80,0,0.570779106,0.0,6,6,6.0,0.0,0.0,0,0,0,0,1,0,0,0,0,7.5,6.0,0.0,80,0,0,0,0,0,0,4,24,0,0,256,-1,3,20,675.0,0.0,675,675,7007290.0,0.0,7007290,7007290,DDoS
80,99343,3,6,26,11607,20,0,8.666666667,10.26320288,4380,0,1934.5,2177.344966,117099.3427,90.59521053,12417.875,34666.27137,98211,2,986,493.0,305.4701295,709,277,99257,19851.4,43806.3046,98211,2,0,0,0,0,72,132,30.19840351,60.39680702,0,4380,1163.3,1903.962654,3625073.789,0,0,0,1,0,0,0,0,2,1292.555556,8.666666667,1934.5,72,0,0,0,0,0,0,3,26,6,11607,8192,229,2,20,0.0,0.0,0,0,0.0,0.0,0,0,DDoS
80,7006987,4,0,24,0,6,6,6.0,0.0,0,0,0.0,0.0,3.425152637,0.570858773,2335662.333,4044862.293,7006267,290,7006987,2335662.333,4044862.293,7006267,290,0,0.0,0.0,0,0,0,0,0,0,80,0,0.570858773,0.0,6,6,6.0,0.0,0.0,0,0,0,0,1,0,0,0,0,7.5,6.0,0.0,80,0,0,0,0,0,0,4,24,0,0,256,-1,3,20,720.0,0.0,720,720,7006267.0,0.0,7006267,7006267,DDoS
80,101190,3,5,26,11607,20,0,8.666666667,10.26320288,7215,0,2321.4,3327.769794,114961.9528,79.05919557,14455.71429,37858.15827,100309,4,653,326.5,456.0838739,649,4,101064,25266.0,50029.28261,100309,4,0,0,0,0,72,112,29.64719834,49.41199723,0,7215,1292.555556,2650.585648,7025604.278,0,0,0,1,0,0,0,0,1,1454.125,8.666666667,2321.4,72,0,0,0,0,0,0,3,26,5,11607,8192,229,2,20,0.0,0.0,0,0,0.0,0.0,0,0,DDoS
80,7003621,4,0,24,0,6,6,6.0,0.0,0,0,0.0,0.0,3.426798795,0.571133132,2334540.333,4043036.711,7003037,273,7003621,2334540.333,4043036.711,7003037,273,0,0.0,0.0,0,0,0,0,0,0,80,0,0.571133132,0.0,6,6,6.0,0.0,0.0,0,0,0,0,1,0,0,0,0,7.5,6.0,0.0,80,0,0,0,0,0,0,4,24,0,0,256,-1,3,20,584.0,0.0,584,584,7003037.0,0.0,7003037,7003037,DDoS
80,99737,3,5,26,11607,20,0,8.666666667,10.26320288,7215,0,2321.4,3327.769794,116636.7547,80.21095481,14248.14286,37266.25114,98758,4,754,377.0,527.5016588,750,4,99719,24929.75,49220.03293,98758,4,0,0,0,0,72,112,30.07910805,50.13184676,0,7215,1292.555556,2650.585648,7025604.278,0,0,0,1,0,0,0,0,1,1454.125,8.666666667,2321.4,72,0,0,0,0,0,0,3,26,5,11607,8192,229,2,20,0.0,0.0,0,0,0.0,0.0,0,0,DDoS
80,7001059,4,0,24,0,6,6,6.0,0.0,0,0,0.0,0.0,3.428052813,0.571342136,2333686.333,4041435.43,7000334,318,7001059,2333686.333,4041435.43,7000334,318,0,0.0,0.0,0,0,0,0,0,0,80,0,0.571342136,0.0,6,6,6.0,0.0,0.0,0,0,0,0,1,0,0,0,0,7.5,6.0,0.0,80,0,0,0,0,0,0,4,24,0,0,256,-1,3,20,725.0,0.0,725,725,7000334.0,0.0,7000334,7000334,DDoS
80,100287,3,6,26,11607,20,0,8.666666667,10.26320288,5840,0,1934.5,2538.919278,115997.0884,89.7424392,12535.875,35089.36317,99376,2,761,380.5,409.4148263,670,91,100268,20053.6,44343.78655,99376,2,0,0,0,0,72,132,29.9141464,59.8282928,0,5840,1163.3,2138.329153,4572451.567,0,0,0,1,0,0,0,0,2,1292.555556,8.666666667,1934.5,72,0,0,0,0,0,0,3,26,6,11607,8192,229,2,20,0.0,0.0,0,0,0.0,0.0,0,0,DDoS
80,6999281,4,0,24,0,6,6,6.0,0.0,0,0,0.0,0.0,3.428923628,0.571487271,2333093.667,4040369.93,6998511,345,6999281,2333093.667,4040369.93,6998511,345,0,0.0,0.0,0,0,0,0,0,0,80,0,0.571487271,0.0,6,6,6.0,0.0,0.0,0,0,0,0,1,0,0,0,0,7.5,6.0,0.0,80,0,0,0,0,0,0,4,24,0,0,256,-1,3,20,770.0,0.0,770,770,6998511.0,0.0,6998511,6998511,DDoS
80,101436,3,6,26,11607,20,0,8.666666667,10.26320288,5840,0,1934.5,2538.919278,114683.15,88.72589613,12679.5,35484.53747,100497,3,776,388.0,544.4722215,773,3,101417,20283.4,44842.05897,100497,3,0,0,0,0,72,132,29.57529871,59.15059742,0,5840,1163.3,2138.329153,4572451.567,0,0,0,1,0,0,0,0,2,1292.555556,8.666666667,1934.5,72,0,0,0,0,0,0,3,26,6,11607,8192,229,2,20,0.0,0.0,0,0,0.0,0.0,0,0,DDoS
80,6996959,4,0,24,0,6,6,6.0,0.0,0,0,0.0,0.0,3.430061545,0.571676924,2332319.667,4038954.846,6996103,331,6996959,2332319.667,4038954.846,6996103,331,0,0.0,0.0,0,0,0,0,0,0,80,0,0.571676924,0.0,6,6,6.0,0.0,0.0,0,0,0,0,1,0,0,0,0,7.5,6.0,0.0,80,0,0,0,0,0,0,4,24,0,0,256,-1,3,20,856.0,0.0,856,856,6996103.0,0.0,6996103,6996103,DDoS
80,85845,3,6,26,11607,20,0,8.666666667,10.26320288,5840,0,1934.5,2538.919278,135511.678,104.8401188,10730.625,29899.38078,84724,3,959,479.5,673.8727625,956,3,85791,17158.2,37772.60478,84724,3,0,0,0,0,72,132,34.94670627,69.89341255,0,5840,1163.3,2138.329153,4572451.567,0,0,0,1,0,0,0,0,2,1292.555556,8.666666667,1934.5,72,0,0,0,0,0,0,3,26,6,11607,8192,229,2,20,0.0,0.0,0,0,0.0,0.0,0,0,DDoS
80,6993630,4,0,24,0,6,6,6.0,0.0,0,0,0.0,0.0,3.43169427,0.571949045,2331210.0,4037200.854,6992968,328,6993630,2331210.0,4037200.854,6992968,328,0,0.0,0.0,0,0,0,0,0,0,80,0,0.571949045,0.0,6,6,6.0,0.0,0.0,0,0,0,0,1,0,0,0,0,7.5,6.0,0.0,80,0,0,0,0,0,0,4,24,0,0,256,-1,3,20,662.0,0.0,662,662,6992968.0,0.0,6992968,6992968,DDoS
80,500825,3,6,26,11607,20,0,8.666666667,10.26320288,5840,0,1934.5,2538.919278,23227.67434,17.97034892,62603.125,176295.563,498911,3,1536,768.0,1081.873375,1533,3,500641,100128.2,222927.1318,498911,47,0,0,0,0,72,132,5.990116308,11.98023262,0,5840,1163.3,2138.329153,4572451.567,0,0,0,1,0,0,0,0,2,1292.555556,8.666666667,1934.5,72,0,0,0,0,0,0,3,26,6,11607,8192,229,2,20,0.0,0.0,0,0,0.0,0.0,0,0,DDoS
80,6523113,4,0,24,0,6,6,6.0,0.0,0,0,0.0,0.0,3.679224934,0.613204156,2174371.0,3765423.034,6522307,232,6523113,2174371.0,3765423.034,6522307,232,0,0.0,0.0,0,0,0,0,0,0,80,0,0.613204156,0.0,6,6,6.0,0.0,0.0,0,0,0,0,1,0,0,0,0,7.5,6.0,0.0,80,0,0,0,0,0,0,4,24,0,0,256,-1,3,20,806.0,0.0,806,806,6522307.0,0.0,6522307,6522307,DDoS
80,906698,3,6,26,11607,20,0,8.666666667,10.26320288,5840,0,1934.5,2538.919278,12830.07131,9.926127553,113337.25,320035.7366,905385,3,924,462.0,647.7098116,920,4,906610,181322.0,404763.6933,905385,3,0,0,0,0,72,132,3.308709184,6.617418369,0,5840,1163.3,2138.329153,4572451.567,0,0,0,1,0,0,0,0,2,1292.555556,8.666666667,1934.5,72,0,0,0,0,0,0,3,26,6,11607,8192,229,2,20,0.0,0.0,0,0,0.0,0.0,0,0,DDoS
80,6088411,5,0,30,0,6,6,6.0,0.0,0,0,0.0,0.0,4.927394028,0.821232338,1522102.75,3043017.519,6086629,200,6088411,1522102.75,3043017.519,6086629,200,0,0.0,0.0,0,0,0,0,0,0,100,0,0.821232338,0.0,6,6,6.0,0.0,0.0,0,0,0,0,1,0,0,0,0,7.2,6.0,0.0,100,0,0,0,0,0,0,5,30,0,0,256,-1,4,20,1782.0,0.0,1782,1782,6086629.0,0.0,6086629,6086629,DDoS
80,904862,3,6,26,11607,20,0,8.666666667,10.26320288,5755,0,1934.5,2529.124572,12856.10402,9.94626805,113107.75,319460.928,903733,3,785,392.5,550.8361825,782,3,904794,180958.8,404043.1868,903733,15,0,0,0,0,72,132,3.315422683,6.630845366,0,5755,1163.3,2131.87096,4544873.789,0,0,0,1,0,0,0,0,2,1292.555556,8.666666667,1934.5,72,0,0,0,0,0,0,3,26,6,11607,8192,229,2,20,0.0,0.0,0,0,0.0,0.0,0,0,DDoS
80,6087669,5,0,30,0,6,6,6.0,0.0,0,0,0.0,0.0,4.927994607,0.821332434,1521917.25,3043049.835,6086492,278,6087669,1521917.25,3043049.835,6086492,278,0,0.0,0.0,0,0,0,0,0,0,100,0,0.821332434,0.0,6,6,6.0,0.0,0.0,0,0,0,0,1,0,0,0,0,7.2,6.0,0.0,100,0,0,0,0,0,0,5,30,0,0,256,-1,4,20,1177.0,0.0,1177,1177,6086492.0,0.0,6086492,6086492,DDoS
80,906939,3,5,26,11607,20,0,8.666666667,10.26320288,10135,0,2321.4,4413.201989,12826.66199,8.820879905,129562.7143,341796.1677,904682,3,2004,1002.0,1363.301874,1966,38,906879,226719.75,451975.7276,904682,3,0,0,0,0,72,112,3.307829964,5.513049941,0,10135,1292.555556,3350.634907,11200000.0,0,0,0,1,0,0,0,0,1,1454.125,8.666666667,2321.4,72,0,0,0,0,0,0,3,26,5,11607,8192,229,2,20,0.0,0.0,0,0,0.0,0.0,0,0,DDoS
80,6084954,4,0,24,0,6,6,6.0,0.0,0,0,0.0,0.0,3.944154713,0.657359119,2028318.0,3512569.594,6084284,246,6084954,2028318.0,3512569.594,6084284,246,0,0.0,0.0,0,0,0,0,0,0,80,0,0.657359119,0.0,6,6,6.0,0.0,0.0,0,0,0,0,1,0,0,0,0,7.5,6.0,0.0,80,0,0,0,0,0,0,4,24,0,0,256,-1,3,20,670.0,0.0,670,670,6084284.0,0.0,6084284,6084284,DDoS
80,916317,3,6,26,11607,20,0,8.666666667,10.26320288,5840,0,1934.5,2538.919278,12695.38817,9.821928437,114539.625,322729.2342,913251,14,2735,1367.5,1675.135965,2552,183,916264,183252.8,408083.0482,913251,14,0,0,0,0,72,132,3.273976146,6.547952292,0,5840,1163.3,2138.329153,4572451.567,0,0,0,1,0,0,0,0,2,1292.555556,8.666666667,1934.5,72,0,0,0,0,0,0,3,26,6,11607,8192,229,2,20,0.0,0.0,0,0,0.0,0.0,0,0,DDoS
80,6072504,4,0,24,0,6,6,6.0,0.0,0,0,0.0,0.0,3.952241118,0.658706853,2024168.0,3505341.747,6071788,232,6072504,2024168.0,3505341.747,6071788,232,0,0.0,0.0,0,0,0,0,0,0,80,0,0.658706853,0.0,6,6,6.0,0.0,0.0,0,0,0,0,1,0,0,0,0,7.5,6.0,0.0,80,0,0,0,0,0,0,4,24,0,0,256,-1,3,20,716.0,0.0,716,716,6071788.0,0.0,6071788,6071788,DDoS
80,915747,3,5,26,11607,20,0,8.666666667,10.26320288,7215,0,2321.4,3327.769794,12703.29032,8.736037355,130821.0,345608.3921,914587,4,952,476.0,350.7249635,724,228,915686,228921.5,457110.5169,914587,4,0,0,0,0,72,112,3.276014008,5.460023347,0,7215,1292.555556,2650.585648,7025604.278,0,0,0,1,0,0,0,0,1,1454.125,8.666666667,2321.4,72,0,0,0,0,0,0,3,26,5,11607,8192,229,2,20,0.0,0.0,0,0,0.0,0.0,0,0,DDoS
80,6071099,4,0,24,0,6,6,6.0,0.0,0,0,0.0,0.0,3.953155763,0.658859294,2023699.667,3504505.453,6070354,325,6071099,2023699.667,3504505.453,6070354,325,0,0.0,0.0,0,0,0,0,0,0,80,0,0.658859294,0.0,6,6,6.0,0.0,0.0,0,0,0,0,1,0,0,0,0,7.5,6.0,0.0,80,0,0,0,0,0,0,4,24,0,0,256,-1,3,20,745.0,0.0,745,745,6070354.0,0.0,6070354,6070354,DDoS
80,916020,3,6,26,11607,20,0,8.666666667,10.26320288,5840,0,1934.5,2538.919278,12699.50438,9.825112989,114502.5,323495.9807,915114,3,744,372.0,521.8448045,741,3,915974,183194.8,409155.3919,915114,3,0,0,0,0,72,132,3.275037663,6.550075326,0,5840,1163.3,2138.329153,4572451.567,0,0,0,1,0,0,0,0,2,1292.555556,8.666666667,1934.5,72,0,0,0,0,0,0,3,26,6,11607,8192,229,2,20,0.0,0.0,0,0,0.0,0.0,0,0,DDoS
80,6077709,4,0,24,0,6,6,6.0,0.0,0,0,0.0,0.0,3.948856387,0.658142731,2025903.0,3508391.02,6077044,301,6077709,2025903.0,3508391.02,6077044,301,0,0.0,0.0,0,0,0,0,0,0,80,0,0.658142731,0.0,6,6,6.0,0.0,0.0,0,0,0,0,1,0,0,0,0,7.5,6.0,0.0,80,0,0,0,0,0,0,4,24,0,0,256,-1,3,20,665.0,0.0,665,665,6077044.0,0.0,6077044,6077044,DDoS
80,915826,3,6,26,11607,20,0,8.666666667,10.26320288,5840,0,1934.5,2538.919278,12702.19452,9.827194249,114478.25,323410.8252,914879,3,771,385.5,521.1376977,754,17,915774,183154.8,409046.3968,914879,3,0,0,0,0,72,132,3.275731416,6.551462832,0,5840,1163.3,2138.329153,4572451.567,0,0,0,1,0,0,0,0,2,1292.555556,8.666666667,1934.5,72,0,0,0,0,0,0,3,26,6,11607,8192,229,2,20,0.0,0.0,0,0,0.0,0.0,0,0,DDoS
80,6066574,4,0,24,0,6,6,6.0,0.0,0,0,0.0,0.0,3.956104384,0.659350731,2022191.333,3501531.817,6065412,373,6066574,2022191.333,3501531.817,6065412,373,0,0.0,0.0,0,0,0,0,0,0,80,0,0.659350731,0.0,6,6,6.0,0.0,0.0,0,0,0,0,1,0,0,0,0,7.5,6.0,0.0,80,0,0,0,0,0,0,4,24,0,0,256,-1,3,20,1162.0,0.0,1162,1162,6065412.0,0.0,6065412,6065412,DDoS
80,912720,3,5,26,11607,20,0,8.666666667,10.26320288,7300,0,2321.4,3346.363967,12745.42028,8.76501008,130388.5714,344574.9989,911811,3,791,395.5,532.4514062,772,19,912674,228168.5,455761.819,911811,3,0,0,0,0,72,112,3.28687878,5.4781313,0,7300,1292.555556,2662.264877,7087654.278,0,0,0,1,0,0,0,0,1,1454.125,8.666666667,2321.4,72,0,0,0,0,0,0,3,26,5,11607,8192,229,2,20,0.0,0.0,0,0,0.0,0.0,0,0,DDoS
80,6067515,4,0,24,0,6,6,6.0,0.0,0,0,0.0,0.0,3.955490839,0.659248473,2022505.0,3502586.053,6066943,225,6067515,2022505.0,3502586.053,6066943,225,0,0.0,0.0,0,0,0,0,0,0,80,0,0.659248473,0.0,6,6,6.0,0.0,0.0,0,0,0,0,1,0,0,0,0,7.5,6.0,0.0,80,0,0,0,0,0,0,4,24,0,0,256,-1,3,20,572.0,0.0,572,572,6066943.0,0.0,6066943,6066943,DDoS
80,446543,3,5,26,11607,20,0,8.666666667,10.26320288,10135,0,2321.4,4413.201989,26051.24255,17.91540792,63791.85714,168200.053,445233,3,1034,517.0,726.9057711,1031,3,446449,111612.25,222414.2697,445233,5,0,0,0,0,72,112,6.718277971,11.19712995,0,10135,1292.555556,3350.634907,11200000.0,0,0,0,1,0,0,0,0,1,1454.125,8.666666667,2321.4,72,0,0,0,0,0,0,3,26,5,11607,8192,229,2,20,0.0,0.0,0,0,0.0,0.0,0,0,DDoS
80,6062903,4,0,24,0,6,6,6.0,0.0,0,0,0.0,0.0,3.958499748,0.659749958,2020967.667,3499552.689,6061903,1,6062903,2020967.667,3499552.689,6061903,1,0,0.0,0.0,0,0,0,0,0,0,80,0,0.659749958,0.0,6,6,6.0,0.0,0.0,0,0,0,0,1,0,0,0,0,7.5,6.0,0.0,80,0,0,0,0,0,0,4,24,0,0,256,-1,3,20,1000.0,0.0,1000,1000,6061903.0,0.0,6061903,6061903,DDoS
80,14457,3,5,26,11607,20,0,8.666666667,10.26320288,7215,0,2321.4,3327.769794,804662.1014,553.3651518,2065.285714,5015.481523,13429,3,786,393.0,486.4894655,737,49,14350,3587.5,6568.112337,13429,3,0,0,0,0,72,112,207.5119319,345.8532199,0,7215,1292.555556,2650.585648,7025604.278,0,0,0,1,0,0,0,0,1,1454.125,8.666666667,2321.4,72,0,0,0,0,0,0,3,26,5,11607,8192,229,2,20,0.0,0.0,0,0,0.0,0.0,0,0,DDoS
80,37277,3,6,26,11607,20,0,8.666666667,10.26320288,4380,0,1934.5,2177.344966,312069.1043,241.4357379,4659.625,12773.44354,36267,3,942,471.0,429.920923,775,167,37214,7442.8,16159.24426,36343,3,0,0,0,0,72,132,80.47857928,160.9571586,0,4380,1163.3,1903.962654,3625073.789,0,0,0,1,0,0,0,0,2,1292.555556,8.666666667,1934.5,72,0,0,0,0,0,0,3,26,6,11607,8192,229,2,20,0.0,0.0,0,0,0.0,0.0,0,0,DDoS
80,6044025,4,0,24,0,6,6,6.0,0.0,0,0,0.0,0.0,3.970863787,0.661810631,2014675.0,3488654.337,6043026,1,6044025,2014675.0,3488654.337,6043026,1,0,0.0,0.0,0,0,0,0,0,0,80,0,0.661810631,0.0,6,6,6.0,0.0,0.0,0,0,0,0,1,0,0,0,0,7.5,6.0,0.0,80,0,0,0,0,0,0,4,24,0,0,256,-1,3,20,999.0,0.0,999,999,6043026.0,0.0,6043026,6043026,DDoS
80,36129,3,4,26,11607,20,0,8.666666667,10.26320288,11595,0,2901.75,5795.50069,321985.1089,193.750173,6021.5,13874.06403,34321,4,1410,705.0,991.3637072,1406,4,36112,12037.33333,19305.34771,34321,371,0,0,0,0,72,92,83.03578842,110.7143846,0,11595,1454.125,4097.537534,16800000.0,0,0,0,1,0,0,0,0,1,1661.857143,8.666666667,2901.75,72,0,0,0,0,0,0,3,26,4,11607,8192,229,2,20,0.0,0.0,0,0,0.0,0.0,0,0,DDoS
80,6033004,6,0,36,0,6,6,6.0,0.0,0,0,0.0,0.0,5.967176551,0.994529425,1206600.8,2696652.872,6030520,191,6033004,1206600.8,2696652.872,6030520,191,0,0.0,0.0,0,0,0,0,0,0,120,0,0.994529425,0.0,6,6,6.0,0.0,0.0,0,0,0,0,1,0,0,0,0,7.0,6.0,0.0,120,0,0,0,0,0,0,6,36,0,0,256,-1,5,20,2484.0,0.0,2484,2484,6030520.0,0.0,6030520,6030520,DDoS
80,21958,3,4,26,11601,20,0,8.666666667,10.26320288,8760,0,2900.25,4128.319301,529510.8844,318.7904181,3659.666667,7883.064878,19705,62,19922,9961.0,13867.77819,19767,155,21896,7298.666667,10960.50137,19933,339,0,0,0,0,72,92,136.6244649,182.1659532,0,8760,1453.375,3113.952607,9696700.839,0,0,0,1,0,0,0,0,1,1661.0,8.666666667,2900.25,72,0,0,0,0,0,0,3,26,4,11601,8192,229,2,20,0.0,0.0,0,0,0.0,0.0,0,0,DDoS
80,6037912,5,0,30,0,6,6,6.0,0.0,0,0,0.0,0.0,4.968605041,0.82810084,1509478.0,3016285.59,6033906,3,6037912,1509478.0,3016285.59,6033906,3,0,0.0,0.0,0,0,0,0,0,0,100,0,0.82810084,0.0,6,6,6.0,0.0,0.0,0,0,0,0,1,0,0,0,0,7.2,6.0,0.0,100,0,0,0,0,0,0,5,30,0,0,256,-1,4,20,4006.0,0.0,4006,4006,6033906.0,0.0,6033906,6033906,DDoS
80,20840,3,4,26,11601,20,0,8.666666667,10.26320288,8760,0,2900.25,4128.319301,557917.4664,335.8925144,3473.333333,7525.400419,18787,29,18960,9480.0,13203.09782,18816,144,20811,6937.0,10492.45734,19026,197,0,0,0,0,72,92,143.9539347,191.9385797,0,8760,1453.375,3113.952607,9696700.839,0,0,0,1,0,0,0,0,1,1661.0,8.666666667,2900.25,72,0,0,0,0,0,0,3,26,4,11601,8192,229,2,20,0.0,0.0,0,0,0.0,0.0,0,0,DDoS
80,6033843,5,0,30,0,6,6,6.0,0.0,0,0,0.0,0.0,4.971955684,0.828659281,1508460.75,3014921.611,6030843,1,6033843,1508460.75,3014921.611,6030843,1,0,0.0,0.0,0,0,0,0,0,0,100,0,0.828659281,0.0,6,6,6.0,0.0,0.0,0,0,0,0,1,0,0,0,0,7.2,6.0,0.0,100,0,0,0,0,0,0,5,30,0,0,256,-1,4,20,3000.0,0.0,3000,3000,6030843.0,0.0,6030843,6030843,DDoS
80,19373,3,5,26,11601,20,0,8.666666667,10.26320288,7300,0,2320.2,3022.508098,600165.1783,412.9458525,2767.571429,6238.381517,16853,50,17035,8517.5,11858.88783,16903,132,19323,4830.75,8168.903532,17043,202,0,0,0,0,72,112,154.8546947,258.0911578,0,7300,1291.888889,2460.652985,6054813.111,0,0,0,1,0,0,0,0,1,1453.375,8.666666667,2320.2,72,0,0,0,0,0,0,3,26,5,11601,8192,229,2,20,0.0,0.0,0,0,0.0,0.0,0,0,DDoS
80,6036893,4,0,24,0,6,6,6.0,0.0,0,0,0.0,0.0,3.975554975,0.662592496,2012297.667,3482091.508,6033070,1,6036893,2012297.667,3482091.508,6033070,1,0,0.0,0.0,0,0,0,0,0,0,80,0,0.662592496,0.0,6,6,6.0,0.0,0.0,0,0,0,0,1,0,0,0,0,7.5,6.0,0.0,80,0,0,0,0,0,0,4,24,0,0,256,-1,3,20,3823.0,0.0,3823,3823,6033070.0,0.0,6033070,6033070,DDoS
80,16816,3,4,26,11601,20,0,8.666666667,10.26320288,10135,0,2900.25,4871.82583,691424.8335,416.2702188,2802.666667,5889.273119,14763,15,14966,7483.0,10316.68794,14778,188,16801,5600.333333,8191.142798,15024,188,0,0,0,0,72,92,178.4015224,237.8686965,0,10135,1453.375,3544.652026,12600000.0,0,0,0,1,0,0,0,0,1,1661.0,8.666666667,2900.25,72,0,0,0,0,0,0,3,26,4,11601,8192,229,2,20,0.0,0.0,0,0,0.0,0.0,0,0,DDoS
80,6036872,4,0,24,0,6,6,6.0,0.0,0,0,0.0,0.0,3.975568805,0.662594801,2012290.667,3484522.818,6035871,3,6036872,2012290.667,3484522.818,6035871,3,0,0.0,0.0,0,0,0,0,0,0,80,0,0.662594801,0.0,6,6,6.0,0.0,0.0,0,0,0,0,1,0,0,0,0,7.5,6.0,0.0,80,0,0,0,0,0,0,4,24,0,0,256,-1,3,20,1001.0,0.0,1001,1001,6035871.0,0.0,6035871,6035871,DDoS
80,16392,3,4,26,11601,20,0,8.666666667,10.26320288,8760,0,2900.25,4128.319301,709309.4192,427.0375793,2732.0,5489.226576,13821,6,14063,7031.5,9610.288263,13827,236,16386,5462.0,7556.692332,14119,187,0,0,0,0,72,92,183.0161054,244.0214739,0,8760,1453.375,3113.952607,9696700.839,0,0,0,1,0,0,0,0,1,1661.0,8.666666667,2900.25,72,0,0,0,0,0,0,3,26,4,11601,8192,229,2,20,0.0,0.0,0,0,0.0,0.0,0,0,DDoS
80,6033036,5,0,30,0,6,6,6.0,0.0,0,0,0.0,0.0,4.97262075,0.828770125,1508259.0,3015519.346,6031538,231,6033036,1508259.0,3015519.346,6031538,231,0,0.0,0.0,0,0,0,0,0,0,100,0,0.828770125,0.0,6,6,6.0,0.0,0.0,0,0,0,0,1,0,0,0,0,7.2,6.0,0.0,100,0,0,0,0,0,0,5,30,0,0,256,-1,4,20,1498.0,0.0,1498,1498,6031538.0,0.0,6031538,6031538,DDoS
80,7357,3,5,26,11601,20,0,8.666666667,10.26320288,5840,0,2320.2,2436.833027,1580399.619,1087.399755,1051.0,1809.361674,4883,55,5070,2535.0,3398.35519,4938,132,7302,1825.5,2303.837451,5074,181,0,0,0,0,72,112,407.7749083,679.6248471,0,5840,1291.888889,2110.95076,4456113.111,0,0,0,1,0,0,0,0,1,1453.375,8.666666667,2320.2,72,0,0,0,0,0,0,3,26,5,11601,8192,229,2,20,0.0,0.0,0,0,0.0,0.0,0,0,DDoS
80,6028764,5,0,30,0,6,6,6.0,0.0,0,0,0.0,0.0,4.976144364,0.829357394,1507191.0,3012639.418,6026150,312,6028764,1507191.0,3012639.418,6026150,312,0,0.0,0.0,0,0,0,0,0,0,100,0,0.829357394,0.0,6,6,6.0,0.0,0.0,0,0,0,0,1,0,0,0,0,7.2,6.0,0.0,100,0,0,0,0,0,0,5,30,0,0,256,-1,4,20,2614.0,0.0,2614,2614,6026150.0,0.0,6026150,6026150,DDoS
80,6110,3,6,26,11601,20,0,8.666666667,10.26320288,5840,0,1933.5,2189.772933,1902945.99,1472.99509,763.75,1861.891953,5370,46,5593,2796.5,3761.100969,5456,137,6024,1204.8,2451.09194,5588,46,0,0,0,0,72,132,490.9983633,981.9967267,0,5840,1162.7,1911.59573,3654198.233,0,0,0,1,0,0,0,0,2,1291.888889,8.666666667,1933.5,72,0,0,0,0,0,0,3,26,6,11601,8192,229,2,20,0.0,0.0,0,0,0.0,0.0,0,0,DDoS
80,6023754,4,0,24,0,6,6,6.0,0.0,0,0,0.0,0.0,3.984226447,0.664037741,2007918.0,3477147.443,6022982,1,6023754,2007918.0,3477147.443,6022982,1,0,0.0,0.0,0,0,0,0,0,0,80,0,0.664037741,0.0,6,6,6.0,0.0,0.0,0,0,0,0,1,0,0,0,0,7.5,6.0,0.0,80,0,0,0,0,0,0,4,24,0,0,256,-1,3,20,772.0,0.0,772,772,6022982.0,0.0,6022982,6022982,DDoS
80,4948,3,6,26,11601,20,0,8.666666667,10.26320288,4380,0,1933.5,1757.789948,2349838.319,1818.916734,618.5,1074.193385,2997,13,3136,1568.0,2105.763994,3057,79,4888,977.6,1369.828018,3186,13,0,0,0,0,72,132,606.305578,1212.611156,0,4380,1162.7,1645.241762,2706820.456,0,0,0,1,0,0,0,0,2,1291.888889,8.666666667,1933.5,72,0,0,0,0,0,0,3,26,6,11601,8192,229,2,20,0.0,0.0,0,0,0.0,0.0,0,0,DDoS
80,6029868,5,0,30,0,6,6,6.0,0.0,0,0,0.0,0.0,4.975233289,0.829205548,1507467.0,3013931.416,6028364,1,6029868,1507467.0,3013931.416,6028364,1,0,0.0,0.0,0,0,0,0,0,0,100,0,0.829205548,0.0,6,6,6.0,0.0,0.0,0,0,0,0,1,0,0,0,0,7.2,6.0,0.0,100,0,0,0,0,0,0,5,30,0,0,256,-1,4,20,1504.0,0.0,1504,1504,6028364.0,0.0,6028364,6028364,DDoS
80,840069,3,6,26,11601,20,0,8.666666667,10.26320288,4380,0,1933.5,1757.789948,13840.52977,10.71340568,105008.625,295495.4513,836318,15,3437,1718.5,1982.020308,3120,317,840028,168005.6,373600.8429,836318,15,0,0,0,0,72,132,3.571135228,7.142270456,0,4380,1162.7,1645.241762,2706820.456,0,0,0,1,0,0,0,0,2,1291.888889,8.666666667,1933.5,72,0,0,0,0,0,0,3,26,6,11601,8192,229,2,20,0.0,0.0,0,0,0.0,0.0,0,0,DDoS
80,5183903,4,0,24,0,6,6,6.0,0.0,0,0,0.0,0.0,4.629716258,0.771619376,1727967.667,2992066.138,5182908,4,5183903,1727967.667,2992066.138,5182908,4,0,0.0,0.0,0,0,0,0,0,0,80,0,0.771619376,0.0,6,6,6.0,0.0,0.0,0,0,0,0,1,0,0,0,0,7.5,6.0,0.0,80,0,0,0,0,0,0,4,24,0,0,256,-1,3,20,995.0,0.0,995,995,5182908.0,0.0,5182908,5182908,DDoS
80,839391,3,6,26,11607,20,0,8.666666667,10.26320288,4380,0,1934.5,2177.344966,13858.8572,10.72205921,104923.875,295623.9927,836554,16,2478,1239.0,1278.44906,2143,335,839299,167859.8,373812.8782,836554,16,0,0,0,0,72,132,3.574019736,7.148039471,0,4380,1163.3,1903.962654,3625073.789,0,0,0,1,0,0,0,0,2,1292.555556,8.666666667,1934.5,72,0,0,0,0,0,0,3,26,6,11607,8192,229,2,20,0.0,0.0,0,0,0.0,0.0,0,0,DDoS
80,5181899,5,0,30,0,6,6,6.0,0.0,0,0,0.0,0.0,5.78938339,0.964897232,1295474.75,2590072.865,5180584,3,5181899,1295474.75,2590072.865,5180584,3,0,0.0,0.0,0,0,0,0,0,0,100,0,0.964897232,0.0,6,6,6.0,0.0,0.0,0,0,0,0,1,0,0,0,0,7.2,6.0,0.0,100,0,0,0,0,0,0,5,30,0,0,256,-1,4,20,1315.0,0.0,1315,1315,5180584.0,0.0,5180584,5180584,DDoS
