Destination Port,Flow Duration,Total Fwd Packets,Total Backward Packets,Total Length of Fwd Packets,Total Length of Bwd Packets,Fwd Packet Length Max,Fwd Packet Length Min,Fwd Packet Length Mean,Fwd Packet Length Std,Bwd Packet Length Max,Bwd Packet Length Min,Bwd Packet Length Mean,Bwd Packet Length Std,Flow Bytes/s,Flow Packets/s,Flow IAT Mean,Flow IAT Std,Flow IAT Max,Flow IAT Min,Fwd IAT Total,Fwd IAT Mean,Fwd IAT Std,Fwd IAT Max,Fwd IAT Min,Bwd IAT Total,Bwd IAT Mean,Bwd IAT Std,Bwd IAT Max,Bwd IAT Min,Fwd PSH Flags,Bwd PSH Flags,Fwd URG Flags,Bwd URG Flags,Fwd Header Length,Bwd Header Length,Fwd Packets/s,Bwd Packets/s,Min Packet Length,Max Packet Length,Packet Length Mean,Packet Length Std,Packet Length Variance,FIN Flag Count,SYN Flag Count,RST Flag Count,PSH Flag Count,ACK Flag Count,URG Flag Count,CWE Flag Count,ECE Flag Count,Down/Up Ratio,Average Packet Size,Avg Fwd Segment Size,Avg Bwd Segment Size,Fwd Header Length.1,Fwd Avg Bytes/Bulk,Fwd Avg Packets/Bulk,Fwd Avg Bulk Rate,Bwd Avg Bytes/Bulk,Bwd Avg Packets/Bulk,Bwd Avg Bulk Rate,Subflow Fwd Packets,Subflow Fwd Bytes,Subflow Bwd Packets,Subflow Bwd Bytes,Init_Win_bytes_forward,Init_Win_bytes_backward,act_data_pkt_fwd,min_seg_size_forward,Active Mean,Active Std,Active Max,Active Min,Idle Mean,Idle Std,Idle Max,Idle Min,Label
49188,4,2,0,12,0,6,6,6.0,0.0,0,0,0.0,0.0,3000000.0,500000.0,4.0,0.0,4,4,4,4.0,0.0,4,4,0,0.0,0.0,0,0,0,0,0,0,40,0,500000.0,0.0,6,6,6.0,0.0,0.0,0,0,0,0,1,1,0,0,0,9.0,6.0,0.0,40,0,0,0,0,0,0,2,12,0,0,329,-1,1,20,0.0,0.0,0,0,0.0,0.0,0,0,BENIGN
49188,1,2,0,12,0,6,6,6.0,0.0,0,0,0.0,0.0,12000000.0,2000000.0,1.0,0.0,1,1,1,1.0,0.0,1,1,0,0.0,0.0,0,0,0,0,0,0,40,0,2000000.0,0.0,6,6,6.0,0.0,0.0,0,0,0,0,1,1,0,0,0,9.0,6.0,0.0,40,0,0,0,0,0,0,2,12,0,0,329,-1,1,20,0.0,0.0,0,0,0.0,0.0,0,0,BENIGN
49486,3,2,0,12,0,6,6,6.0,0.0,0,0,0.0,0.0,4000000.0,666666.666666667,3.0,0.0,3,3,3,3.0,0.0,3,3,0,0.0,0.0,0,0,0,0,0,0,40,0,666666.666666667,0.0,6,6,6.0,0.0,0.0,0,0,0,0,1,1,0,0,0,9.0,6.0,0.0,40,0,0,0,0,0,0,2,12,0,0,245,-1,1,20,0.0,0.0,0,0,0.0,0.0,0,0,BENIGN
49486,1,2,0,12,0,6,6,6.0,0.0,0,0,0.0,0.0,12000000.0,2000000.0,1.0,0.0,1,1,1,1.0,0.0,1,1,0,0.0,0.0,0,0,0,0,0,0,40,0,2000000.0,0.0,6,6,6.0,0.0,0.0,0,0,0,0,1,1,0,0,0,9.0,6.0,0.0,40,0,0,0,0,0,0,2,12,0,0,245,-1,1,20,0.0,0.0,0,0,0.0,0.0,0,0,BENIGN
88,609,7,4,484,414,233,0,69.1428571429,111.9678950584,207,0,103.5,119.5115057223,1474548.44006568,18062.3973727422,60.9,115.1949555223,381,2,609,101.5,177.0895253819,460,2,467,155.6666666667,263.5608721592,460,3,0,0,0,0,164,104,11494.2528735632,6568.144499179,0,233,74.8333333333,107.5274454042,11562.1515151515,0,0,0,1,0,0,0,0,0,81.6363636364,69.1428571429,103.5,164,0,0,0,0,0,0,7,484,4,414,8192,2053,5,20,0.0,0.0,0,0,0.0,0.0,0,0,BENIGN
88,879,9,4,656,3064,313,0,72.8888888889,136.1538141629,1532,0,766.0,884.5006123985,4232081.9112628,14789.5335608646,73.25,209.0550710394,734,1,879,109.875,281.977424375,806,1,764,254.6666666667,434.1685540586,756,3,0,0,0,0,204,104,10238.9078498294,4550.6257110353,0,1532,265.7142857143,547.8425417485,300131.450549451,0,0,0,1,0,0,0,0,0,286.1538461538,72.8888888889,766.0,204,0,0,0,0,0,0,9,656,4,3064,8192,2053,7,20,0.0,0.0,0,0,0.0,0.0,0,0,BENIGN
88,1160,9,6,3134,3048,1552,0,348.2222222222,682.4825598097,1518,0,508.0,782.3472374847,5329310.34482759,12931.0344827586,82.8571428571,218.2461056637,836,1,1160,145.0,326.90802551,950,1,1022,204.4,354.3533547181,836,3,0,0,0,0,204,144,7758.6206896552,5172.4137931035,0,1552,386.375,684.9689895657,469182.516666667,0,0,0,1,0,0,0,0,0,412.1333333333,348.2222222222,508.0,204,0,0,0,0,0,0,9,3134,6,3048,8192,2053,7,20,0.0,0.0,0,0,0.0,0.0,0,0,BENIGN
88,524,7,4,2812,2820,1397,0,401.7142857143,679.9148756243,1410,0,705.0,814.0638795574,10748091.6030534,20992.3664122137,52.4,83.6782196539,284,1,524,87.3333333333,143.7284476597,377,1,440,146.6666666667,169.1636288726,342,49,0,0,0,0,164,104,13358.7786259542,7633.5877862596,0,1410,469.3333333333,689.9433881036,476021.878787879,0,0,0,1,0,0,0,0,0,512.0,401.7142857143,705.0,164,0,0,0,0,0,0,7,2812,4,2820,8192,2053,5,20,0.0,0.0,0,0,0.0,0.0,0,0,BENIGN
1034,6,1,1,6,6,6,6,6.0,0.0,6,6,6.0,0.0,2000000.0,333333.333333333,6.0,0.0,6,6,0,0.0,0.0,0,0,0,0.0,0.0,0,0,0,0,0,0,20,20,166666.666666667,166666.666666667,6,6,6.0,0.0,0.0,0,0,0,0,1,0,0,0,1,9.0,6.0,6.0,20,0,0,0,0,0,0,1,6,1,6,2053,251,0,20,0.0,0.0,0,0,0.0,0.0,0,0,BENIGN
88,1119,9,6,3160,3060,1565,0,351.1111111111,688.2149817543,1524,0,510.0,785.4456060097,5558534.40571939,13404.8257372654,79.9285714286,190.290653914,704,1,1119,139.875,263.0379861215,759,1,1047,209.4,310.6385359224,704,3,0,0,0,0,204,144,8042.8954423593,5361.9302949062,0,1565,388.75,689.2425310924,475055.266666667,0,0,0,1,0,0,0,0,0,414.6666666667,351.1111111111,510.0,204,0,0,0,0,0,0,9,3160,6,3060,8192,2053,7,20,0.0,0.0,0,0,0.0,0.0,0,0,BENIGN
389,18378,13,13,4160,5724,1672,0,320.0,612.9740342516,2634,0,440.3076923077,817.308936349,537816.955054957,1414.7350092502,735.12,3222.5996276299,16177,1,18378,1531.5,4628.9492131781,16177,3,18292,1524.3333333333,4674.3796347427,16337,1,0,0,0,0,284,284,707.3675046251,707.3675046251,0,2634,366.0740740741,700.4948210387,490692.994301994,0,0,0,1,0,0,0,0,1,380.1538461538,320.0,440.3076923077,284,0,0,0,0,0,0,13,4160,13,5724,8192,0,11,20,0.0,0.0,0,0,0.0,0.0,0,0,BENIGN
88,822,7,4,458,356,220,0,65.4285714286,105.6264757575,178,0,89.0,102.7683479158,990267.639902676,13381.99513382,82.2,177.6662288925,579,1,822,137.0,269.6004451035,683,1,660,220.0,375.8550252424,654,3,0,0,0,0,164,104,8515.8150851582,4866.1800486618,0,220,67.8333333333,97.728597595,9550.8787878788,0,0,0,1,0,0,0,0,0,74.0,65.4285714286,89.0,164,0,0,0,0,0,0,7,458,4,356,8192,2053,5,20,0.0,0.0,0,0,0.0,0.0,0,0,BENIGN
88,876,9,4,630,2942,300,0,70.0,130.4223907157,1471,0,735.5,849.2822459779,4077625.57077626,14840.1826484018,73.0,209.199339474,734,1,876,109.5,281.3553929514,804,1,756,252.0,429.5497642881,748,3,0,0,0,0,204,104,10273.9726027397,4566.2100456621,0,1471,255.1428571429,525.9783349067,276653.208791209,0,0,0,1,0,0,0,0,0,274.7692307692,70.0,735.5,204,0,0,0,0,0,0,9,630,4,2942,8192,2053,7,20,0.0,0.0,0,0,0.0,0.0,0,0,BENIGN
88,1009,7,4,2748,2780,1365,0,392.5714285714,664.3005989116,1390,0,695.0,802.5168741736,5478691.7740337,10901.8830525273,100.9,248.1027788818,804,1,1009,168.1666666667,340.1925435201,861,1,864,288.0,492.7687084221,857,3,0,0,0,0,164,104,6937.5619425174,3964.3211100099,0,1390,460.6666666667,677.1727768428,458562.96969697,0,0,0,1,0,0,0,0,0,502.5454545455,392.5714285714,695.0,164,0,0,0,0,0,0,7,2748,4,2780,8192,2053,5,20,0.0,0.0,0,0,0.0,0.0,0,0,BENIGN
88,616,7,4,484,414,233,0,69.1428571429,111.9678950584,207,0,103.5,119.5115057223,1457792.20779221,17857.1428571429,61.6,119.0062556712,393,1,616,102.6666666667,180.4933978479,468,1,466,155.3333333333,262.9835229313,459,3,0,0,0,0,164,104,11363.6363636364,6493.5064935065,0,233,74.8333333333,107.5274454042,11562.1515151515,0,0,0,1,0,0,0,0,0,81.6363636364,69.1428571429,103.5,164,0,0,0,0,0,0,7,484,4,414,8192,2053,5,20,0.0,0.0,0,0,0.0,0.0,0,0,BENIGN
1045,5,1,1,6,6,6,6,6.0,0.0,6,6,6.0,0.0,2400000.0,400000.0,5.0,0.0,5,5,0,0.0,0.0,0,0,0,0.0,0.0,0,0,0,0,0,0,20,20,200000.0,200000.0,6,6,6.0,0.0,0.0,0,0,0,0,1,0,0,0,1,9.0,6.0,6.0,20,0,0,0,0,0,0,1,6,1,6,2053,255,0,20,0.0,0.0,0,0,0.0,0.0,0,0,BENIGN
88,946,9,4,654,3064,312,0,72.6666666667,135.7129323241,1532,0,766.0,884.5006123985,3930232.55813953,13742.0718816068,78.8333333333,193.222826307,689,1,946,118.25,248.5895929324,730,1,790,263.3333333333,449.1796225713,782,3,0,0,0,0,204,104,9513.7420718816,4228.3298097252,0,1532,265.5714285714,547.8293830811,300117.032967033,0,0,0,1,0,0,0,0,0,286.0,72.6666666667,766.0,204,0,0,0,0,0,0,9,654,4,3064,8192,2053,7,20,0.0,0.0,0,0,0.0,0.0,0,0,BENIGN
88,927,9,6,3160,3060,1565,0,351.1111111111,688.2149817543,1524,0,510.0,785.4456060097,6709816.61272923,16181.2297734628,66.2142857143,181.8355887022,694,2,927,115.875,277.9544862537,801,2,909,181.8,286.5225994577,694,47,0,0,0,0,204,144,9708.7378640777,6472.4919093851,0,1565,388.75,689.2425310924,475055.266666667,0,0,0,1,0,0,0,0,0,414.6666666667,351.1111111111,510.0,204,0,0,0,0,0,0,9,3160,6,3060,8192,2053,7,20,0.0,0.0,0,0,0.0,0.0,0,0,BENIGN
88,973,9,6,3112,3012,1541,0,345.7777777778,677.6320494519,1500,0,502.0,773.0521327828,6293936.27954779,15416.2384378212,69.5,190.5820033476,727,1,973,121.625,294.1277358564,843,1,893,178.6,309.713254479,727,3,0,0,0,0,204,144,9249.7430626927,6166.4953751285,0,1541,382.75,678.5107712238,460376.866666667,0,0,0,1,0,0,0,0,0,408.2666666667,345.7777777778,502.0,204,0,0,0,0,0,0,9,3112,6,3012,8192,2053,7,20,0.0,0.0,0,0,0.0,0.0,0,0,BENIGN
88,953,7,4,2814,2836,1398,0,402.0,680.4028218636,1418,0,709.0,818.6826817109,5928646.3798531,11542.4973767051,95.3,211.9827299045,692,1,953,158.8333333333,333.2052920748,837,2,854,284.6666666667,408.1866403171,756,49,0,0,0,0,164,104,7345.2256033578,4197.2717733473,0,1418,470.8333333333,692.1741548238,479105.060606061,0,0,0,1,0,0,0,0,0,513.6363636364,402.0,709.0,164,0,0,0,0,0,0,7,2814,4,2836,8192,2053,5,20,0.0,0.0,0,0,0.0,0.0,0,0,BENIGN
88,740,8,6,4948,270,2465,0,618.5,937.9019138481,129,0,45.0,65.1214250458,7051351.35135135,18918.9189189189,56.9230769231,123.69819558,459,0,740,105.7142857143,207.4196344657,550,0,694,138.8,186.7584000788,472,47,0,0,0,0,184,144,10810.8108108108,8108.1081081081,0,2465,347.8666666667,728.8025273073,531153.123809524,0,0,0,1,0,0,0,0,0,372.7142857143,618.5,45.0,184,0,0,0,0,0,0,8,4948,6,270,8192,2053,6,20,0.0,0.0,0,0,0.0,0.0,0,0,BENIGN
389,77033,13,11,4122,1038,1660,0,317.0769230769,600.6818988364,210,0,94.3636363636,89.6630054451,66984.279464645,311.5547882077,3349.2608695652,15550.7351717981,74678,2,77033,6419.4166666667,21541.9609534438,74816,2,76989,7698.9,23561.1363735095,74748,3,0,0,0,0,284,244,168.7588436125,142.7959445952,0,1660,206.4,444.8846292392,197922.333333333,0,0,0,1,0,0,0,0,0,215.0,317.0769230769,94.3636363636,284,0,0,0,0,0,0,13,4122,11,1038,8192,0,11,20,0.0,0.0,0,0,0.0,0.0,0,0,BENIGN
1051,46,1,1,6,6,6,6,6.0,0.0,6,6,6.0,0.0,260869.565217391,43478.2608695652,46.0,0.0,46,46,0,0.0,0.0,0,0,0,0.0,0.0,0,0,0,0,0,0,20,20,21739.1304347826,21739.1304347826,6,6,6.0,0.0,0.0,1,0,0,0,1,0,0,0,1,9.0,6.0,6.0,20,0,0,0,0,0,0,1,6,1,6,0,254,0,20,0.0,0.0,0,0,0.0,0.0,0,0,BENIGN
88,1112,9,7,3134,3054,1552,0,348.2222222222,682.4825598097,1518,0,436.2857142857,738.956406988,5564748.20143885,14388.4892086331,74.1333333333,207.4418564551,819,1,1112,139.0,298.7865936943,875,1,1058,176.3333333333,317.4798681281,819,3,0,0,0,0,204,164,8093.5251798561,6294.964028777,0,1552,364.0,669.6039874433,448369.5,0,0,0,1,0,0,0,0,0,386.75,348.2222222222,436.2857142857,204,0,0,0,0,0,0,9,3134,7,3054,8192,2053,7,20,0.0,0.0,0,0,0.0,0.0,0,0,BENIGN
88,655,7,4,2812,2820,1397,0,401.7142857143,679.9148756243,1410,0,705.0,814.0638795574,8598473.28244275,16793.893129771,65.5,91.5572073745,274,0,655,109.1666666667,172.4464167986,459,1,556,185.3333333333,186.0035841949,372,0,0,0,0,0,164,104,10687.0229007634,6106.8702290076,0,1410,469.3333333333,689.9433881036,476021.878787879,0,0,0,1,0,0,0,0,0,512.0,401.7142857143,705.0,164,0,0,0,0,0,0,7,2812,4,2820,8192,2053,5,20,0.0,0.0,0,0,0.0,0.0,0,0,BENIGN
80,40643,3,4,103,191,97,0,34.3333333333,54.3537793841,179,0,47.75,87.5457023503,7233.7179834166,172.2313805575,6773.8333333333,10209.4063963909,19958,3,20083,10041.5,14094.7594693915,20008,75,20685,6895.0,11413.0947599676,20069,3,0,0,0,0,72,92,73.8134488104,98.4179317472,0,179,36.75,66.282404474,4393.3571428572,0,0,0,1,0,0,0,0,1,42.0,34.3333333333,47.75,72,0,0,0,0,0,0,3,103,4,191,8192,913,2,20,0.0,0.0,0,0,0.0,0.0,0,0,BENIGN
80,4,2,0,12,0,6,6,6.0,0.0,0,0,0.0,0.0,3000000.0,500000.0,4.0,0.0,4,4,4,4.0,0.0,4,4,0,0.0,0.0,0,0,0,0,0,0,40,0,500000.0,0.0,6,6,6.0,0.0,0.0,0,0,0,0,1,0,0,0,0,9.0,6.0,0.0,40,0,0,0,0,0,0,2,12,0,0,255,-1,1,20,0.0,0.0,0,0,0.0,0.0,0,0,BENIGN
49671,26361049,21,14,3720,2672,936,0,177.1428571429,268.1367721358,952,0,190.8571428571,324.9593719322,242.4789696343,1.3277165108,775324.970588235,4298075.29676741,25084797,1,26361049,1318052.45,5597543.47699389,25084797,1,1068197,82169.0,295756.819032123,1066507,2,0,0,0,0,444,304,0.7966299065,0.5310866043,0,952,177.5555555556,285.0932122702,81278.1396825397,0,0,0,1,0,0,0,0,0,182.6285714286,177.1428571429,190.8571428571,444,0,0,0,0,0,0,21,3720,14,2672,8192,2053,19,20,0.0,0.0,0,0,0.0,0.0,0,0,BENIGN
49671,52,1,2,6,12,6,6,6.0,0.0,6,6,6.0,0.0,346153.846153846,57692.3076923077,26.0,31.1126983722,48,4,0,0.0,0.0,0,0,4,4.0,0.0,4,4,0,0,0,0,20,40,19230.7692307692,38461.5384615385,6,6,6.0,0.0,0.0,0,0,0,0,1,1,0,0,2,8.0,6.0,6.0,20,0,0,0,0,0,0,1,6,2,12,251,2053,0,20,0.0,0.0,0,0,0.0,0.0,0,0,BENIGN
88,1067,9,6,3084,2984,1527,0,342.6666666667,671.4586733374,1486,0,497.3333333333,765.822607832,5686972.82099344,14058.106841612,76.2142857143,204.8084202639,782,1,1067,133.375,311.1967395624,901,1,998,199.6,331.0080059455,782,1,0,0,0,0,204,144,8434.8641049672,5623.2427366448,0,1527,379.25,672.2505981155,451920.866666667,0,0,0,1,0,0,0,0,0,404.5333333333,342.6666666667,497.3333333333,204,0,0,0,0,0,0,9,3084,6,2984,8192,2053,7,20,0.0,0.0,0,0,0.0,0.0,0,0,BENIGN
389,3536,13,11,4094,1038,1646,0,314.9230769231,595.4657087158,210,0,94.3636363636,89.6630054451,1451357.46606335,6787.3303167421,153.7391304348,318.3389013716,1210,1,3536,294.6666666667,468.5283213198,1348,1,3497,349.7,468.6436812761,1276,3,0,0,0,0,284,244,3676.4705882353,3110.8597285068,0,1646,205.28,441.0732667785,194545.626666667,0,0,0,1,0,0,0,0,0,213.8333333333,314.9230769231,94.3636363636,284,0,0,0,0,0,0,13,4094,11,1038,8192,0,11,20,0.0,0.0,0,0,0.0,0.0,0,0,BENIGN
389,519267,15,10,4844,3982,1660,0,322.9333333333,568.0938638071,1268,0,398.2,498.0389989192,16997.0362068069,48.1447887118,21636.125,74227.6833927428,315131,3,519267,37090.5,95598.2967411433,315131,3,7445,827.2222222222,1361.8992049504,3835,3,0,0,0,0,324,224,28.8868732271,19.2579154847,0,1660,339.4615384615,525.5263442127,276177.938461539,0,0,0,1,0,0,0,0,0,353.04,322.9333333333,398.2,324,0,0,0,0,0,0,15,4844,10,3982,8192,2050,13,20,0.0,0.0,0,0,0.0,0.0,0,0,BENIGN
1059,46,2,1,12,6,6,6,6.0,0.0,6,6,6.0,0.0,391304.347826087,65217.3913043478,23.0,26.8700576851,42,4,4,4.0,0.0,4,4,0,0.0,0.0,0,0,0,0,0,0,40,20,43478.2608695652,21739.1304347826,6,6,6.0,0.0,0.0,1,0,0,0,1,0,0,0,0,8.0,6.0,6.0,40,0,0,0,0,0,0,2,12,1,6,0,256,1,20,0.0,0.0,0,0,0.0,0.0,0,0,BENIGN
139,13230245,23,20,1976,2238,228,0,85.9130434783,67.3436998764,414,0,111.9,126.0989168951,318.5126201367,3.2501287769,315005.833333333,2009537.6111586,13026743,3,13230245,601374.772727273,2775567.42371029,13026743,3,13229879,696309.421052632,3034079.56981338,13225490,3,0,0,0,0,484,424,1.7384409737,1.5116878032,0,414,95.7727272727,98.6539320487,9732.5983086681,0,0,0,1,0,0,0,0,0,98.0,85.9130434783,111.9,484,0,0,0,0,0,0,23,1976,20,2238,8192,2050,21,20,202580.0,0.0,202580,202580,13026743.0,0.0,13026743,13026743,BENIGN
139,55,1,1,6,6,6,6,6.0,0.0,6,6,6.0,0.0,218181.818181818,36363.6363636364,55.0,0.0,55,55,0,0.0,0.0,0,0,0,0.0,0.0,0,0,0,0,0,0,20,20,18181.8181818182,18181.8181818182,6,6,6.0,0.0,0.0,0,0,0,0,1,1,0,0,1,9.0,6.0,6.0,20,0,0,0,0,0,0,1,6,1,6,252,2050,0,20,0.0,0.0,0,0,0.0,0.0,0,0,BENIGN
389,464,10,4,165,326,79,0,16.5,33.0126238481,163,0,81.5,94.1080938779,1058189.65517241,30172.4137931034,35.6923076923,28.0189953882,101,0,464,51.5555555556,53.0120531368,163,0,320,106.6666666667,100.74886269,223,48,0,0,0,0,336,144,21551.724137931,8620.6896551724,0,163,32.7333333333,59.5200646441,3542.6380952381,0,0,0,1,0,0,0,0,0,35.0714285714,16.5,81.5,336,0,0,0,0,0,0,10,165,4,326,29200,2081,3,32,0.0,0.0,0,0,0.0,0.0,0,0,BENIGN
389,1,2,0,7,0,7,0,3.5,4.9497474683,0,0,0.0,0.0,7000000.0,2000000.0,1.0,0.0,1,1,1,1.0,0.0,1,1,0,0.0,0.0,0,0,1,0,0,0,64,0,2000000.0,0.0,0,7,4.6666666667,4.0414518843,16.3333333333,0,1,0,0,1,0,0,0,0,7.0,3.5,0.0,64,0,0,0,0,0,0,2,7,0,0,237,-1,0,32,0.0,0.0,0,0,0.0,0.0,0,0,BENIGN
88,1175,9,6,3110,3108,1555,0,345.5555555556,685.6905481176,1554,0,518.0,802.4821493342,5291914.89361702,12765.9574468085,83.9285714286,219.1801030715,842,1,1175,146.875,307.7148204333,906,1,1036,207.2,358.9633686047,842,4,0,0,0,0,304,208,7659.5744680851,5106.3829787234,0,1555,388.625,695.193582153,483294.116666667,0,0,0,1,0,0,0,0,0,414.5333333333,345.5555555556,518.0,304,0,0,0,0,0,0,9,3110,6,3108,29200,2081,2,32,0.0,0.0,0,0,0.0,0.0,0,0,BENIGN
389,77216,19,11,3412,6654,1293,0,179.5789473684,400.3188057022,3069,0,604.9090909091,1009.0265065444,130361.583091587,388.5205138831,2662.6206896552,13971.622595752,75306,1,77216,4289.7777777778,17724.0083919277,75306,1,76926,7692.6,23970.0937336507,75912,1,0,0,0,0,624,368,246.062992126,142.4575217571,0,3069,324.7096774194,693.6665478239,481173.279569892,0,0,0,1,0,0,0,0,0,335.5333333333,179.5789473684,604.9090909091,624,0,0,0,0,0,0,19,3412,11,6654,29200,2076,10,32,0.0,0.0,0,0,0.0,0.0,0,0,BENIGN
88,1053,9,6,3110,3108,1555,0,345.5555555556,685.6905481176,1554,0,518.0,802.4821493342,5905033.23836657,14245.0142450142,75.2142857143,204.3715238976,782,1,1053,131.625,318.1257332296,916,1,995,199.0,328.0891647098,782,5,0,0,0,0,304,208,8547.0085470086,5698.0056980057,0,1555,388.625,695.193582153,483294.116666667,0,0,0,1,0,0,0,0,0,414.5333333333,345.5555555556,518.0,304,0,0,0,0,0,0,9,3110,6,3108,29200,2081,2,32,0.0,0.0,0,0,0.0,0.0,0,0,BENIGN
389,436,10,4,165,326,79,0,16.5,33.0126238481,163,0,81.5,94.1080938779,1126146.78899083,32110.0917431193,33.5384615385,25.7960442207,87,1,436,48.4444444444,47.5975606284,148,1,302,100.6666666667,91.221342532,206,48,0,0,0,0,336,144,22935.7798165138,9174.3119266055,0,163,32.7333333333,59.5200646441,3542.6380952381,0,0,0,1,0,0,0,0,0,35.0714285714,16.5,81.5,336,0,0,0,0,0,0,10,165,4,326,29200,2081,3,32,0.0,0.0,0,0,0.0,0.0,0,0,BENIGN
88,1172,9,6,3110,3108,1555,0,345.5555555556,685.6905481176,1554,0,518.0,802.4821493342,5305460.75085324,12798.6348122867,83.7142857143,220.3460315648,846,1,1172,146.5,310.5469828728,913,1,1046,209.2,360.5436173336,846,3,0,0,0,0,304,208,7679.180887372,5119.4539249147,0,1555,388.625,695.193582153,483294.116666667,0,0,0,1,0,0,0,0,0,414.5333333333,345.5555555556,518.0,304,0,0,0,0,0,0,9,3110,6,3108,29200,2081,2,32,0.0,0.0,0,0,0.0,0.0,0,0,BENIGN
135,56361247,23,12,1730,1784,168,0,75.2173913043,81.8151778105,268,0,148.6666666667,84.8842348928,62.3478043344,0.6209940671,1657683.73529412,5134992.09210688,21449915,1,56361247,2561874.86363636,6245713.99210035,21449915,1,34693536,3153957.81818182,6385923.39386701,20331895,3,0,0,0,0,484,264,0.4080818155,0.2129122516,0,268,97.6111111111,89.2608625731,7967.5015873016,0,0,0,1,0,0,0,0,0,100.4,75.2173913043,148.6666666667,484,0,0,0,0,0,0,23,1730,12,1784,8192,2050,21,20,204149.0,5830.5127561819,210844,200187,11360298.3333333,7620304.56480083,20131476,6367360,BENIGN
135,73,1,1,6,6,6,6,6.0,0.0,6,6,6.0,0.0,164383.561643836,27397.2602739726,73.0,0.0,73,73,0,0.0,0.0,0,0,0,0.0,0.0,0,0,0,0,0,0,20,20,13698.6301369863,13698.6301369863,6,6,6.0,0.0,0.0,0,0,0,0,1,1,0,0,1,9.0,6.0,6.0,20,0,0,0,0,0,0,1,6,1,6,253,2050,0,20,0.0,0.0,0,0,0.0,0.0,0,0,BENIGN
389,512,11,4,172,326,79,0,15.6363636364,31.4492375973,163,0,81.5,94.1080938779,972656.25,29296.875,36.5714285714,29.0429768704,80,1,512,51.2,43.425031184,127,1,284,94.6666666667,158.7744731792,278,2,0,0,0,0,368,144,21484.375,7812.5,0,163,31.125,57.8606083618,3347.85,0,0,0,1,0,0,0,0,0,33.2,15.6363636364,81.5,368,0,0,0,0,0,0,11,172,4,326,29200,2081,4,32,0.0,0.0,0,0,0.0,0.0,0,0,BENIGN
88,1100,10,6,3150,3152,1575,0,315.0,632.5616351173,1576,0,525.3333333333,813.8429004831,5729090.90909091,14545.4545454545,73.3333333333,220.3090902303,867,1,1100,122.2222222222,301.0962378451,922,1,1026,205.2,375.29881428,867,1,0,0,0,0,336,208,9090.9090909091,5454.5454545455,0,1576,370.7058823529,671.9757031234,451551.345588235,0,0,0,1,0,0,0,0,0,393.875,315.0,525.3333333333,336,0,0,0,0,0,0,10,3150,6,3152,29200,2081,3,32,0.0,0.0,0,0,0.0,0.0,0,0,BENIGN
389,15745,17,13,3452,6666,1313,0,203.0588235294,425.7784738846,3069,0,512.7692307692,948.1720267481,642616.703715465,1905.3667831058,542.9310344828,2557.7469707738,13828,1,15745,984.0625,3431.5068695594,13828,1,15655,1304.5833333333,4144.9507170737,14460,1,0,0,0,0,560,408,1079.7078437599,825.6589393458,0,3069,326.3870967742,695.3573027549,483521.778494624,0,0,0,1,0,0,0,0,0,337.2666666667,203.0588235294,512.7692307692,560,0,0,0,0,0,0,17,3452,13,6666,29200,0,10,32,0.0,0.0,0,0,0.0,0.0,0,0,BENIGN
88,1135,9,6,3150,3150,1575,0,350.0,694.5097191545,1575,0,525.0,813.3265027036,5550660.79295154,13215.859030837,81.0714285714,226.6109727419,864,1,1135,141.875,324.6256910439,942,3,1049,209.8,373.4216115867,864,1,0,0,0,0,304,208,7929.5154185022,5286.3436123348,0,1575,393.75,704.3614129124,496125.0,0,0,0,1,0,0,0,0,0,420.0,350.0,525.0,304,0,0,0,0,0,0,9,3150,6,3150,29200,2081,2,32,0.0,0.0,0,0,0.0,0.0,0,0,BENIGN
389,425,10,4,165,326,79,0,16.5,33.0126238481,163,0,81.5,94.1080938779,1155294.11764706,32941.1764705882,32.6923076923,25.1375702067,78,1,425,47.2222222222,44.971595974,140,1,262,87.3333333333,109.4364351271,211,3,0,0,0,0,336,144,23529.4117647059,9411.7647058824,0,163,32.7333333333,59.5200646441,3542.6380952381,0,0,0,1,0,0,0,0,0,35.0714285714,16.5,81.5,336,0,0,0,0,0,0,10,165,4,326,29200,2081,3,32,0.0,0.0,0,0,0.0,0.0,0,0,BENIGN
88,1122,10,6,3150,3152,1575,0,315.0,632.5616351173,1576,0,525.3333333333,813.8429004831,5616755.79322638,14260.2495543672,74.8,212.5283846589,839,1,1122,124.6666666667,281.8731984421,872,1,996,199.2,363.0305772246,839,2,0,0,0,0,336,208,8912.6559714795,5347.5935828877,0,1576,370.7058823529,671.9757031234,451551.345588235,0,0,0,1,0,0,0,0,0,393.875,315.0,525.3333333333,336,0,0,0,0,0,0,10,3150,6,3152,29200,2081,3,32,0.0,0.0,0,0,0.0,0.0,0,0,BENIGN
389,625,11,4,172,326,79,0,15.6363636364,31.4492375973,163,0,81.5,94.1080938779,796800.0,24000.0,44.6428571429,36.1973376472,128,1,625,62.5,44.8955578104,128,1,369,123.0,207.8460969083,363,3,0,0,0,0,368,144,17600.0,6400.0,0,163,31.125,57.8606083618,3347.85,0,0,0,1,0,0,0,0,0,33.2,15.6363636364,81.5,368,0,0,0,0,0,0,11,172,4,326,29200,2081,4,32,0.0,0.0,0,0,0.0,0.0,0,0,BENIGN
88,1155,9,6,3226,3232,1613,0,358.4444444444,711.2661441245,1616,0,538.6666666667,834.4988116628,5591341.99134199,12987.012987013,82.5,196.3093124481,761,1,1155,144.375,302.6072124058,891,1,1039,207.8,311.5520823233,761,47,0,0,0,0,304,208,7792.2077922078,5194.8051948052,0,1616,403.625,722.0267654319,521322.65,0,0,0,1,0,0,0,0,0,430.5333333333,358.4444444444,538.6666666667,304,0,0,0,0,0,0,9,3226,6,3232,29200,2081,2,32,0.0,0.0,0,0,0.0,0.0,0,0,BENIGN
389,457,11,4,172,326,79,0,15.6363636364,31.4492375973,163,0,81.5,94.1080938779,1089715.53610503,32822.7571115974,32.6428571429,25.2757321825,82,1,457,45.7,34.4965376685,92,1,296,98.6666666667,128.7102689506,245,3,0,0,0,0,368,144,24070.0218818381,8752.7352297593,0,163,31.125,57.8606083618,3347.85,0,0,0,1,0,0,0,0,0,33.2,15.6363636364,81.5,368,0,0,0,0,0,0,11,172,4,326,29200,2081,4,32,0.0,0.0,0,0,0.0,0.0,0,0,BENIGN
88,1175,9,6,3226,3232,1613,0,358.4444444444,711.2661441245,1616,0,538.6666666667,834.4988116628,5496170.21276596,12765.9574468085,83.9285714286,210.5901832345,811,-1,1175,146.875,309.2301211996,910,1,1042,208.4,344.2249264652,811,3,0,0,0,0,304,208,7659.5744680851,5106.3829787234,0,1616,403.625,722.0267654319,521322.65,0,0,0,1,0,0,0,0,0,430.5333333333,358.4444444444,538.6666666667,304,0,0,0,0,0,0,9,3226,6,3232,29200,260,2,32,0.0,0.0,0,0,0.0,0.0,0,0,BENIGN
88,54462,11,6,2868,2790,1430,0,260.7272727273,578.1060613606,1395,0,465.0,720.3749023946,103888.950093643,312.1442473651,3403.875,13290.2559136384,53238,1,54462,5446.2,16833.5966500857,53349,1,54394,10878.8,23736.9511774364,53336,1,0,0,0,0,368,208,201.9756894716,110.1685578936,0,1430,314.3333333333,604.0736223148,364904.941176471,0,0,0,1,0,0,0,0,0,332.8235294118,260.7272727273,465.0,368,0,0,0,0,0,0,11,2868,6,2790,29200,2075,4,32,0.0,0.0,0,0,0.0,0.0,0,0,BENIGN
88,61588,11,6,2866,2676,1429,0,260.5454545455,577.7015429504,1338,0,446.0,690.9402289634,89985.0620250698,276.0277976229,3849.25,15210.0079443328,60886,0,61588,6158.8,19254.3124854898,60956,0,61569,12313.8,27208.499181322,60985,1,0,0,0,0,368,208,178.6062219913,97.4215756316,0,1429,307.8888888889,592.0195633581,350487.163398693,0,0,0,1,0,0,0,0,0,326.0,260.5454545455,446.0,368,0,0,0,0,0,0,11,2866,6,2676,29200,2075,4,32,0.0,0.0,0,0,0.0,0.0,0,0,BENIGN
389,285298,22,12,5970,1138,2804,0,271.3636363636,696.7888622924,212,0,94.8333333333,79.7915845794,24914.3001352971,119.1736359876,8645.3939393939,42597.3527602797,242731,1,285298,13585.619047619,53230.6939889724,242731,1,284295,25845.0,85287.1702825226,282995,3,0,0,0,0,720,400,77.1123526979,42.0612832898,0,2804,203.0857142857,557.0476466805,310302.080672269,0,0,0,1,0,0,0,0,0,209.0588235294,271.3636363636,94.8333333333,720,0,0,0,0,0,0,22,5970,12,1138,29200,2081,11,32,0.0,0.0,0,0,0.0,0.0,0,0,BENIGN
49666,66026109,39,34,12254,6204,1793,0,314.2051282051,495.9273705041,348,0,182.4705882353,120.9262824013,279.5560768241,1.1056232316,917029.291666667,6148586.25620546,51448528,1,66026109,1737529.18421053,8430941.98006212,51448528,3,14360860,435177.575757576,1743332.60992949,7778632,3,0,0,0,0,804,704,0.5906754251,0.5149478065,0,1793,249.4324324324,373.9227112683,139818.194002221,0,0,0,1,0,0,0,0,0,252.8493150685,314.2051282051,182.4705882353,804,0,0,0,0,0,0,39,12254,34,6204,8192,2053,37,20,219753.5,8215.8736906065,225563,213944,6960254.5,857916.394157671,7566893,6353616,BENIGN
49666,71,1,1,6,6,6,6,6.0,0.0,6,6,6.0,0.0,169014.084507042,28169.014084507,71.0,0.0,71,71,0,0.0,0.0,0,0,0,0.0,0.0,0,0,0,0,0,0,20,20,14084.5070422535,14084.5070422535,6,6,6.0,0.0,0.0,0,0,0,0,1,1,0,0,1,9.0,6.0,6.0,20,0,0,0,0,0,0,1,6,1,6,251,2053,0,20,0.0,0.0,0,0,0.0,0.0,0,0,BENIGN
3268,59002797,17,11,3298,6654,1293,0,194.0,422.1230567027,3069,0,604.9090909091,1009.0265065444,168.6699700016,0.4745537741,2185288.77777778,11343836.8939817,58946457,1,59002797,3687674.8125,14735679.0387132,58946457,1,15124,1512.4,4428.9216946993,14112,3,0,0,0,0,560,368,0.2881219343,0.1864318398,0,3069,343.1724137931,714.1922544768,510070.57635468,0,0,0,1,0,0,0,0,0,355.4285714286,194.0,604.9090909091,560,0,0,0,0,0,0,17,3298,11,6654,29200,2076,8,32,0.0,0.0,0,0,0.0,0.0,0,0,BENIGN
88,1151,9,6,3110,3108,1555,0,345.5555555556,685.6905481176,1554,0,518.0,802.4821493342,5402258.90529974,13032.1459600348,82.2142857143,212.7505504183,818,1,1151,143.875,344.0753395489,991,1,1087,217.4,337.4548858737,818,47,0,0,0,0,304,208,7819.2875760209,5212.8583840139,0,1555,388.625,695.193582153,483294.116666667,0,0,0,1,0,0,0,0,0,414.5333333333,345.5555555556,518.0,304,0,0,0,0,0,0,9,3110,6,3108,29200,2081,2,32,0.0,0.0,0,0,0.0,0.0,0,0,BENIGN
389,371,10,4,165,326,79,0,16.5,33.0126238481,163,0,81.5,94.1080938779,1323450.13477089,37735.8490566038,28.5384615385,21.0539599783,49,1,371,41.2222222222,34.726710821,100,1,219,73.0,84.3267454607,167,4,0,0,0,0,336,144,26954.1778975741,10781.6711590296,0,163,32.7333333333,59.5200646441,3542.6380952381,0,0,0,1,0,0,0,0,0,35.0714285714,16.5,81.5,336,0,0,0,0,0,0,10,165,4,326,29200,2081,3,32,0.0,0.0,0,0,0.0,0.0,0,0,BENIGN
88,1145,9,6,3108,3108,1554,0,345.3333333333,685.2495895657,1554,0,518.0,802.4821493342,5428820.96069869,13100.4366812227,81.7857142857,207.0630444952,798,1,1145,143.125,301.4163885487,887,1,1059,211.8,329.1081888984,798,47,0,0,0,0,304,208,7860.2620087336,5240.1746724891,0,1554,388.5,694.9699274069,482983.2,0,0,0,1,0,0,0,0,0,414.4,345.3333333333,518.0,304,0,0,0,0,0,0,9,3108,6,3108,29200,260,2,32,0.0,0.0,0,0,0.0,0.0,0,0,BENIGN
389,101567,21,12,5803,1138,2740,0,276.3333333333,695.9338570104,212,0,94.8333333333,79.7915845794,68339.125897191,324.9086809692,3173.96875,12306.1389099083,55595,1,101567,5078.35,15414.117036955,55595,1,100772,9161.0909090909,30011.4748736364,99648,4,0,0,0,0,688,400,206.7600697077,118.1486112615,0,2740,204.1470588235,551.8841079678,304576.068627451,0,0,0,1,0,0,0,0,0,210.3333333333,276.3333333333,94.8333333333,688,0,0,0,0,0,0,21,5803,12,1138,29200,2081,10,32,0.0,0.0,0,0,0.0,0.0,0,0,BENIGN
389,1,2,0,39,0,39,0,19.5,27.5771644663,0,0,0.0,0.0,39000000.0,2000000.0,1.0,0.0,1,1,1,1.0,0.0,1,1,0,0.0,0.0,0,0,1,0,0,0,64,0,2000000.0,0.0,0,39,26.0,22.5166604984,507.0,0,1,0,0,1,0,0,0,0,39.0,19.5,0.0,64,0,0,0,0,0,0,2,39,0,0,245,-1,0,32,0.0,0.0,0,0,0.0,0.0,0,0,BENIGN
0,119719148,231,0,0,0,0,0,0.0,0.0,0,0,0.0,0.0,0.0,1.9295159033,520518.034782609,2274525.81043689,20694308,0,119719148,520518.034782609,2274525.81043689,20694308,0,0,0.0,0.0,0,0,0,0,0,0,0,0,1.9295159033,0.0,0,0,0.0,0.0,0.0,0,0,0,0,0,0,0,0,0,0.0,0.0,0.0,0,0,0,0,0,0,0,231,0,0,0,-1,-1,0,0,8721243.6,8761761.25805679,22509459,17,12685486.0,5296658.09642238,20694308,6499982,BENIGN
49478,8,7,0,192,0,31,6,27.4285714286,9.4491118252,0,0,0.0,0.0,24000000.0,875000.0,1.3333333333,1.3662601021,4,0,8,1.3333333333,1.3662601021,4,0,0,0.0,0.0,0,0,1,0,0,0,140,0,875000.0,0.0,6,31,27.875,8.8388347648,78.125,0,1,0,0,1,0,0,0,0,31.8571428571,27.4285714286,0.0,140,0,0,0,0,0,0,7,192,0,0,1013,-1,6,20,0.0,0.0,0,0,0.0,0.0,0,0,BENIGN
49478,1,2,0,37,0,31,6,18.5,17.6776695297,0,0,0.0,0.0,37000000.0,2000000.0,1.0,0.0,1,1,1,1.0,0.0,1,1,0,0.0,0.0,0,0,1,0,0,0,40,0,2000000.0,0.0,6,31,22.6666666667,14.4337567297,208.3333333333,0,1,0,0,1,0,0,0,0,34.0,18.5,0.0,40,0,0,0,0,0,0,2,37,0,0,1013,-1,1,20,0.0,0.0,0,0,0.0,0.0,0,0,BENIGN
49478,1,2,0,12,0,6,6,6.0,0.0,0,0,0.0,0.0,12000000.0,2000000.0,1.0,0.0,1,1,1,1.0,0.0,1,1,0,0.0,0.0,0,0,0,0,0,0,40,0,2000000.0,0.0,6,6,6.0,0.0,0.0,0,0,0,0,1,1,0,0,0,9.0,6.0,0.0,40,0,0,0,0,0,0,2,12,0,0,1013,-1,1,20,0.0,0.0,0,0,0.0,0.0,0,0,BENIGN
49480,12,13,0,378,0,31,6,29.0769230769,6.9337524528,0,0,0.0,0.0,31500000.0,1083333.33333333,1.0,0.7385489459,3,0,12,1.0,0.7385489459,3,0,0,0.0,0.0,0,0,1,0,0,0,260,0,1083333.33333333,0.0,6,31,29.2142857143,6.6815310478,44.6428571429,0,1,0,0,1,0,0,0,0,31.4615384615,29.0769230769,0.0,260,0,0,0,0,0,0,13,378,0,0,1013,-1,12,20,0.0,0.0,0,0,0.0,0.0,0,0,BENIGN
49480,1,2,0,12,0,6,6,6.0,0.0,0,0,0.0,0.0,12000000.0,2000000.0,1.0,0.0,1,1,1,1.0,0.0,1,1,0,0.0,0.0,0,0,0,0,0,0,40,0,2000000.0,0.0,6,6,6.0,0.0,0.0,0,0,0,0,1,1,0,0,0,9.0,6.0,0.0,40,0,0,0,0,0,0,2,12,0,0,1013,-1,1,20,0.0,0.0,0,0,0.0,0.0,0,0,BENIGN
49488,4,2,0,12,0,6,6,6.0,0.0,0,0,0.0,0.0,3000000.0,500000.0,4.0,0.0,4,4,4,4.0,0.0,4,4,0,0.0,0.0,0,0,0,0,0,0,40,0,500000.0,0.0,6,6,6.0,0.0,0.0,0,0,0,0,1,1,0,0,0,9.0,6.0,0.0,40,0,0,0,0,0,0,2,12,0,0,913,-1,1,20,0.0,0.0,0,0,0.0,0.0,0,0,BENIGN
49488,1,2,0,12,0,6,6,6.0,0.0,0,0,0.0,0.0,12000000.0,2000000.0,1.0,0.0,1,1,1,1.0,0.0,1,1,0,0.0,0.0,0,0,0,0,0,0,40,0,2000000.0,0.0,6,6,6.0,0.0,0.0,0,0,0,0,1,1,0,0,0,9.0,6.0,0.0,40,0,0,0,0,0,0,2,12,0,0,913,-1,1,20,0.0,0.0,0,0,0.0,0.0,0,0,BENIGN
49488,3,2,0,12,0,6,6,6.0,0.0,0,0,0.0,0.0,4000000.0,666666.666666667,3.0,0.0,3,3,3,3.0,0.0,3,3,0,0.0,0.0,0,0,0,0,0,0,40,0,666666.666666667,0.0,6,6,6.0,0.0,0.0,0,0,0,0,1,1,0,0,0,9.0,6.0,0.0,40,0,0,0,0,0,0,2,12,0,0,913,-1,1,20,0.0,0.0,0,0,0.0,0.0,0,0,BENIGN
1149,29,1,1,2,6,2,2,2.0,0.0,6,6,6.0,0.0,275862.069,68965.51724,29.0,0.0,29,29,0,0.0,0.0,0,0,0,0.0,0.0,0,0,0,0,0,0,24,20,34482.75862,34482.75862,2,6,3.333333333,2.309401077,5.333333333,0,0,0,1,0,0,0,0,1,5.0,2.0,6.0,24,0,0,0,0,0,0,1,2,1,6,1024,0,0,24,0.0,0.0,0,0,0.0,0.0,0,0,PortScan
3784,37,1,1,2,6,2,2,2.0,0.0,6,6,6.0,0.0,216216.2162,54054.05405,37.0,0.0,37,37,0,0.0,0.0,0,0,0,0.0,0.0,0,0,0,0,0,0,24,20,27027.02703,27027.02703,2,6,3.333333333,2.309401077,5.333333333,0,0,0,1,0,0,0,0,1,5.0,2.0,6.0,24,0,0,0,0,0,0,1,2,1,6,1024,0,0,24,0.0,0.0,0,0,0.0,0.0,0,0,PortScan
616,50,1,1,2,6,2,2,2.0,0.0,6,6,6.0,0.0,160000.0,40000.0,50.0,0.0,50,50,0,0.0,0.0,0,0,0,0.0,0.0,0,0,0,0,0,0,24,20,20000.0,20000.0,2,6,3.333333333,2.309401077,5.333333333,0,0,0,1,0,0,0,0,1,5.0,2.0,6.0,24,0,0,0,0,0,0,1,2,1,6,1024,0,0,24,0.0,0.0,0,0,0.0,0.0,0,0,PortScan
1001,62,1,1,2,6,2,2,2.0,0.0,6,6,6.0,0.0,129032.2581,32258.06452,62.0,0.0,62,62,0,0.0,0.0,0,0,0,0.0,0.0,0,0,0,0,0,0,24,20,16129.03226,16129.03226,2,6,3.333333333,2.309401077,5.333333333,0,0,0,1,0,0,0,0,1,5.0,2.0,6.0,24,0,0,0,0,0,0,1,2,1,6,1024,0,0,24,0.0,0.0,0,0,0.0,0.0,0,0,PortScan
1147,43,1,1,2,6,2,2,2.0,0.0,6,6,6.0,0.0,186046.5116,46511.62791,43.0,0.0,43,43,0,0.0,0.0,0,0,0,0.0,0.0,0,0,0,0,0,0,24,20,23255.81395,23255.81395,2,6,3.333333333,2.309401077,5.333333333,0,0,0,1,0,0,0,0,1,5.0,2.0,6.0,24,0,0,0,0,0,0,1,2,1,6,1024,0,0,24,0.0,0.0,0,0,0.0,0.0,0,0,PortScan
1000,39,1,1,2,6,2,2,2.0,0.0,6,6,6.0,0.0,205128.2051,51282.05128,39.0,0.0,39,39,0,0.0,0.0,0,0,0,0.0,0.0,0,0,0,0,0,0,24,20,25641.02564,25641.02564,2,6,3.333333333,2.309401077,5.333333333,0,0,0,1,0,0,0,0,1,5.0,2.0,6.0,24,0,0,0,0,0,0,1,2,1,6,1024,0,0,24,0.0,0.0,0,0,0.0,0.0,0,0,PortScan
54328,21,1,1,2,6,2,2,2.0,0.0,6,6,6.0,0.0,380952.381,95238.09524,21.0,0.0,21,21,0,0.0,0.0,0,0,0,0.0,0.0,0,0,0,0,0,0,24,20,47619.04762,47619.04762,2,6,3.333333333,2.309401077,5.333333333,0,0,0,1,0,0,0,0,1,5.0,2.0,6.0,24,0,0,0,0,0,0,1,2,1,6,1024,0,0,24,0.0,0.0,0,0,0.0,0.0,0,0,PortScan
44176,61,1,1,2,6,2,2,2.0,0.0,6,6,6.0,0.0,131147.541,32786.88525,61.0,0.0,61,61,0,0.0,0.0,0,0,0,0.0,0.0,0,0,0,0,0,0,24,20,16393.44262,16393.44262,2,6,3.333333333,2.309401077,5.333333333,0,0,0,1,0,0,0,0,1,5.0,2.0,6.0,24,0,0,0,0,0,0,1,2,1,6,1024,0,0,24,0.0,0.0,0,0,0.0,0.0,0,0,PortScan
3527,19,1,1,2,6,2,2,2.0,0.0,6,6,6.0,0.0,421052.6316,105263.1579,19.0,0.0,19,19,0,0.0,0.0,0,0,0,0.0,0.0,0,0,0,0,0,0,24,20,52631.57895,52631.57895,2,6,3.333333333,2.309401077,5.333333333,0,0,0,1,0,0,0,0,1,5.0,2.0,6.0,24,0,0,0,0,0,0,1,2,1,6,1024,0,0,24,0.0,0.0,0,0,0.0,0.0,0,0,PortScan
787,63,1,1,2,6,2,2,2.0,0.0,6,6,6.0,0.0,126984.127,31746.03175,63.0,0.0,63,63,0,0.0,0.0,0,0,0,0.0,0.0,0,0,0,0,0,0,24,20,15873.01587,15873.01587,2,6,3.333333333,2.309401077,5.333333333,0,0,0,1,0,0,0,0,1,5.0,2.0,6.0,24,0,0,0,0,0,0,1,2,1,6,1024,0,0,24,0.0,0.0,0,0,0.0,0.0,0,0,PortScan
1812,37,1,1,2,6,2,2,2.0,0.0,6,6,6.0,0.0,216216.2162,54054.05405,37.0,0.0,37,37,0,0.0,0.0,0,0,0,0.0,0.0,0,0,0,0,0,0,24,20,27027.02703,27027.02703,2,6,3.333333333,2.309401077,5.333333333,0,0,0,1,0,0,0,0,1,5.0,2.0,6.0,24,0,0,0,0,0,0,1,2,1,6,1024,0,0,24,0.0,0.0,0,0,0.0,0.0,0,0,PortScan
783,15,1,1,2,6,2,2,2.0,0.0,6,6,6.0,0.0,533333.3333,133333.3333,15.0,0.0,15,15,0,0.0,0.0,0,0,0,0.0,0.0,0,0,0,0,0,0,24,20,66666.66667,66666.66667,2,6,3.333333333,2.309401077,5.333333333,0,0,0,1,0,0,0,0,1,5.0,2.0,6.0,24,0,0,0,0,0,0,1,2,1,6,1024,0,0,24,0.0,0.0,0,0,0.0,0.0,0,0,PortScan
4848,42,1,1,2,6,2,2,2.0,0.0,6,6,6.0,0.0,190476.1905,47619.04762,42.0,0.0,42,42,0,0.0,0.0,0,0,0,0.0,0.0,0,0,0,0,0,0,24,20,23809.52381,23809.52381,2,6,3.333333333,2.309401077,5.333333333,0,0,0,1,0,0,0,0,1,5.0,2.0,6.0,24,0,0,0,0,0,0,1,2,1,6,1024,0,0,24,0.0,0.0,0,0,0.0,0.0,0,0,PortScan
9595,43,1,1,2,6,2,2,2.0,0.0,6,6,6.0,0.0,186046.5116,46511.62791,43.0,0.0,43,43,0,0.0,0.0,0,0,0,0.0,0.0,0,0,0,0,0,0,24,20,23255.81395,23255.81395,2,6,3.333333333,2.309401077,5.333333333,0,0,0,1,0,0,0,0,1,5.0,2.0,6.0,24,0,0,0,0,0,0,1,2,1,6,1024,0,0,24,0.0,0.0,0,0,0.0,0.0,0,0,PortScan
1174,43,1,1,2,6,2,2,2.0,0.0,6,6,6.0,0.0,186046.5116,46511.62791,43.0,0.0,43,43,0,0.0,0.0,0,0,0,0.0,0.0,0,0,0,0,0,0,24,20,23255.81395,23255.81395,2,6,3.333333333,2.309401077,5.333333333,0,0,0,1,0,0,0,0,1,5.0,2.0,6.0,24,0,0,0,0,0,0,1,2,1,6,1024,0,0,24,0.0,0.0,0,0,0.0,0.0,0,0,PortScan
2492,43,1,1,2,6,2,2,2.0,0.0,6,6,6.0,0.0,186046.5116,46511.62791,43.0,0.0,43,43,0,0.0,0.0,0,0,0,0.0,0.0,0,0,0,0,0,0,24,20,23255.81395,23255.81395,2,6,3.333333333,2.309401077,5.333333333,0,0,0,1,0,0,0,0,1,5.0,2.0,6.0,24,0,0,0,0,0,0,1,2,1,6,1024,0,0,24,0.0,0.0,0,0,0.0,0.0,0,0,PortScan
1175,75,1,1,2,6,2,2,2.0,0.0,6,6,6.0,0.0,106666.6667,26666.66667,75.0,0.0,75,75,0,0.0,0.0,0,0,0,0.0,0.0,0,0,0,0,0,0,24,20,13333.33333,13333.33333,2,6,3.333333333,2.309401077,5.333333333,0,0,0,1,0,0,0,0,1,5.0,2.0,6.0,24,0,0,0,0,0,0,1,2,1,6,1024,0,0,24,0.0,0.0,0,0,0.0,0.0,0,0,PortScan
9593,35,1,1,2,6,2,2,2.0,0.0,6,6,6.0,0.0,228571.4286,57142.85714,35.0,0.0,35,35,0,0.0,0.0,0,0,0,0.0,0.0,0,0,0,0,0,0,24,20,28571.42857,28571.42857,2,6,3.333333333,2.309401077,5.333333333,0,0,0,1,0,0,0,0,1,5.0,2.0,6.0,24,0,0,0,0,0,0,1,2,1,6,1024,0,0,24,0.0,0.0,0,0,0.0,0.0,0,0,PortScan
648,57,1,1,2,6,2,2,2.0,0.0,6,6,6.0,0.0,140350.8772,35087.7193,57.0,0.0,57,57,0,0.0,0.0,0,0,0,0.0,0.0,0,0,0,0,0,0,24,20,17543.85965,17543.85965,2,6,3.333333333,2.309401077,5.333333333,0,0,0,1,0,0,0,0,1,5.0,2.0,6.0,24,0,0,0,0,0,0,1,2,1,6,1024,0,0,24,0.0,0.0,0,0,0.0,0.0,0,0,PortScan
9594,82,1,1,2,6,2,2,2.0,0.0,6,6,6.0,0.0,97560.97561,24390.2439,82.0,0.0,82,82,0,0.0,0.0,0,0,0,0.0,0.0,0,0,0,0,0,0,24,20,12195.12195,12195.12195,2,6,3.333333333,2.309401077,5.333333333,0,0,0,1,0,0,0,0,1,5.0,2.0,6.0,24,0,0,0,0,0,0,1,2,1,6,1024,0,0,24,0.0,0.0,0,0,0.0,0.0,0,0,PortScan
1032,36,1,1,2,6,2,2,2.0,0.0,6,6,6.0,0.0,222222.2222,55555.55556,36.0,0.0,36,36,0,0.0,0.0,0,0,0,0.0,0.0,0,0,0,0,0,0,24,20,27777.77778,27777.77778,2,6,3.333333333,2.309401077,5.333333333,0,0,0,1,0,0,0,0,1,5.0,2.0,6.0,24,0,0,0,0,0,0,1,2,1,6,1024,0,0,24,0.0,0.0,0,0,0.0,0.0,0,0,PortScan
646,112,1,1,2,6,2,2,2.0,0.0,6,6,6.0,0.0,71428.57143,17857.14286,112.0,0.0,112,112,0,0.0,0.0,0,0,0,0.0,0.0,0,0,0,0,0,0,24,20,8928.571429,8928.571429,2,6,3.333333333,2.309401077,5.333333333,0,0,0,1,0,0,0,0,1,5.0,2.0,6.0,24,0,0,0,0,0,0,1,2,1,6,1024,0,0,24,0.0,0.0,0,0,0.0,0.0,0,0,PortScan
500,24,1,1,2,6,2,2,2.0,0.0,6,6,6.0,0.0,333333.3333,83333.33333,24.0,0.0,24,24,0,0.0,0.0,0,0,0,0.0,0.0,0,0,0,0,0,0,24,20,41666.66667,41666.66667,2,6,3.333333333,2.309401077,5.333333333,0,0,0,1,0,0,0,0,1,5.0,2.0,6.0,24,0,0,0,0,0,0,1,2,1,6,1024,0,0,24,0.0,0.0,0,0,0.0,0.0,0,0,PortScan
1033,54,1,1,2,6,2,2,2.0,0.0,6,6,6.0,0.0,148148.1481,37037.03704,54.0,0.0,54,54,0,0.0,0.0,0,0,0,0.0,0.0,0,0,0,0,0,0,24,20,18518.51852,18518.51852,2,6,3.333333333,2.309401077,5.333333333,0,0,0,1,0,0,0,0,1,5.0,2.0,6.0,24,0,0,0,0,0,0,1,2,1,6,1024,0,0,24,0.0,0.0,0,0,0.0,0.0,0,0,PortScan
1030,42,1,1,2,6,2,2,2.0,0.0,6,6,6.0,0.0,190476.1905,47619.04762,42.0,0.0,42,42,0,0.0,0.0,0,0,0,0.0,0.0,0,0,0,0,0,0,24,20,23809.52381,23809.52381,2,6,3.333333333,2.309401077,5.333333333,0,0,0,1,0,0,0,0,1,5.0,2.0,6.0,24,0,0,0,0,0,0,1,2,1,6,1024,0,0,24,0.0,0.0,0,0,0.0,0.0,0,0,PortScan
1031,43,1,1,2,6,2,2,2.0,0.0,6,6,6.0,0.0,186046.5116,46511.62791,43.0,0.0,43,43,0,0.0,0.0,0,0,0,0.0,0.0,0,0,0,0,0,0,24,20,23255.81395,23255.81395,2,6,3.333333333,2.309401077,5.333333333,0,0,0,1,0,0,0,0,1,5.0,2.0,6.0,24,0,0,0,0,0,0,1,2,1,6,1024,0,0,24,0.0,0.0,0,0,0.0,0.0,0,0,PortScan
1037,58,1,1,2,6,2,2,2.0,0.0,6,6,6.0,0.0,137931.0345,34482.75862,58.0,0.0,58,58,0,0.0,0.0,0,0,0,0.0,0.0,0,0,0,0,0,0,24,20,17241.37931,17241.37931,2,6,3.333333333,2.309401077,5.333333333,0,0,0,1,0,0,0,0,1,5.0,2.0,6.0,24,0,0,0,0,0,0,1,2,1,6,1024,0,0,24,0.0,0.0,0,0,0.0,0.0,0,0,PortScan
6566,18,1,1,2,6,2,2,2.0,0.0,6,6,6.0,0.0,444444.4444,111111.1111,18.0,0.0,18,18,0,0.0,0.0,0,0,0,0.0,0.0,0,0,0,0,0,0,24,20,55555.55556,55555.55556,2,6,3.333333333,2.309401077,5.333333333,0,0,0,1,0,0,0,0,1,5.0,2.0,6.0,24,0,0,0,0,0,0,1,2,1,6,1024,0,0,24,0.0,0.0,0,0,0.0,0.0,0,0,PortScan
5101,63,1,1,2,6,2,2,2.0,0.0,6,6,6.0,0.0,126984.127,31746.03175,63.0,0.0,63,63,0,0.0,0.0,0,0,0,0.0,0.0,0,0,0,0,0,0,24,20,15873.01587,15873.01587,2,6,3.333333333,2.309401077,5.333333333,0,0,0,1,0,0,0,0,1,5.0,2.0,6.0,24,0,0,0,0,0,0,1,2,1,6,1024,0,0,24,0.0,0.0,0,0,0.0,0.0,0,0,PortScan
1038,51,1,1,2,6,2,2,2.0,0.0,6,6,6.0,0.0,156862.7451,39215.68627,51.0,0.0,51,51,0,0.0,0.0,0,0,0,0.0,0.0,0,0,0,0,0,0,24,20,19607.84314,19607.84314,2,6,3.333333333,2.309401077,5.333333333,0,0,0,1,0,0,0,0,1,5.0,2.0,6.0,24,0,0,0,0,0,0,1,2,1,6,1024,0,0,24,0.0,0.0,0,0,0.0,0.0,0,0,PortScan
6565,71,1,1,2,6,2,2,2.0,0.0,6,6,6.0,0.0,112676.0563,28169.01408,71.0,0.0,71,71,0,0.0,0.0,0,0,0,0.0,0.0,0,0,0,0,0,0,24,20,14084.50704,14084.50704,2,6,3.333333333,2.309401077,5.333333333,0,0,0,1,0,0,0,0,1,5.0,2.0,6.0,24,0,0,0,0,0,0,1,2,1,6,1024,0,0,24,0.0,0.0,0,0,0.0,0.0,0,0,PortScan
5102,43,1,1,2,6,2,2,2.0,0.0,6,6,6.0,0.0,186046.5116,46511.62791,43.0,0.0,43,43,0,0.0,0.0,0,0,0,0.0,0.0,0,0,0,0,0,0,24,20,23255.81395,23255.81395,2,6,3.333333333,2.309401077,5.333333333,0,0,0,1,0,0,0,0,1,5.0,2.0,6.0,24,0,0,0,0,0,0,1,2,1,6,1024,0,0,24,0.0,0.0,0,0,0.0,0.0,0,0,PortScan
1034,29,1,1,2,6,2,2,2.0,0.0,6,6,6.0,0.0,275862.069,68965.51724,29.0,0.0,29,29,0,0.0,0.0,0,0,0,0.0,0.0,0,0,0,0,0,0,24,20,34482.75862,34482.75862,2,6,3.333333333,2.309401077,5.333333333,0,0,0,1,0,0,0,0,1,5.0,2.0,6.0,24,0,0,0,0,0,0,1,2,1,6,1024,0,0,24,0.0,0.0,0,0,0.0,0.0,0,0,PortScan
6567,44,1,1,2,6,2,2,2.0,0.0,6,6,6.0,0.0,181818.1818,45454.54545,44.0,0.0,44,44,0,0.0,0.0,0,0,0,0.0,0.0,0,0,0,0,0,0,24,20,22727.27273,22727.27273,2,6,3.333333333,2.309401077,5.333333333,0,0,0,1,0,0,0,0,1,5.0,2.0,6.0,24,0,0,0,0,0,0,1,2,1,6,1024,0,0,24,0.0,0.0,0,0,0.0,0.0,0,0,PortScan
65000,62,1,1,2,6,2,2,2.0,0.0,6,6,6.0,0.0,129032.2581,32258.06452,62.0,0.0,62,62,0,0.0,0.0,0,0,0,0.0,0.0,0,0,0,0,0,0,24,20,16129.03226,16129.03226,2,6,3.333333333,2.309401077,5.333333333,0,0,0,1,0,0,0,0,1,5.0,2.0,6.0,24,0,0,0,0,0,0,1,2,1,6,1024,0,0,24,0.0,0.0,0,0,0.0,0.0,0,0,PortScan
1035,42,1,1,2,6,2,2,2.0,0.0,6,6,6.0,0.0,190476.1905,47619.04762,42.0,0.0,42,42,0,0.0,0.0,0,0,0,0.0,0.0,0,0,0,0,0,0,24,20,23809.52381,23809.52381,2,6,3.333333333,2.309401077,5.333333333,0,0,0,1,0,0,0,0,1,5.0,2.0,6.0,24,0,0,0,0,0,0,1,2,1,6,1024,0,0,24,0.0,0.0,0,0,0.0,0.0,0,0,PortScan
1039,18,1,1,2,6,2,2,2.0,0.0,6,6,6.0,0.0,444444.4444,111111.1111,18.0,0.0,18,18,0,0.0,0.0,0,0,0,0.0,0.0,0,0,0,0,0,0,24,20,55555.55556,55555.55556,2,6,3.333333333,2.309401077,5.333333333,0,0,0,1,0,0,0,0,1,5.0,2.0,6.0,24,0,0,0,0,0,0,1,2,1,6,1024,0,0,24,0.0,0.0,0,0,0.0,0.0,0,0,PortScan
5100,72,1,1,2,6,2,2,2.0,0.0,6,6,6.0,0.0,111111.1111,27777.77778,72.0,0.0,72,72,0,0.0,0.0,0,0,0,0.0,0.0,0,0,0,0,0,0,24,20,13888.88889,13888.88889,2,6,3.333333333,2.309401077,5.333333333,0,0,0,1,0,0,0,0,1,5.0,2.0,6.0,24,0,0,0,0,0,0,1,2,1,6,1024,0,0,24,0.0,0.0,0,0,0.0,0.0,0,0,PortScan
6547,72,1,1,2,6,2,2,2.0,0.0,6,6,6.0,0.0,111111.1111,27777.77778,72.0,0.0,72,72,0,0.0,0.0,0,0,0,0.0,0.0,0,0,0,0,0,0,24,20,13888.88889,13888.88889,2,6,3.333333333,2.309401077,5.333333333,0,0,0,1,0,0,0,0,1,5.0,2.0,6.0,24,0,0,0,0,0,0,1,2,1,6,1024,0,0,24,0.0,0.0,0,0,0.0,0.0,0,0,PortScan
5225,45,1,1,2,6,2,2,2.0,0.0,6,6,6.0,0.0,177777.7778,44444.44444,45.0,0.0,45,45,0,0.0,0.0,0,0,0,0.0,0.0,0,0,0,0,0,0,24,20,22222.22222,22222.22222,2,6,3.333333333,2.309401077,5.333333333,0,0,0,1,0,0,0,0,1,5.0,2.0,6.0,24,0,0,0,0,0,0,1,2,1,6,1024,0,0,24,0.0,0.0,0,0,0.0,0.0,0,0,PortScan
3659,44,1,1,2,6,2,2,2.0,0.0,6,6,6.0,0.0,181818.1818,45454.54545,44.0,0.0,44,44,0,0.0,0.0,0,0,0,0.0,0.0,0,0,0,0,0,0,24,20,22727.27273,22727.27273,2,6,3.333333333,2.309401077,5.333333333,0,0,0,1,0,0,0,0,1,5.0,2.0,6.0,24,0,0,0,0,0,0,1,2,1,6,1024,0,0,24,0.0,0.0,0,0,0.0,0.0,0,0,PortScan
6689,73,1,1,2,6,2,2,2.0,0.0,6,6,6.0,0.0,109589.0411,27397.26027,73.0,0.0,73,73,0,0.0,0.0,0,0,0,0.0,0.0,0,0,0,0,0,0,24,20,13698.63014,13698.63014,2,6,3.333333333,2.309401077,5.333333333,0,0,0,1,0,0,0,0,1,5.0,2.0,6.0,24,0,0,0,0,0,0,1,2,1,6,1024,0,0,24,0.0,0.0,0,0,0.0,0.0,0,0,PortScan
6543,48,1,1,2,6,2,2,2.0,0.0,6,6,6.0,0.0,166666.6667,41666.66667,48.0,0.0,48,48,0,0.0,0.0,0,0,0,0.0,0.0,0,0,0,0,0,0,24,20,20833.33333,20833.33333,2,6,3.333333333,2.309401077,5.333333333,0,0,0,1,0,0,0,0,1,5.0,2.0,6.0,24,0,0,0,0,0,0,1,2,1,6,1024,0,0,24,0.0,0.0,0,0,0.0,0.0,0,0,PortScan
5226,49,1,1,2,6,2,2,2.0,0.0,6,6,6.0,0.0,163265.3061,40816.32653,49.0,0.0,49,49,0,0.0,0.0,0,0,0,0.0,0.0,0,0,0,0,0,0,24,20,20408.16327,20408.16327,2,6,3.333333333,2.309401077,5.333333333,0,0,0,1,0,0,0,0,1,5.0,2.0,6.0,24,0,0,0,0,0,0,1,2,1,6,1024,0,0,24,0.0,0.0,0,0,0.0,0.0,0,0,PortScan
3517,97,1,1,2,6,2,2,2.0,0.0,6,6,6.0,0.0,82474.2268,20618.5567,97.0,0.0,97,97,0,0.0,0.0,0,0,0,0.0,0.0,0,0,0,0,0,0,24,20,10309.27835,10309.27835,2,6,3.333333333,2.309401077,5.333333333,0,0,0,1,0,0,0,0,1,5.0,2.0,6.0,24,0,0,0,0,0,0,1,2,1,6,1024,0,0,24,0.0,0.0,0,0,0.0,0.0,0,0,PortScan
50389,36,1,1,2,6,2,2,2.0,0.0,6,6,6.0,0.0,222222.2222,55555.55556,36.0,0.0,36,36,0,0.0,0.0,0,0,0,0.0,0.0,0,0,0,0,0,0,24,20,27777.77778,27777.77778,2,6,3.333333333,2.309401077,5.333333333,0,0,0,1,0,0,0,0,1,5.0,2.0,6.0,24,0,0,0,0,0,0,1,2,1,6,1024,0,0,24,0.0,0.0,0,0,0.0,0.0,0,0,PortScan
20031,72,1,1,2,6,2,2,2.0,0.0,6,6,6.0,0.0,111111.1111,27777.77778,72.0,0.0,72,72,0,0.0,0.0,0,0,0,0.0,0.0,0,0,0,0,0,0,24,20,13888.88889,13888.88889,2,6,3.333333333,2.309401077,5.333333333,0,0,0,1,0,0,0,0,1,5.0,2.0,6.0,24,0,0,0,0,0,0,1,2,1,6,1024,0,0,24,0.0,0.0,0,0,0.0,0.0,0,0,PortScan
1947,64,1,1,2,6,2,2,2.0,0.0,6,6,6.0,0.0,125000.0,31250.0,64.0,0.0,64,64,0,0.0,0.0,0,0,0,0.0,0.0,0,0,0,0,0,0,24,20,15625.0,15625.0,2,6,3.333333333,2.309401077,5.333333333,0,0,0,1,0,0,0,0,1,5.0,2.0,6.0,24,0,0,0,0,0,0,1,2,1,6,1024,0,0,24,0.0,0.0,0,0,0.0,0.0,0,0,PortScan
1801,73,1,1,2,6,2,2,2.0,0.0,6,6,6.0,0.0,109589.0411,27397.26027,73.0,0.0,73,73,0,0.0,0.0,0,0,0,0.0,0.0,0,0,0,0,0,0,24,20,13698.63014,13698.63014,2,6,3.333333333,2.309401077,5.333333333,0,0,0,1,0,0,0,0,1,5.0,2.0,6.0,24,0,0,0,0,0,0,1,2,1,6,1024,0,0,24,0.0,0.0,0,0,0.0,0.0,0,0,PortScan
1805,27,1,1,2,6,2,2,2.0,0.0,6,6,6.0,0.0,296296.2963,74074.07407,27.0,0.0,27,27,0,0.0,0.0,0,0,0,0.0,0.0,0,0,0,0,0,0,24,20,37037.03704,37037.03704,2,6,3.333333333,2.309401077,5.333333333,0,0,0,1,0,0,0,0,1,5.0,2.0,6.0,24,0,0,0,0,0,0,1,2,1,6,1024,0,0,24,0.0,0.0,0,0,0.0,0.0,0,0,PortScan
636,72,1,1,2,6,2,2,2.0,0.0,6,6,6.0,0.0,111111.1111,27777.77778,72.0,0.0,72,72,0,0.0,0.0,0,0,0,0.0,0.0,0,0,0,0,0,0,24,20,13888.88889,13888.88889,2,6,3.333333333,2.309401077,5.333333333,0,0,0,1,0,0,0,0,1,5.0,2.0,6.0,24,0,0,0,0,0,0,1,2,1,6,1024,0,0,24,0.0,0.0,0,0,0.0,0.0,0,0,PortScan
6692,44,1,1,2,6,2,2,2.0,0.0,6,6,6.0,0.0,181818.1818,45454.54545,44.0,0.0,44,44,0,0.0,0.0,0,0,0,0.0,0.0,0,0,0,0,0,0,24,20,22727.27273,22727.27273,2,6,3.333333333,2.309401077,5.333333333,0,0,0,1,0,0,0,0,1,5.0,2.0,6.0,24,0,0,0,0,0,0,1,2,1,6,1024,0,0,24,0.0,0.0,0,0,0.0,0.0,0,0,PortScan
1165,22,1,1,2,6,2,2,2.0,0.0,6,6,6.0,0.0,363636.3636,90909.09091,22.0,0.0,22,22,0,0.0,0.0,0,0,0,0.0,0.0,0,0,0,0,0,0,24,20,45454.54545,45454.54545,2,6,3.333333333,2.309401077,5.333333333,0,0,0,1,0,0,0,0,1,5.0,2.0,6.0,24,0,0,0,0,0,0,1,2,1,6,1024,0,0,24,0.0,0.0,0,0,0.0,0.0,0,0,PortScan
1166,55,1,1,2,6,2,2,2.0,0.0,6,6,6.0,0.0,145454.5455,36363.63636,55.0,0.0,55,55,0,0.0,0.0,0,0,0,0.0,0.0,0,0,0,0,0,0,24,20,18181.81818,18181.81818,2,6,3.333333333,2.309401077,5.333333333,0,0,0,1,0,0,0,0,1,5.0,2.0,6.0,24,0,0,0,0,0,0,1,2,1,6,1024,0,0,24,0.0,0.0,0,0,0.0,0.0,0,0,PortScan
1163,56,1,1,2,6,2,2,2.0,0.0,6,6,6.0,0.0,142857.1429,35714.28571,56.0,0.0,56,56,0,0.0,0.0,0,0,0,0.0,0.0,0,0,0,0,0,0,24,20,17857.14286,17857.14286,2,6,3.333333333,2.309401077,5.333333333,0,0,0,1,0,0,0,0,1,5.0,2.0,6.0,24,0,0,0,0,0,0,1,2,1,6,1024,0,0,24,0.0,0.0,0,0,0.0,0.0,0,0,PortScan
631,64,1,1,2,6,2,2,2.0,0.0,6,6,6.0,0.0,125000.0,31250.0,64.0,0.0,64,64,0,0.0,0.0,0,0,0,0.0,0.0,0,0,0,0,0,0,24,20,15625.0,15625.0,2,6,3.333333333,2.309401077,5.333333333,0,0,0,1,0,0,0,0,1,5.0,2.0,6.0,24,0,0,0,0,0,0,1,2,1,6,1024,0,0,24,0.0,0.0,0,0,0.0,0.0,0,0,PortScan
777,42,1,1,2,6,2,2,2.0,0.0,6,6,6.0,0.0,190476.1905,47619.04762,42.0,0.0,42,42,0,0.0,0.0,0,0,0,0.0,0.0,0,0,0,0,0,0,24,20,23809.52381,23809.52381,2,6,3.333333333,2.309401077,5.333333333,0,0,0,1,0,0,0,0,1,5.0,2.0,6.0,24,0,0,0,0,0,0,1,2,1,6,1024,0,0,24,0.0,0.0,0,0,0.0,0.0,0,0,PortScan
1164,44,1,1,2,6,2,2,2.0,0.0,6,6,6.0,0.0,181818.1818,45454.54545,44.0,0.0,44,44,0,0.0,0.0,0,0,0,0.0,0.0,0,0,0,0,0,0,24,20,22727.27273,22727.27273,2,6,3.333333333,2.309401077,5.333333333,0,0,0,1,0,0,0,0,1,5.0,2.0,6.0,24,0,0,0,0,0,0,1,2,1,6,1024,0,0,24,0.0,0.0,0,0,0.0,0.0,0,0,PortScan
1024,74,1,1,2,6,2,2,2.0,0.0,6,6,6.0,0.0,108108.1081,27027.02703,74.0,0.0,74,74,0,0.0,0.0,0,0,0,0.0,0.0,0,0,0,0,0,0,24,20,13513.51351,13513.51351,2,6,3.333333333,2.309401077,5.333333333,0,0,0,1,0,0,0,0,1,5.0,2.0,6.0,24,0,0,0,0,0,0,1,2,1,6,1024,0,0,24,0.0,0.0,0,0,0.0,0.0,0,0,PortScan
6699,42,1,1,2,6,2,2,2.0,0.0,6,6,6.0,0.0,190476.1905,47619.04762,42.0,0.0,42,42,0,0.0,0.0,0,0,0,0.0,0.0,0,0,0,0,0,0,24,20,23809.52381,23809.52381,2,6,3.333333333,2.309401077,5.333333333,0,0,0,1,0,0,0,0,1,5.0,2.0,6.0,24,0,0,0,0,0,0,1,2,1,6,1024,0,0,24,0.0,0.0,0,0,0.0,0.0,0,0,PortScan
1023,55,1,1,2,6,2,2,2.0,0.0,6,6,6.0,0.0,145454.5455,36363.63636,55.0,0.0,55,55,0,0.0,0.0,0,0,0,0.0,0.0,0,0,0,0,0,0,24,20,18181.81818,18181.81818,2,6,3.333333333,2.309401077,5.333333333,0,0,0,1,0,0,0,0,1,5.0,2.0,6.0,24,0,0,0,0,0,0,1,2,1,6,1024,0,0,24,0.0,0.0,0,0,0.0,0.0,0,0,PortScan
1025,44,1,1,2,6,2,2,2.0,0.0,6,6,6.0,0.0,181818.1818,45454.54545,44.0,0.0,44,44,0,0.0,0.0,0,0,0,0.0,0.0,0,0,0,0,0,0,24,20,22727.27273,22727.27273,2,6,3.333333333,2.309401077,5.333333333,0,0,0,1,0,0,0,0,1,5.0,2.0,6.0,24,0,0,0,0,0,0,1,2,1,6,1024,0,0,24,0.0,0.0,0,0,0.0,0.0,0,0,PortScan
1021,52,1,1,2,6,2,2,2.0,0.0,6,6,6.0,0.0,153846.1538,38461.53846,52.0,0.0,52,52,0,0.0,0.0,0,0,0,0.0,0.0,0,0,0,0,0,0,24,20,19230.76923,19230.76923,2,6,3.333333333,2.309401077,5.333333333,0,0,0,1,0,0,0,0,1,5.0,2.0,6.0,24,0,0,0,0,0,0,1,2,1,6,1024,0,0,24,0.0,0.0,0,0,0.0,0.0,0,0,PortScan
1169,44,1,1,2,6,2,2,2.0,0.0,6,6,6.0,0.0,181818.1818,45454.54545,44.0,0.0,44,44,0,0.0,0.0,0,0,0,0.0,0.0,0,0,0,0,0,0,24,20,22727.27273,22727.27273,2,6,3.333333333,2.309401077,5.333333333,0,0,0,1,0,0,0,0,1,5.0,2.0,6.0,24,0,0,0,0,0,0,1,2,1,6,1024,0,0,24,0.0,0.0,0,0,0.0,0.0,0,0,PortScan
1022,47,1,1,2,6,2,2,2.0,0.0,6,6,6.0,0.0,170212.766,42553.19149,47.0,0.0,47,47,0,0.0,0.0,0,0,0,0.0,0.0,0,0,0,0,0,0,24,20,21276.59574,21276.59574,2,6,3.333333333,2.309401077,5.333333333,0,0,0,1,0,0,0,0,1,5.0,2.0,6.0,24,0,0,0,0,0,0,1,2,1,6,1024,0,0,24,0.0,0.0,0,0,0.0,0.0,0,0,PortScan
1028,22,1,1,2,6,2,2,2.0,0.0,6,6,6.0,0.0,363636.3636,90909.09091,22.0,0.0,22,22,0,0.0,0.0,0,0,0,0.0,0.0,0,0,0,0,0,0,24,20,45454.54545,45454.54545,2,6,3.333333333,2.309401077,5.333333333,0,0,0,1,0,0,0,0,1,5.0,2.0,6.0,24,0,0,0,0,0,0,1,2,1,6,1024,0,0,24,0.0,0.0,0,0,0.0,0.0,0,0,PortScan
33354,63,1,1,2,6,2,2,2.0,0.0,6,6,6.0,0.0,126984.127,31746.03175,63.0,0.0,63,63,0,0.0,0.0,0,0,0,0.0,0.0,0,0,0,0,0,0,24,20,15873.01587,15873.01587,2,6,3.333333333,2.309401077,5.333333333,0,0,0,1,0,0,0,0,1,5.0,2.0,6.0,24,0,0,0,0,0,0,1,2,1,6,1024,0,0,24,0.0,0.0,0,0,0.0,0.0,0,0,PortScan
1029,57,1,1,2,6,2,2,2.0,0.0,6,6,6.0,0.0,140350.8772,35087.7193,57.0,0.0,57,57,0,0.0,0.0,0,0,0,0.0,0.0,0,0,0,0,0,0,24,20,17543.85965,17543.85965,2,6,3.333333333,2.309401077,5.333333333,0,0,0,1,0,0,0,0,1,5.0,2.0,6.0,24,0,0,0,0,0,0,1,2,1,6,1024,0,0,24,0.0,0.0,0,0,0.0,0.0,0,0,PortScan
2200,42,1,1,2,6,2,2,2.0,0.0,6,6,6.0,0.0,190476.1905,47619.04762,42.0,0.0,42,42,0,0.0,0.0,0,0,0,0.0,0.0,0,0,0,0,0,0,24,20,23809.52381,23809.52381,2,6,3.333333333,2.309401077,5.333333333,0,0,0,1,0,0,0,0,1,5.0,2.0,6.0,24,0,0,0,0,0,0,1,2,1,6,1024,0,0,24,0.0,0.0,0,0,0.0,0.0,0,0,PortScan
1026,55,1,1,2,6,2,2,2.0,0.0,6,6,6.0,0.0,145454.5455,36363.63636,55.0,0.0,55,55,0,0.0,0.0,0,0,0,0.0,0.0,0,0,0,0,0,0,24,20,18181.81818,18181.81818,2,6,3.333333333,2.309401077,5.333333333,0,0,0,1,0,0,0,0,1,5.0,2.0,6.0,24,0,0,0,0,0,0,1,2,1,6,1024,0,0,24,0.0,0.0,0,0,0.0,0.0,0,0,PortScan
1027,42,1,1,2,6,2,2,2.0,0.0,6,6,6.0,0.0,190476.1905,47619.04762,42.0,0.0,42,42,0,0.0,0.0,0,0,0,0.0,0.0,0,0,0,0,0,0,24,20,23809.52381,23809.52381,2,6,3.333333333,2.309401077,5.333333333,0,0,0,1,0,0,0,0,1,5.0,2.0,6.0,24,0,0,0,0,0,0,1,2,1,6,1024,0,0,24,0.0,0.0,0,0,0.0,0.0,0,0,PortScan
20828,44,1,1,2,6,2,2,2.0,0.0,6,6,6.0,0.0,181818.1818,45454.54545,44.0,0.0,44,44,0,0.0,0.0,0,0,0,0.0,0.0,0,0,0,0,0,0,24,20,22727.27273,22727.27273,2,6,3.333333333,2.309401077,5.333333333,0,0,0,1,0,0,0,0,1,5.0,2.0,6.0,24,0,0,0,0,0,0,1,2,1,6,1024,0,0,24,0.0,0.0,0,0,0.0,0.0,0,0,PortScan
3546,50,1,1,2,6,2,2,2.0,0.0,6,6,6.0,0.0,160000.0,40000.0,50.0,0.0,50,50,0,0.0,0.0,0,0,0,0.0,0.0,0,0,0,0,0,0,24,20,20000.0,20000.0,2,6,3.333333333,2.309401077,5.333333333,0,0,0,1,0,0,0,0,1,5.0,2.0,6.0,24,0,0,0,0,0,0,1,2,1,6,1024,0,0,24,0.0,0.0,0,0,0.0,0.0,0,0,PortScan
1974,49,1,1,2,6,2,2,2.0,0.0,6,6,6.0,0.0,163265.3061,40816.32653,49.0,0.0,49,49,0,0.0,0.0,0,0,0,0.0,0.0,0,0,0,0,0,0,24,20,20408.16327,20408.16327,2,6,3.333333333,2.309401077,5.333333333,0,0,0,1,0,0,0,0,1,5.0,2.0,6.0,24,0,0,0,0,0,0,1,2,1,6,1024,0,0,24,0.0,0.0,0,0,0.0,0.0,0,0,PortScan
8009,47,1,1,2,6,2,2,2.0,0.0,6,6,6.0,0.0,170212.766,42553.19149,47.0,0.0,47,47,0,0.0,0.0,0,0,0,0.0,0.0,0,0,0,0,0,0,24,20,21276.59574,21276.59574,2,6,3.333333333,2.309401077,5.333333333,0,0,0,1,0,0,0,0,1,5.0,2.0,6.0,24,0,0,0,0,0,0,1,2,1,6,1024,0,0,24,0.0,0.0,0,0,0.0,0.0,0,0,PortScan
3404,6,1,1,2,6,2,2,2.0,0.0,6,6,6.0,0.0,1333333.333,333333.3333,6.0,0.0,6,6,0,0.0,0.0,0,0,0,0.0,0.0,0,0,0,0,0,0,24,20,166666.6667,166666.6667,2,6,3.333333333,2.309401077,5.333333333,0,0,0,1,0,0,0,0,1,5.0,2.0,6.0,24,0,0,0,0,0,0,1,2,1,6,1024,0,0,24,0.0,0.0,0,0,0.0,0.0,0,0,PortScan
667,46,1,1,2,6,2,2,2.0,0.0,6,6,6.0,0.0,173913.0435,43478.26087,46.0,0.0,46,46,0,0.0,0.0,0,0,0,0.0,0.0,0,0,0,0,0,0,24,20,21739.13043,21739.13043,2,6,3.333333333,2.309401077,5.333333333,0,0,0,1,0,0,0,0,1,5.0,2.0,6.0,24,0,0,0,0,0,0,1,2,1,6,1024,0,0,24,0.0,0.0,0,0,0.0,0.0,0,0,PortScan
1192,79,1,1,2,6,2,2,2.0,0.0,6,6,6.0,0.0,101265.8228,25316.4557,79.0,0.0,79,79,0,0.0,0.0,0,0,0,0.0,0.0,0,0,0,0,0,0,24,20,12658.22785,12658.22785,2,6,3.333333333,2.309401077,5.333333333,0,0,0,1,0,0,0,0,1,5.0,2.0,6.0,24,0,0,0,0,0,0,1,2,1,6,1024,0,0,24,0.0,0.0,0,0,0.0,0.0,0,0,PortScan
5902,42,1,1,2,6,2,2,2.0,0.0,6,6,6.0,0.0,190476.1905,47619.04762,42.0,0.0,42,42,0,0.0,0.0,0,0,0,0.0,0.0,0,0,0,0,0,0,24,20,23809.52381,23809.52381,2,6,3.333333333,2.309401077,5.333333333,0,0,0,1,0,0,0,0,1,5.0,2.0,6.0,24,0,0,0,0,0,0,1,2,1,6,1024,0,0,24,0.0,0.0,0,0,0.0,0.0,0,0,PortScan
1839,31,1,1,2,6,2,2,2.0,0.0,6,6,6.0,0.0,258064.5161,64516.12903,31.0,0.0,31,31,0,0.0,0.0,0,0,0,0.0,0.0,0,0,0,0,0,0,24,20,32258.06452,32258.06452,2,6,3.333333333,2.309401077,5.333333333,0,0,0,1,0,0,0,0,1,5.0,2.0,6.0,24,0,0,0,0,0,0,1,2,1,6,1024,0,0,24,0.0,0.0,0,0,0.0,0.0,0,0,PortScan
668,16,1,1,2,6,2,2,2.0,0.0,6,6,6.0,0.0,500000.0,125000.0,16.0,0.0,16,16,0,0.0,0.0,0,0,0,0.0,0.0,0,0,0,0,0,0,24,20,62500.0,62500.0,2,6,3.333333333,2.309401077,5.333333333,0,0,0,1,0,0,0,0,1,5.0,2.0,6.0,24,0,0,0,0,0,0,1,2,1,6,1024,0,0,24,0.0,0.0,0,0,0.0,0.0,0,0,PortScan
5903,42,1,1,2,6,2,2,2.0,0.0,6,6,6.0,0.0,190476.1905,47619.04762,42.0,0.0,42,42,0,0.0,0.0,0,0,0,0.0,0.0,0,0,0,0,0,0,24,20,23809.52381,23809.52381,2,6,3.333333333,2.309401077,5.333333333,0,0,0,1,0,0,0,0,1,5.0,2.0,6.0,24,0,0,0,0,0,0,1,2,1,6,1024,0,0,24,0.0,0.0,0,0,0.0,0.0,0,0,PortScan
12265,47,1,1,2,6,2,2,2.0,0.0,6,6,6.0,0.0,170212.766,42553.19149,47.0,0.0,47,47,0,0.0,0.0,0,0,0,0.0,0.0,0,0,0,0,0,0,24,20,21276.59574,21276.59574,2,6,3.333333333,2.309401077,5.333333333,0,0,0,1,0,0,0,0,1,5.0,2.0,6.0,24,0,0,0,0,0,0,1,2,1,6,1024,0,0,24,0.0,0.0,0,0,0.0,0.0,0,0,PortScan
5904,88,1,1,2,6,2,2,2.0,0.0,6,6,6.0,0.0,90909.09091,22727.27273,88.0,0.0,88,88,0,0.0,0.0,0,0,0,0.0,0.0,0,0,0,0,0,0,24,20,11363.63636,11363.63636,2,6,3.333333333,2.309401077,5.333333333,0,0,0,1,0,0,0,0,1,5.0,2.0,6.0,24,0,0,0,0,0,0,1,2,1,6,1024,0,0,24,0.0,0.0,0,0,0.0,0.0,0,0,PortScan
666,44,1,1,2,6,2,2,2.0,0.0,6,6,6.0,0.0,181818.1818,45454.54545,44.0,0.0,44,44,0,0.0,0.0,0,0,0,0.0,0.0,0,0,0,0,0,0,24,20,22727.27273,22727.27273,2,6,3.333333333,2.309401077,5.333333333,0,0,0,1,0,0,0,0,1,5.0,2.0,6.0,24,0,0,0,0,0,0,1,2,1,6,1024,0,0,24,0.0,0.0,0,0,0.0,0.0,0,0,PortScan
1050,41,1,1,2,6,2,2,2.0,0.0,6,6,6.0,0.0,195121.9512,48780.4878,41.0,0.0,41,41,0,0.0,0.0,0,0,0,0.0,0.0,0,0,0,0,0,0,24,20,24390.2439,24390.2439,2,6,3.333333333,2.309401077,5.333333333,0,0,0,1,0,0,0,0,1,5.0,2.0,6.0,24,0,0,0,0,0,0,1,2,1,6,1024,0,0,24,0.0,0.0,0,0,0.0,0.0,0,0,PortScan
8290,48,1,1,2,6,2,2,2.0,0.0,6,6,6.0,0.0,166666.6667,41666.66667,48.0,0.0,48,48,0,0.0,0.0,0,0,0,0.0,0.0,0,0,0,0,0,0,24,20,20833.33333,20833.33333,2,6,3.333333333,2.309401077,5.333333333,0,0,0,1,0,0,0,0,1,5.0,2.0,6.0,24,0,0,0,0,0,0,1,2,1,6,1024,0,0,24,0.0,0.0,0,0,0.0,0.0,0,0,PortScan
1051,43,1,1,2,6,2,2,2.0,0.0,6,6,6.0,0.0,186046.5116,46511.62791,43.0,0.0,43,43,0,0.0,0.0,0,0,0,0.0,0.0,0,0,0,0,0,0,24,20,23255.81395,23255.81395,2,6,3.333333333,2.309401077,5.333333333,0,0,0,1,0,0,0,0,1,5.0,2.0,6.0,24,0,0,0,0,0,0,1,2,1,6,1024,0,0,24,0.0,0.0,0,0,0.0,0.0,0,0,PortScan
5900,79,1,1,2,6,2,2,2.0,0.0,6,6,6.0,0.0,101265.8228,25316.4557,79.0,0.0,79,79,0,0.0,0.0,0,0,0,0.0,0.0,0,0,0,0,0,0,24,20,12658.22785,12658.22785,2,6,3.333333333,2.309401077,5.333333333,0,0,0,1,0,0,0,0,1,5.0,2.0,6.0,24,0,0,0,0,0,0,1,2,1,6,1024,0,0,24,0.0,0.0,0,0,0.0,0.0,0,0,PortScan
8292,107,1,1,2,6,2,2,2.0,0.0,6,6,6.0,0.0,74766.35514,18691.58879,107.0,0.0,107,107,0,0.0,0.0,0,0,0,0.0,0.0,0,0,0,0,0,0,24,20,9345.794393,9345.794393,2,6,3.333333333,2.309401077,5.333333333,0,0,0,1,0,0,0,0,1,5.0,2.0,6.0,24,0,0,0,0,0,0,1,2,1,6,1024,0,0,24,0.0,0.0,0,0,0.0,0.0,0,0,PortScan
8291,53,1,1,2,6,2,2,2.0,0.0,6,6,6.0,0.0,150943.3962,37735.84906,53.0,0.0,53,53,0,0.0,0.0,0,0,0,0.0,0.0,0,0,0,0,0,0,24,20,18867.92453,18867.92453,2,6,3.333333333,2.309401077,5.333333333,0,0,0,1,0,0,0,0,1,5.0,2.0,6.0,24,0,0,0,0,0,0,1,2,1,6,1024,0,0,24,0.0,0.0,0,0,0.0,0.0,0,0,PortScan
1054,97,1,1,2,6,2,2,2.0,0.0,6,6,6.0,0.0,82474.2268,20618.5567,97.0,0.0,97,97,0,0.0,0.0,0,0,0,0.0,0.0,0,0,0,0,0,0,24,20,10309.27835,10309.27835,2,6,3.333333333,2.309401077,5.333333333,0,0,0,1,0,0,0,0,1,5.0,2.0,6.0,24,0,0,0,0,0,0,1,2,1,6,1024,0,0,24,0.0,0.0,0,0,0.0,0.0,0,0,PortScan
8010,47,1,1,2,6,2,2,2.0,0.0,6,6,6.0,0.0,170212.766,42553.19149,47.0,0.0,47,47,0,0.0,0.0,0,0,0,0.0,0.0,0,0,0,0,0,0,24,20,21276.59574,21276.59574,2,6,3.333333333,2.309401077,5.333333333,0,0,0,1,0,0,0,0,1,5.0,2.0,6.0,24,0,0,0,0,0,0,1,2,1,6,1024,0,0,24,0.0,0.0,0,0,0.0,0.0,0,0,PortScan
5120,18,1,1,2,6,2,2,2.0,0.0,6,6,6.0,0.0,444444.4444,111111.1111,18.0,0.0,18,18,0,0.0,0.0,0,0,0,0.0,0.0,0,0,0,0,0,0,24,20,55555.55556,55555.55556,2,6,3.333333333,2.309401077,5.333333333,0,0,0,1,0,0,0,0,1,5.0,2.0,6.0,24,0,0,0,0,0,0,1,2,1,6,1024,0,0,24,0.0,0.0,0,0,0.0,0.0,0,0,PortScan
3690,1,1,1,2,6,2,2,2.0,0.0,6,6,6.0,0.0,8000000.0,2000000.0,1.0,0.0,1,1,0,0.0,0.0,0,0,0,0.0,0.0,0,0,0,0,0,0,24,20,1000000.0,1000000.0,2,6,3.333333333,2.309401077,5.333333333,0,0,0,1,0,0,0,0,1,5.0,2.0,6.0,24,0,0,0,0,0,0,1,2,1,6,1024,0,0,24,0.0,0.0,0,0,0.0,0.0,0,0,PortScan
1055,55,1,1,2,6,2,2,2.0,0.0,6,6,6.0,0.0,145454.5455,36363.63636,55.0,0.0,55,55,0,0.0,0.0,0,0,0,0.0,0.0,0,0,0,0,0,0,24,20,18181.81818,18181.81818,2,6,3.333333333,2.309401077,5.333333333,0,0,0,1,0,0,0,0,1,5.0,2.0,6.0,24,0,0,0,0,0,0,1,2,1,6,1024,0,0,24,0.0,0.0,0,0,0.0,0.0,0,0,PortScan
1198,44,1,1,2,6,2,2,2.0,0.0,6,6,6.0,0.0,181818.1818,45454.54545,44.0,0.0,44,44,0,0.0,0.0,0,0,0,0.0,0.0,0,0,0,0,0,0,24,20,22727.27273,22727.27273,2,6,3.333333333,2.309401077,5.333333333,0,0,0,1,0,0,0,0,1,5.0,2.0,6.0,24,0,0,0,0,0,0,1,2,1,6,1024,0,0,24,0.0,0.0,0,0,0.0,0.0,0,0,PortScan
1052,54,1,1,2,6,2,2,2.0,0.0,6,6,6.0,0.0,148148.1481,37037.03704,54.0,0.0,54,54,0,0.0,0.0,0,0,0,0.0,0.0,0,0,0,0,0,0,24,20,18518.51852,18518.51852,2,6,3.333333333,2.309401077,5.333333333,0,0,0,1,0,0,0,0,1,5.0,2.0,6.0,24,0,0,0,0,0,0,1,2,1,6,1024,0,0,24,0.0,0.0,0,0,0.0,0.0,0,0,PortScan
1053,43,1,1,2,6,2,2,2.0,0.0,6,6,6.0,0.0,186046.5116,46511.62791,43.0,0.0,43,43,0,0.0,0.0,0,0,0,0.0,0.0,0,0,0,0,0,0,24,20,23255.81395,23255.81395,2,6,3.333333333,2.309401077,5.333333333,0,0,0,1,0,0,0,0,1,5.0,2.0,6.0,24,0,0,0,0,0,0,1,2,1,6,1024,0,0,24,0.0,0.0,0,0,0.0,0.0,0,0,PortScan
1199,42,1,1,2,6,2,2,2.0,0.0,6,6,6.0,0.0,190476.1905,47619.04762,42.0,0.0,42,42,0,0.0,0.0,0,0,0,0.0,0.0,0,0,0,0,0,0,24,20,23809.52381,23809.52381,2,6,3.333333333,2.309401077,5.333333333,0,0,0,1,0,0,0,0,1,5.0,2.0,6.0,24,0,0,0,0,0,0,1,2,1,6,1024,0,0,24,0.0,0.0,0,0,0.0,0.0,0,0,PortScan
8011,46,1,1,2,6,2,2,2.0,0.0,6,6,6.0,0.0,173913.0435,43478.26087,46.0,0.0,46,46,0,0.0,0.0,0,0,0,0.0,0.0,0,0,0,0,0,0,24,20,21739.13043,21739.13043,2,6,3.333333333,2.309401077,5.333333333,0,0,0,1,0,0,0,0,1,5.0,2.0,6.0,24,0,0,0,0,0,0,1,2,1,6,1024,0,0,24,0.0,0.0,0,0,0.0,0.0,0,0,PortScan
1059,30,1,1,2,6,2,2,2.0,0.0,6,6,6.0,0.0,266666.6667,66666.66667,30.0,0.0,30,30,0,0.0,0.0,0,0,0,0.0,0.0,0,0,0,0,0,0,24,20,33333.33333,33333.33333,2,6,3.333333333,2.309401077,5.333333333,0,0,0,1,0,0,0,0,1,5.0,2.0,6.0,24,0,0,0,0,0,0,1,2,1,6,1024,0,0,24,0.0,0.0,0,0,0.0,0.0,0,0,PortScan
5906,73,1,1,2,6,2,2,2.0,0.0,6,6,6.0,0.0,109589.0411,27397.26027,73.0,0.0,73,73,0,0.0,0.0,0,0,0,0.0,0.0,0,0,0,0,0,0,24,20,13698.63014,13698.63014,2,6,3.333333333,2.309401077,5.333333333,0,0,0,1,0,0,0,0,1,5.0,2.0,6.0,24,0,0,0,0,0,0,1,2,1,6,1024,0,0,24,0.0,0.0,0,0,0.0,0.0,0,0,PortScan
1058,11,1,1,2,6,2,2,2.0,0.0,6,6,6.0,0.0,727272.7273,181818.1818,11.0,0.0,11,11,0,0.0,0.0,0,0,0,0.0,0.0,0,0,0,0,0,0,24,20,90909.09091,90909.09091,2,6,3.333333333,2.309401077,5.333333333,0,0,0,1,0,0,0,0,1,5.0,2.0,6.0,24,0,0,0,0,0,0,1,2,1,6,1024,0,0,24,0.0,0.0,0,0,0.0,0.0,0,0,PortScan
6580,27,1,1,2,6,2,2,2.0,0.0,6,6,6.0,0.0,296296.2963,74074.07407,27.0,0.0,27,27,0,0.0,0.0,0,0,0,0.0,0.0,0,0,0,0,0,0,24,20,37037.03704,37037.03704,2,6,3.333333333,2.309401077,5.333333333,0,0,0,1,0,0,0,0,1,5.0,2.0,6.0,24,0,0,0,0,0,0,1,2,1,6,1024,0,0,24,0.0,0.0,0,0,0.0,0.0,0,0,PortScan
5907,45,1,1,2,6,2,2,2.0,0.0,6,6,6.0,0.0,177777.7778,44444.44444,45.0,0.0,45,45,0,0.0,0.0,0,0,0,0.0,0.0,0,0,0,0,0,0,24,20,22222.22222,22222.22222,2,6,3.333333333,2.309401077,5.333333333,0,0,0,1,0,0,0,0,1,5.0,2.0,6.0,24,0,0,0,0,0,0,1,2,1,6,1024,0,0,24,0.0,0.0,0,0,0.0,0.0,0,0,PortScan
27000,60,1,1,2,6,2,2,2.0,0.0,6,6,6.0,0.0,133333.3333,33333.33333,60.0,0.0,60,60,0,0.0,0.0,0,0,0,0.0,0.0,0,0,0,0,0,0,24,20,16666.66667,16666.66667,2,6,3.333333333,2.309401077,5.333333333,0,0,0,1,0,0,0,0,1,5.0,2.0,6.0,24,0,0,0,0,0,0,1,2,1,6,1024,0,0,24,0.0,0.0,0,0,0.0,0.0,0,0,PortScan
1056,40,1,1,2,6,2,2,2.0,0.0,6,6,6.0,0.0,200000.0,50000.0,40.0,0.0,40,40,0,0.0,0.0,0,0,0,0.0,0.0,0,0,0,0,0,0,24,20,25000.0,25000.0,2,6,3.333333333,2.309401077,5.333333333,0,0,0,1,0,0,0,0,1,5.0,2.0,6.0,24,0,0,0,0,0,0,1,2,1,6,1024,0,0,24,0.0,0.0,0,0,0.0,0.0,0,0,PortScan
524,85,1,1,2,6,2,2,2.0,0.0,6,6,6.0,0.0,94117.64706,23529.41176,85.0,0.0,85,85,0,0.0,0.0,0,0,0,0.0,0.0,0,0,0,0,0,0,24,20,11764.70588,11764.70588,2,6,3.333333333,2.309401077,5.333333333,0,0,0,1,0,0,0,0,1,5.0,2.0,6.0,24,0,0,0,0,0,0,1,2,1,6,1024,0,0,24,0.0,0.0,0,0,0.0,0.0,0,0,PortScan
1057,14,1,1,2,6,2,2,2.0,0.0,6,6,6.0,0.0,571428.5714,142857.1429,14.0,0.0,14,14,0,0.0,0.0,0,0,0,0.0,0.0,0,0,0,0,0,0,24,20,71428.57143,71428.57143,2,6,3.333333333,2.309401077,5.333333333,0,0,0,1,0,0,0,0,1,5.0,2.0,6.0,24,0,0,0,0,0,0,1,2,1,6,1024,0,0,24,0.0,0.0,0,0,0.0,0.0,0,0,PortScan
18040,69,1,1,2,6,2,2,2.0,0.0,6,6,6.0,0.0,115942.029,28985.50725,69.0,0.0,69,69,0,0.0,0.0,0,0,0,0.0,0.0,0,0,0,0,0,0,24,20,14492.75362,14492.75362,2,6,3.333333333,2.309401077,5.333333333,0,0,0,1,0,0,0,0,1,5.0,2.0,6.0,24,0,0,0,0,0,0,1,2,1,6,1024,0,0,24,0.0,0.0,0,0,0.0,0.0,0,0,PortScan
3551,42,1,1,2,6,2,2,2.0,0.0,6,6,6.0,0.0,190476.1905,47619.04762,42.0,0.0,42,42,0,0.0,0.0,0,0,0,0.0,0.0,0,0,0,0,0,0,24,20,23809.52381,23809.52381,2,6,3.333333333,2.309401077,5.333333333,0,0,0,1,0,0,0,0,1,5.0,2.0,6.0,24,0,0,0,0,0,0,1,2,1,6,1024,0,0,24,0.0,0.0,0,0,0.0,0.0,0,0,PortScan
1984,24,1,1,2,6,2,2,2.0,0.0,6,6,6.0,0.0,333333.3333,83333.33333,24.0,0.0,24,24,0,0.0,0.0,0,0,0,0.0,0.0,0,0,0,0,0,0,24,20,41666.66667,41666.66667,2,6,3.333333333,2.309401077,5.333333333,0,0,0,1,0,0,0,0,1,5.0,2.0,6.0,24,0,0,0,0,0,0,1,2,1,6,1024,0,0,24,0.0,0.0,0,0,0.0,0.0,0,0,PortScan
5269,67,1,1,2,6,2,2,2.0,0.0,6,6,6.0,0.0,119402.9851,29850.74627,67.0,0.0,67,67,0,0.0,0.0,0,0,0,0.0,0.0,0,0,0,0,0,0,24,20,14925.37313,14925.37313,2,6,3.333333333,2.309401077,5.333333333,0,0,0,1,0,0,0,0,1,5.0,2.0,6.0,24,0,0,0,0,0,0,1,2,1,6,1024,0,0,24,0.0,0.0,0,0,0.0,0.0,0,0,PortScan
15004,62,1,1,2,6,2,2,2.0,0.0,6,6,6.0,0.0,129032.2581,32258.06452,62.0,0.0,62,62,0,0.0,0.0,0,0,0,0.0,0.0,0,0,0,0,0,0,24,20,16129.03226,16129.03226,2,6,3.333333333,2.309401077,5.333333333,0,0,0,1,0,0,0,0,1,5.0,2.0,6.0,24,0,0,0,0,0,0,1,2,1,6,1024,0,0,24,0.0,0.0,0,0,0.0,0.0,0,0,PortScan
15003,65,1,1,2,6,2,2,2.0,0.0,6,6,6.0,0.0,123076.9231,30769.23077,65.0,0.0,65,65,0,0.0,0.0,0,0,0,0.0,0.0,0,0,0,0,0,0,24,20,15384.61538,15384.61538,2,6,3.333333333,2.309401077,5.333333333,0,0,0,1,0,0,0,0,1,5.0,2.0,6.0,24,0,0,0,0,0,0,1,2,1,6,1024,0,0,24,0.0,0.0,0,0,0.0,0.0,0,0,PortScan
15002,69,1,1,2,6,2,2,2.0,0.0,6,6,6.0,0.0,115942.029,28985.50725,69.0,0.0,69,69,0,0.0,0.0,0,0,0,0.0,0.0,0,0,0,0,0,0,24,20,14492.75362,14492.75362,2,6,3.333333333,2.309401077,5.333333333,0,0,0,1,0,0,0,0,1,5.0,2.0,6.0,24,0,0,0,0,0,0,1,2,1,6,1024,0,0,24,0.0,0.0,0,0,0.0,0.0,0,0,PortScan
7741,75,1,1,2,6,2,2,2.0,0.0,6,6,6.0,0.0,106666.6667,26666.66667,75.0,0.0,75,75,0,0.0,0.0,0,0,0,0.0,0.0,0,0,0,0,0,0,24,20,13333.33333,13333.33333,2,6,3.333333333,2.309401077,5.333333333,0,0,0,1,0,0,0,0,1,5.0,2.0,6.0,24,0,0,0,0,0,0,1,2,1,6,1024,0,0,24,0.0,0.0,0,0,0.0,0.0,0,0,PortScan
4998,50,1,1,2,6,2,2,2.0,0.0,6,6,6.0,0.0,160000.0,40000.0,50.0,0.0,50,50,0,0.0,0.0,0,0,0,0.0,0.0,0,0,0,0,0,0,24,20,20000.0,20000.0,2,6,3.333333333,2.309401077,5.333333333,0,0,0,1,0,0,0,0,1,5.0,2.0,6.0,24,0,0,0,0,0,0,1,2,1,6,1024,0,0,24,0.0,0.0,0,0,0.0,0.0,0,0,PortScan
19350,23,1,1,2,6,2,2,2.0,0.0,6,6,6.0,0.0,347826.087,86956.52174,23.0,0.0,23,23,0,0.0,0.0,0,0,0,0.0,0.0,0,0,0,0,0,0,24,20,43478.26087,43478.26087,2,6,3.333333333,2.309401077,5.333333333,0,0,0,1,0,0,0,0,1,5.0,2.0,6.0,24,0,0,0,0,0,0,1,2,1,6,1024,0,0,24,0.0,0.0,0,0,0.0,0.0,0,0,PortScan
1183,49,1,1,2,6,2,2,2.0,0.0,6,6,6.0,0.0,163265.3061,40816.32653,49.0,0.0,49,49,0,0.0,0.0,0,0,0,0.0,0.0,0,0,0,0,0,0,24,20,20408.16327,20408.16327,2,6,3.333333333,2.309401077,5.333333333,0,0,0,1,0,0,0,0,1,5.0,2.0,6.0,24,0,0,0,0,0,0,1,2,1,6,1024,0,0,24,0.0,0.0,0,0,0.0,0.0,0,0,PortScan
15000,44,1,1,2,6,2,2,2.0,0.0,6,6,6.0,0.0,181818.1818,45454.54545,44.0,0.0,44,44,0,0.0,0.0,0,0,0,0.0,0.0,0,0,0,0,0,0,24,20,22727.27273,22727.27273,2,6,3.333333333,2.309401077,5.333333333,0,0,0,1,0,0,0,0,1,5.0,2.0,6.0,24,0,0,0,0,0,0,1,2,1,6,1024,0,0,24,0.0,0.0,0,0,0.0,0.0,0,0,PortScan
1041,60,1,1,2,6,2,2,2.0,0.0,6,6,6.0,0.0,133333.3333,33333.33333,60.0,0.0,60,60,0,0.0,0.0,0,0,0,0.0,0.0,0,0,0,0,0,0,24,20,16666.66667,16666.66667,2,6,3.333333333,2.309401077,5.333333333,0,0,0,1,0,0,0,0,1,5.0,2.0,6.0,24,0,0,0,0,0,0,1,2,1,6,1024,0,0,24,0.0,0.0,0,0,0.0,0.0,0,0,PortScan
1187,43,1,1,2,6,2,2,2.0,0.0,6,6,6.0,0.0,186046.5116,46511.62791,43.0,0.0,43,43,0,0.0,0.0,0,0,0,0.0,0.0,0,0,0,0,0,0,24,20,23255.81395,23255.81395,2,6,3.333333333,2.309401077,5.333333333,0,0,0,1,0,0,0,0,1,5.0,2.0,6.0,24,0,0,0,0,0,0,1,2,1,6,1024,0,0,24,0.0,0.0,0,0,0.0,0.0,0,0,PortScan
64623,37,1,1,2,6,2,2,2.0,0.0,6,6,6.0,0.0,216216.2162,54054.05405,37.0,0.0,37,37,0,0.0,0.0,0,0,0,0.0,0.0,0,0,0,0,0,0,24,20,27027.02703,27027.02703,2,6,3.333333333,2.309401077,5.333333333,0,0,0,1,0,0,0,0,1,5.0,2.0,6.0,24,0,0,0,0,0,0,1,2,1,6,1024,0,0,24,0.0,0.0,0,0,0.0,0.0,0,0,PortScan
1042,23,1,1,2,6,2,2,2.0,0.0,6,6,6.0,0.0,347826.087,86956.52174,23.0,0.0,23,23,0,0.0,0.0,0,0,0,0.0,0.0,0,0,0,0,0,0,24,20,43478.26087,43478.26087,2,6,3.333333333,2.309401077,5.333333333,0,0,0,1,0,0,0,0,1,5.0,2.0,6.0,24,0,0,0,0,0,0,1,2,1,6,1024,0,0,24,0.0,0.0,0,0,0.0,0.0,0,0,PortScan
514,50,1,1,2,6,2,2,2.0,0.0,6,6,6.0,0.0,160000.0,40000.0,50.0,0.0,50,50,0,0.0,0.0,0,0,0,0.0,0.0,0,0,0,0,0,0,24,20,20000.0,20000.0,2,6,3.333333333,2.309401077,5.333333333,0,0,0,1,0,0,0,0,1,5.0,2.0,6.0,24,0,0,0,0,0,0,1,2,1,6,1024,0,0,24,0.0,0.0,0,0,0.0,0.0,0,0,PortScan
1185,52,1,1,2,6,2,2,2.0,0.0,6,6,6.0,0.0,153846.1538,38461.53846,52.0,0.0,52,52,0,0.0,0.0,0,0,0,0.0,0.0,0,0,0,0,0,0,24,20,19230.76923,19230.76923,2,6,3.333333333,2.309401077,5.333333333,0,0,0,1,0,0,0,0,1,5.0,2.0,6.0,24,0,0,0,0,0,0,1,2,1,6,1024,0,0,24,0.0,0.0,0,0,0.0,0.0,0,0,PortScan
515,40,1,1,2,6,2,2,2.0,0.0,6,6,6.0,0.0,200000.0,50000.0,40.0,0.0,40,40,0,0.0,0.0,0,0,0,0.0,0.0,0,0,0,0,0,0,24,20,25000.0,25000.0,2,6,3.333333333,2.309401077,5.333333333,0,0,0,1,0,0,0,0,1,5.0,2.0,6.0,24,0,0,0,0,0,0,1,2,1,6,1024,0,0,24,0.0,0.0,0,0,0.0,0.0,0,0,PortScan
1186,42,1,1,2,6,2,2,2.0,0.0,6,6,6.0,0.0,190476.1905,47619.04762,42.0,0.0,42,42,0,0.0,0.0,0,0,0,0.0,0.0,0,0,0,0,0,0,24,20,23809.52381,23809.52381,2,6,3.333333333,2.309401077,5.333333333,0,0,0,1,0,0,0,0,1,5.0,2.0,6.0,24,0,0,0,0,0,0,1,2,1,6,1024,0,0,24,0.0,0.0,0,0,0.0,0.0,0,0,PortScan
1040,43,1,1,2,6,2,2,2.0,0.0,6,6,6.0,0.0,186046.5116,46511.62791,43.0,0.0,43,43,0,0.0,0.0,0,0,0,0.0,0.0,0,0,0,0,0,0,24,20,23255.81395,23255.81395,2,6,3.333333333,2.309401077,5.333333333,0,0,0,1,0,0,0,0,1,5.0,2.0,6.0,24,0,0,0,0,0,0,1,2,1,6,1024,0,0,24,0.0,0.0,0,0,0.0,0.0,0,0,PortScan
512,63,1,1,2,6,2,2,2.0,0.0,6,6,6.0,0.0,126984.127,31746.03175,63.0,0.0,63,63,0,0.0,0.0,0,0,0,0.0,0.0,0,0,0,0,0,0,24,20,15873.01587,15873.01587,2,6,3.333333333,2.309401077,5.333333333,0,0,0,1,0,0,0,0,1,5.0,2.0,6.0,24,0,0,0,0,0,0,1,2,1,6,1024,0,0,24,0.0,0.0,0,0,0.0,0.0,0,0,PortScan
1045,51,1,1,2,6,2,2,2.0,0.0,6,6,6.0,0.0,156862.7451,39215.68627,51.0,0.0,51,51,0,0.0,0.0,0,0,0,0.0,0.0,0,0,0,0,0,0,24,20,19607.84314,19607.84314,2,6,3.333333333,2.309401077,5.333333333,0,0,0,1,0,0,0,0,1,5.0,2.0,6.0,24,0,0,0,0,0,0,1,2,1,6,1024,0,0,24,0.0,0.0,0,0,0.0,0.0,0,0,PortScan
513,2,1,1,2,6,2,2,2.0,0.0,6,6,6.0,0.0,4000000.0,1000000.0,2.0,0.0,2,2,0,0.0,0.0,0,0,0,0.0,0.0,0,0,0,0,0,0,24,20,500000.0,500000.0,2,6,3.333333333,2.309401077,5.333333333,0,0,0,1,0,0,0,0,1,5.0,2.0,6.0,24,0,0,0,0,0,0,1,2,1,6,1024,0,0,24,0.0,0.0,0,0,0.0,0.0,0,0,PortScan
1046,49,1,1,2,6,2,2,2.0,0.0,6,6,6.0,0.0,163265.3061,40816.32653,49.0,0.0,49,49,0,0.0,0.0,0,0,0,0.0,0.0,0,0,0,0,0,0,24,20,20408.16327,20408.16327,2,6,3.333333333,2.309401077,5.333333333,0,0,0,1,0,0,0,0,1,5.0,2.0,6.0,24,0,0,0,0,0,0,1,2,1,6,1024,0,0,24,0.0,0.0,0,0,0.0,0.0,0,0,PortScan
1043,41,1,1,2,6,2,2,2.0,0.0,6,6,6.0,0.0,195121.9512,48780.4878,41.0,0.0,41,41,0,0.0,0.0,0,0,0,0.0,0.0,0,0,0,0,0,0,24,20,24390.2439,24390.2439,2,6,3.333333333,2.309401077,5.333333333,0,0,0,1,0,0,0,0,1,5.0,2.0,6.0,24,0,0,0,0,0,0,1,2,1,6,1024,0,0,24,0.0,0.0,0,0,0.0,0.0,0,0,PortScan
1044,48,1,1,2,6,2,2,2.0,0.0,6,6,6.0,0.0,166666.6667,41666.66667,48.0,0.0,48,48,0,0.0,0.0,0,0,0,0.0,0.0,0,0,0,0,0,0,24,20,20833.33333,20833.33333,2,6,3.333333333,2.309401077,5.333333333,0,0,0,1,0,0,0,0,1,5.0,2.0,6.0,24,0,0,0,0,0,0,1,2,1,6,1024,0,0,24,0.0,0.0,0,0,0.0,0.0,0,0,PortScan
2222,33,1,1,2,6,2,2,2.0,0.0,6,6,6.0,0.0,242424.2424,60606.06061,33.0,0.0,33,33,0,0.0,0.0,0,0,0,0.0,0.0,0,0,0,0,0,0,24,20,30303.0303,30303.0303,2,6,3.333333333,2.309401077,5.333333333,0,0,0,1,0,0,0,0,1,5.0,2.0,6.0,24,0,0,0,0,0,0,1,2,1,6,1024,0,0,24,0.0,0.0,0,0,0.0,0.0,0,0,PortScan
1048,40,1,1,2,6,2,2,2.0,0.0,6,6,6.0,0.0,200000.0,50000.0,40.0,0.0,40,40,0,0.0,0.0,0,0,0,0.0,0.0,0,0,0,0,0,0,24,20,25000.0,25000.0,2,6,3.333333333,2.309401077,5.333333333,0,0,0,1,0,0,0,0,1,5.0,2.0,6.0,24,0,0,0,0,0,0,1,2,1,6,1024,0,0,24,0.0,0.0,0,0,0.0,0.0,0,0,PortScan
2366,97,1,1,2,6,2,2,2.0,0.0,6,6,6.0,0.0,82474.2268,20618.5567,97.0,0.0,97,97,0,0.0,0.0,0,0,0,0.0,0.0,0,0,0,0,0,0,24,20,10309.27835,10309.27835,2,6,3.333333333,2.309401077,5.333333333,0,0,0,1,0,0,0,0,1,5.0,2.0,6.0,24,0,0,0,0,0,0,1,2,1,6,1024,0,0,24,0.0,0.0,0,0,0.0,0.0,0,0,PortScan
8008,44,1,1,2,6,2,2,2.0,0.0,6,6,6.0,0.0,181818.1818,45454.54545,44.0,0.0,44,44,0,0.0,0.0,0,0,0,0.0,0.0,0,0,0,0,0,0,24,20,22727.27273,22727.27273,2,6,3.333333333,2.309401077,5.333333333,0,0,0,1,0,0,0,0,1,5.0,2.0,6.0,24,0,0,0,0,0,0,1,2,1,6,1024,0,0,24,0.0,0.0,0,0,0.0,0.0,0,0,PortScan
1047,52,1,1,2,6,2,2,2.0,0.0,6,6,6.0,0.0,153846.1538,38461.53846,52.0,0.0,52,52,0,0.0,0.0,0,0,0,0.0,0.0,0,0,0,0,0,0,24,20,19230.76923,19230.76923,2,6,3.333333333,2.309401077,5.333333333,0,0,0,1,0,0,0,0,1,5.0,2.0,6.0,24,0,0,0,0,0,0,1,2,1,6,1024,0,0,24,0.0,0.0,0,0,0.0,0.0,0,0,PortScan
1049,45,1,1,2,6,2,2,2.0,0.0,6,6,6.0,0.0,177777.7778,44444.44444,45.0,0.0,45,45,0,0.0,0.0,0,0,0,0.0,0.0,0,0,0,0,0,0,24,20,22222.22222,22222.22222,2,6,3.333333333,2.309401077,5.333333333,0,0,0,1,0,0,0,0,1,5.0,2.0,6.0,24,0,0,0,0,0,0,1,2,1,6,1024,0,0,24,0.0,0.0,0,0,0.0,0.0,0,0,PortScan
8007,54,1,1,2,6,2,2,2.0,0.0,6,6,6.0,0.0,148148.1481,37037.03704,54.0,0.0,54,54,0,0.0,0.0,0,0,0,0.0,0.0,0,0,0,0,0,0,24,20,18518.51852,18518.51852,2,6,3.333333333,2.309401077,5.333333333,0,0,0,1,0,0,0,0,1,5.0,2.0,6.0,24,0,0,0,0,0,0,1,2,1,6,1024,0,0,24,0.0,0.0,0,0,0.0,0.0,0,0,PortScan
1971,12,1,1,2,6,2,2,2.0,0.0,6,6,6.0,0.0,666666.6667,166666.6667,12.0,0.0,12,12,0,0.0,0.0,0,0,0,0.0,0.0,0,0,0,0,0,0,24,20,83333.33333,83333.33333,2,6,3.333333333,2.309401077,5.333333333,0,0,0,1,0,0,0,0,1,5.0,2.0,6.0,24,0,0,0,0,0,0,1,2,1,6,1024,0,0,24,0.0,0.0,0,0,0.0,0.0,0,0,PortScan
8001,72,1,1,2,6,2,2,2.0,0.0,6,6,6.0,0.0,111111.1111,27777.77778,72.0,0.0,72,72,0,0.0,0.0,0,0,0,0.0,0.0,0,0,0,0,0,0,24,20,13888.88889,13888.88889,2,6,3.333333333,2.309401077,5.333333333,0,0,0,1,0,0,0,0,1,5.0,2.0,6.0,24,0,0,0,0,0,0,1,2,1,6,1024,0,0,24,0.0,0.0,0,0,0.0,0.0,0,0,PortScan
1972,111,1,1,2,6,2,2,2.0,0.0,6,6,6.0,0.0,72072.07207,18018.01802,111.0,0.0,111,111,0,0.0,0.0,0,0,0,0.0,0.0,0,0,0,0,0,0,24,20,9009.009009,9009.009009,2,6,3.333333333,2.309401077,5.333333333,0,0,0,1,0,0,0,0,1,5.0,2.0,6.0,24,0,0,0,0,0,0,1,2,1,6,1024,0,0,24,0.0,0.0,0,0,0.0,0.0,0,0,PortScan
8000,43,1,1,2,6,2,2,2.0,0.0,6,6,6.0,0.0,186046.5116,46511.62791,43.0,0.0,43,43,0,0.0,0.0,0,0,0,0.0,0.0,0,0,0,0,0,0,24,20,23255.81395,23255.81395,2,6,3.333333333,2.309401077,5.333333333,0,0,0,1,0,0,0,0,1,5.0,2.0,6.0,24,0,0,0,0,0,0,1,2,1,6,1024,0,0,24,0.0,0.0,0,0,0.0,0.0,0,0,PortScan
3689,74,1,1,2,6,2,2,2.0,0.0,6,6,6.0,0.0,108108.1081,27027.02703,74.0,0.0,74,74,0,0.0,0.0,0,0,0,0.0,0.0,0,0,0,0,0,0,24,20,13513.51351,13513.51351,2,6,3.333333333,2.309401077,5.333333333,0,0,0,1,0,0,0,0,1,5.0,2.0,6.0,24,0,0,0,0,0,0,1,2,1,6,1024,0,0,24,0.0,0.0,0,0,0.0,0.0,0,0,PortScan
8002,34,1,1,2,6,2,2,2.0,0.0,6,6,6.0,0.0,235294.1176,58823.52941,34.0,0.0,34,34,0,0.0,0.0,0,0,0,0.0,0.0,0,0,0,0,0,0,24,20,29411.76471,29411.76471,2,6,3.333333333,2.309401077,5.333333333,0,0,0,1,0,0,0,0,1,5.0,2.0,6.0,24,0,0,0,0,0,0,1,2,1,6,1024,0,0,24,0.0,0.0,0,0,0.0,0.0,0,0,PortScan
5922,47,1,1,2,6,2,2,2.0,0.0,6,6,6.0,0.0,170212.766,42553.19149,47.0,0.0,47,47,0,0.0,0.0,0,0,0,0.0,0.0,0,0,0,0,0,0,24,20,21276.59574,21276.59574,2,6,3.333333333,2.309401077,5.333333333,0,0,0,1,0,0,0,0,1,5.0,2.0,6.0,24,0,0,0,0,0,0,1,2,1,6,1024,0,0,24,0.0,0.0,0,0,0.0,0.0,0,0,PortScan
1999,94,1,1,2,6,2,2,2.0,0.0,6,6,6.0,0.0,85106.38298,21276.59574,94.0,0.0,94,94,0,0.0,0.0,0,0,0,0.0,0.0,0,0,0,0,0,0,24,20,10638.29787,10638.29787,2,6,3.333333333,2.309401077,5.333333333,0,0,0,1,0,0,0,0,1,5.0,2.0,6.0,24,0,0,0,0,0,0,1,2,1,6,1024,0,0,24,0.0,0.0,0,0,0.0,0.0,0,0,PortScan
683,94,1,1,2,6,2,2,2.0,0.0,6,6,6.0,0.0,85106.38298,21276.59574,94.0,0.0,94,94,0,0.0,0.0,0,0,0,0.0,0.0,0,0,0,0,0,0,24,20,10638.29787,10638.29787,2,6,3.333333333,2.309401077,5.333333333,0,0,0,1,0,0,0,0,1,5.0,2.0,6.0,24,0,0,0,0,0,0,1,2,1,6,1024,0,0,24,0.0,0.0,0,0,0.0,0.0,0,0,PortScan
19,69,1,1,2,6,2,2,2.0,0.0,6,6,6.0,0.0,115942.029,28985.50725,69.0,0.0,69,69,0,0.0,0.0,0,0,0,0.0,0.0,0,0,0,0,0,0,24,20,14492.75362,14492.75362,2,6,3.333333333,2.309401077,5.333333333,0,0,0,1,0,0,0,0,1,5.0,2.0,6.0,24,0,0,0,0,0,0,1,2,1,6,1024,0,0,24,0.0,0.0,0,0,0.0,0.0,0,0,PortScan
9207,41,1,1,2,6,2,2,2.0,0.0,6,6,6.0,0.0,195121.9512,48780.4878,41.0,0.0,41,41,0,0.0,0.0,0,0,0,0.0,0.0,0,0,0,0,0,0,24,20,24390.2439,24390.2439,2,6,3.333333333,2.309401077,5.333333333,0,0,0,1,0,0,0,0,1,5.0,2.0,6.0,24,0,0,0,0,0,0,1,2,1,6,1024,0,0,24,0.0,0.0,0,0,0.0,0.0,0,0,PortScan
1718,32,1,1,2,6,2,2,2.0,0.0,6,6,6.0,0.0,250000.0,62500.0,32.0,0.0,32,32,0,0.0,0.0,0,0,0,0.0,0.0,0,0,0,0,0,0,24,20,31250.0,31250.0,2,6,3.333333333,2.309401077,5.333333333,0,0,0,1,0,0,0,0,1,5.0,2.0,6.0,24,0,0,0,0,0,0,1,2,1,6,1024,0,0,24,0.0,0.0,0,0,0.0,0.0,0,0,PortScan
1072,42,1,1,2,6,2,2,2.0,0.0,6,6,6.0,0.0,190476.1905,47619.04762,42.0,0.0,42,42,0,0.0,0.0,0,0,0,0.0,0.0,0,0,0,0,0,0,24,20,23809.52381,23809.52381,2,6,3.333333333,2.309401077,5.333333333,0,0,0,1,0,0,0,0,1,5.0,2.0,6.0,24,0,0,0,0,0,0,1,2,1,6,1024,0,0,24,0.0,0.0,0,0,0.0,0.0,0,0,PortScan
548,60,1,1,2,6,2,2,2.0,0.0,6,6,6.0,0.0,133333.3333,33333.33333,60.0,0.0,60,60,0,0.0,0.0,0,0,0,0.0,0.0,0,0,0,0,0,0,24,20,16666.66667,16666.66667,2,6,3.333333333,2.309401077,5.333333333,0,0,0,1,0,0,0,0,1,5.0,2.0,6.0,24,0,0,0,0,0,0,1,2,1,6,1024,0,0,24,0.0,0.0,0,0,0.0,0.0,0,0,PortScan
1719,60,1,1,2,6,2,2,2.0,0.0,6,6,6.0,0.0,133333.3333,33333.33333,60.0,0.0,60,60,0,0.0,0.0,0,0,0,0.0,0.0,0,0,0,0,0,0,24,20,16666.66667,16666.66667,2,6,3.333333333,2.309401077,5.333333333,0,0,0,1,0,0,0,0,1,5.0,2.0,6.0,24,0,0,0,0,0,0,1,2,1,6,1024,0,0,24,0.0,0.0,0,0,0.0,0.0,0,0,PortScan
1073,41,1,1,2,6,2,2,2.0,0.0,6,6,6.0,0.0,195121.9512,48780.4878,41.0,0.0,41,41,0,0.0,0.0,0,0,0,0.0,0.0,0,0,0,0,0,0,24,20,24390.2439,24390.2439,2,6,3.333333333,2.309401077,5.333333333,0,0,0,1,0,0,0,0,1,5.0,2.0,6.0,24,0,0,0,0,0,0,1,2,1,6,1024,0,0,24,0.0,0.0,0,0,0.0,0.0,0,0,PortScan
545,88,1,1,2,6,2,2,2.0,0.0,6,6,6.0,0.0,90909.09091,22727.27273,88.0,0.0,88,88,0,0.0,0.0,0,0,0,0.0,0.0,0,0,0,0,0,0,24,20,11363.63636,11363.63636,2,6,3.333333333,2.309401077,5.333333333,0,0,0,1,0,0,0,0,1,5.0,2.0,6.0,24,0,0,0,0,0,0,1,2,1,6,1024,0,0,24,0.0,0.0,0,0,0.0,0.0,0,0,PortScan
1070,44,1,1,2,6,2,2,2.0,0.0,6,6,6.0,0.0,181818.1818,45454.54545,44.0,0.0,44,44,0,0.0,0.0,0,0,0,0.0,0.0,0,0,0,0,0,0,24,20,22727.27273,22727.27273,2,6,3.333333333,2.309401077,5.333333333,0,0,0,1,0,0,0,0,1,5.0,2.0,6.0,24,0,0,0,0,0,0,1,2,1,6,1024,0,0,24,0.0,0.0,0,0,0.0,0.0,0,0,PortScan
17,116,1,1,2,6,2,2,2.0,0.0,6,6,6.0,0.0,68965.51724,17241.37931,116.0,0.0,116,116,0,0.0,0.0,0,0,0,0.0,0.0,0,0,0,0,0,0,24,20,8620.689655,8620.689655,2,6,3.333333333,2.309401077,5.333333333,0,0,0,1,0,0,0,0,1,5.0,2.0,6.0,24,0,0,0,0,0,0,1,2,1,6,1024,0,0,24,0.0,0.0,0,0,0.0,0.0,0,0,PortScan
1717,38,1,1,2,6,2,2,2.0,0.0,6,6,6.0,0.0,210526.3158,52631.57895,38.0,0.0,38,38,0,0.0,0.0,0,0,0,0.0,0.0,0,0,0,0,0,0,24,20,26315.78947,26315.78947,2,6,3.333333333,2.309401077,5.333333333,0,0,0,1,0,0,0,0,1,5.0,2.0,6.0,24,0,0,0,0,0,0,1,2,1,6,1024,0,0,24,0.0,0.0,0,0,0.0,0.0,0,0,PortScan
1071,54,1,1,2,6,2,2,2.0,0.0,6,6,6.0,0.0,148148.1481,37037.03704,54.0,0.0,54,54,0,0.0,0.0,0,0,0,0.0,0.0,0,0,0,0,0,0,24,20,18518.51852,18518.51852,2,6,3.333333333,2.309401077,5.333333333,0,0,0,1,0,0,0,0,1,5.0,2.0,6.0,24,0,0,0,0,0,0,1,2,1,6,1024,0,0,24,0.0,0.0,0,0,0.0,0.0,0,0,PortScan
12000,25,1,1,2,6,2,2,2.0,0.0,6,6,6.0,0.0,320000.0,80000.0,25.0,0.0,25,25,0,0.0,0.0,0,0,0,0.0,0.0,0,0,0,0,0,0,24,20,40000.0,40000.0,2,6,3.333333333,2.309401077,5.333333333,0,0,0,1,0,0,0,0,1,5.0,2.0,6.0,24,0,0,0,0,0,0,1,2,1,6,1024,0,0,24,0.0,0.0,0,0,0.0,0.0,0,0,PortScan
543,10,1,1,2,6,2,2,2.0,0.0,6,6,6.0,0.0,800000.0,200000.0,10.0,0.0,10,10,0,0.0,0.0,0,0,0,0.0,0.0,0,0,0,0,0,0,24,20,100000.0,100000.0,2,6,3.333333333,2.309401077,5.333333333,0,0,0,1,0,0,0,0,1,5.0,2.0,6.0,24,0,0,0,0,0,0,1,2,1,6,1024,0,0,24,0.0,0.0,0,0,0.0,0.0,0,0,PortScan
1076,97,1,1,2,6,2,2,2.0,0.0,6,6,6.0,0.0,82474.2268,20618.5567,97.0,0.0,97,97,0,0.0,0.0,0,0,0,0.0,0.0,0,0,0,0,0,0,24,20,10309.27835,10309.27835,2,6,3.333333333,2.309401077,5.333333333,0,0,0,1,0,0,0,0,1,5.0,2.0,6.0,24,0,0,0,0,0,0,1,2,1,6,1024,0,0,24,0.0,0.0,0,0,0.0,0.0,0,0,PortScan
544,64,1,1,2,6,2,2,2.0,0.0,6,6,6.0,0.0,125000.0,31250.0,64.0,0.0,64,64,0,0.0,0.0,0,0,0,0.0,0.0,0,0,0,0,0,0,24,20,15625.0,15625.0,2,6,3.333333333,2.309401077,5.333333333,0,0,0,1,0,0,0,0,1,5.0,2.0,6.0,24,0,0,0,0,0,0,1,2,1,6,1024,0,0,24,0.0,0.0,0,0,0.0,0.0,0,0,PortScan
2394,50,1,1,2,6,2,2,2.0,0.0,6,6,6.0,0.0,160000.0,40000.0,50.0,0.0,50,50,0,0.0,0.0,0,0,0,0.0,0.0,0,0,0,0,0,0,24,20,20000.0,20000.0,2,6,3.333333333,2.309401077,5.333333333,0,0,0,1,0,0,0,0,1,5.0,2.0,6.0,24,0,0,0,0,0,0,1,2,1,6,1024,0,0,24,0.0,0.0,0,0,0.0,0.0,0,0,PortScan
1077,51,1,1,2,6,2,2,2.0,0.0,6,6,6.0,0.0,156862.7451,39215.68627,51.0,0.0,51,51,0,0.0,0.0,0,0,0,0.0,0.0,0,0,0,0,0,0,24,20,19607.84314,19607.84314,2,6,3.333333333,2.309401077,5.333333333,0,0,0,1,0,0,0,0,1,5.0,2.0,6.0,24,0,0,0,0,0,0,1,2,1,6,1024,0,0,24,0.0,0.0,0,0,0.0,0.0,0,0,PortScan
5925,49,1,1,2,6,2,2,2.0,0.0,6,6,6.0,0.0,163265.3061,40816.32653,49.0,0.0,49,49,0,0.0,0.0,0,0,0,0.0,0.0,0,0,0,0,0,0,24,20,20408.16327,20408.16327,2,6,3.333333333,2.309401077,5.333333333,0,0,0,1,0,0,0,0,1,5.0,2.0,6.0,24,0,0,0,0,0,0,1,2,1,6,1024,0,0,24,0.0,0.0,0,0,0.0,0.0,0,0,PortScan
2393,49,1,1,2,6,2,2,2.0,0.0,6,6,6.0,0.0,163265.3061,40816.32653,49.0,0.0,49,49,0,0.0,0.0,0,0,0,0.0,0.0,0,0,0,0,0,0,24,20,20408.16327,20408.16327,2,6,3.333333333,2.309401077,5.333333333,0,0,0,1,0,0,0,0,1,5.0,2.0,6.0,24,0,0,0,0,0,0,1,2,1,6,1024,0,0,24,0.0,0.0,0,0,0.0,0.0,0,0,PortScan
13,62,1,1,2,6,2,2,2.0,0.0,6,6,6.0,0.0,129032.2581,32258.06452,62.0,0.0,62,62,0,0.0,0.0,0,0,0,0.0,0.0,0,0,0,0,0,0,24,20,16129.03226,16129.03226,2,6,3.333333333,2.309401077,5.333333333,0,0,0,1,0,0,0,0,1,5.0,2.0,6.0,24,0,0,0,0,0,0,1,2,1,6,1024,0,0,24,0.0,0.0,0,0,0.0,0.0,0,0,PortScan
5280,64,1,1,2,6,2,2,2.0,0.0,6,6,6.0,0.0,125000.0,31250.0,64.0,0.0,64,64,0,0.0,0.0,0,0,0,0.0,0.0,0,0,0,0,0,0,24,20,15625.0,15625.0,2,6,3.333333333,2.309401077,5.333333333,0,0,0,1,0,0,0,0,1,5.0,2.0,6.0,24,0,0,0,0,0,0,1,2,1,6,1024,0,0,24,0.0,0.0,0,0,0.0,0.0,0,0,PortScan
1074,68,1,1,2,6,2,2,2.0,0.0,6,6,6.0,0.0,117647.0588,29411.76471,68.0,0.0,68,68,0,0.0,0.0,0,0,0,0.0,0.0,0,0,0,0,0,0,24,20,14705.88235,14705.88235,2,6,3.333333333,2.309401077,5.333333333,0,0,0,1,0,0,0,0,1,5.0,2.0,6.0,24,0,0,0,0,0,0,1,2,1,6,1024,0,0,24,0.0,0.0,0,0,0.0,0.0,0,0,PortScan
541,43,1,1,2,6,2,2,2.0,0.0,6,6,6.0,0.0,186046.5116,46511.62791,43.0,0.0,43,43,0,0.0,0.0,0,0,0,0.0,0.0,0,0,0,0,0,0,24,20,23255.81395,23255.81395,2,6,3.333333333,2.309401077,5.333333333,0,0,0,1,0,0,0,0,1,5.0,2.0,6.0,24,0,0,0,0,0,0,1,2,1,6,1024,0,0,24,0.0,0.0,0,0,0.0,0.0,0,0,PortScan
19101,90,1,1,2,6,2,2,2.0,0.0,6,6,6.0,0.0,88888.88889,22222.22222,90.0,0.0,90,90,0,0.0,0.0,0,0,0,0.0,0.0,0,0,0,0,0,0,24,20,11111.11111,11111.11111,2,6,3.333333333,2.309401077,5.333333333,0,0,0,1,0,0,0,0,1,5.0,2.0,6.0,24,0,0,0,0,0,0,1,2,1,6,1024,0,0,24,0.0,0.0,0,0,0.0,0.0,0,0,PortScan
1075,15,1,1,2,6,2,2,2.0,0.0,6,6,6.0,0.0,533333.3333,133333.3333,15.0,0.0,15,15,0,0.0,0.0,0,0,0,0.0,0.0,0,0,0,0,0,0,24,20,66666.66667,66666.66667,2,6,3.333333333,2.309401077,5.333333333,0,0,0,1,0,0,0,0,1,5.0,2.0,6.0,24,0,0,0,0,0,0,1,2,1,6,1024,0,0,24,0.0,0.0,0,0,0.0,0.0,0,0,PortScan
2399,36,1,1,2,6,2,2,2.0,0.0,6,6,6.0,0.0,222222.2222,55555.55556,36.0,0.0,36,36,0,0.0,0.0,0,0,0,0.0,0.0,0,0,0,0,0,0,24,20,27777.77778,27777.77778,2,6,3.333333333,2.309401077,5.333333333,0,0,0,1,0,0,0,0,1,5.0,2.0,6.0,24,0,0,0,0,0,0,1,2,1,6,1024,0,0,24,0.0,0.0,0,0,0.0,0.0,0,0,PortScan
20,41,1,1,2,6,2,2,2.0,0.0,6,6,6.0,0.0,195121.9512,48780.4878,41.0,0.0,41,41,0,0.0,0.0,0,0,0,0.0,0.0,0,0,0,0,0,0,24,20,24390.2439,24390.2439,2,6,3.333333333,2.309401077,5.333333333,0,0,0,1,0,0,0,0,1,5.0,2.0,6.0,24,0,0,0,0,0,0,1,2,1,6,1024,0,0,24,0.0,0.0,0,0,0.0,0.0,0,0,PortScan
5000,43,1,1,2,6,2,2,2.0,0.0,6,6,6.0,0.0,186046.5116,46511.62791,43.0,0.0,43,43,0,0.0,0.0,0,0,0,0.0,0.0,0,0,0,0,0,0,24,20,23255.81395,23255.81395,2,6,3.333333333,2.309401077,5.333333333,0,0,0,1,0,0,0,0,1,5.0,2.0,6.0,24,0,0,0,0,0,0,1,2,1,6,1024,0,0,24,0.0,0.0,0,0,0.0,0.0,0,0,PortScan
5001,12,1,1,2,6,2,2,2.0,0.0,6,6,6.0,0.0,666666.6667,166666.6667,12.0,0.0,12,12,0,0.0,0.0,0,0,0,0.0,0.0,0,0,0,0,0,0,24,20,83333.33333,83333.33333,2,6,3.333333333,2.309401077,5.333333333,0,0,0,1,0,0,0,0,1,5.0,2.0,6.0,24,0,0,0,0,0,0,1,2,1,6,1024,0,0,24,0.0,0.0,0,0,0.0,0.0,0,0,PortScan
2251,67,1,1,2,6,2,2,2.0,0.0,6,6,6.0,0.0,119402.9851,29850.74627,67.0,0.0,67,67,0,0.0,0.0,0,0,0,0.0,0.0,0,0,0,0,0,0,24,20,14925.37313,14925.37313,2,6,3.333333333,2.309401077,5.333333333,0,0,0,1,0,0,0,0,1,5.0,2.0,6.0,24,0,0,0,0,0,0,1,2,1,6,1024,0,0,24,0.0,0.0,0,0,0.0,0.0,0,0,PortScan
22,516,2,1,8,2,6,2,4.0,2.828427125,2,2,2.0,0.0,19379.84496,5813.953488,258.0,318.1980515,483,33,516,516.0,0.0,516,516,0,0.0,0.0,0,0,0,0,0,0,44,24,3875.968992,1937.984496,2,6,3.0,2.0,4.0,0,0,0,1,0,0,0,0,0,4.0,4.0,2.0,44,0,0,0,0,0,0,2,8,1,2,1024,29200,1,20,0.0,0.0,0,0,0.0,0.0,0,0,PortScan
1078,50,1,1,2,6,2,2,2.0,0.0,6,6,6.0,0.0,160000.0,40000.0,50.0,0.0,50,50,0,0.0,0.0,0,0,0,0.0,0.0,0,0,0,0,0,0,24,20,20000.0,20000.0,2,6,3.333333333,2.309401077,5.333333333,0,0,0,1,0,0,0,0,1,5.0,2.0,6.0,24,0,0,0,0,0,0,1,2,1,6,1024,0,0,24,0.0,0.0,0,0,0.0,0.0,0,0,PortScan
5002,54,1,1,2,6,2,2,2.0,0.0,6,6,6.0,0.0,148148.1481,37037.03704,54.0,0.0,54,54,0,0.0,0.0,0,0,0,0.0,0.0,0,0,0,0,0,0,24,20,18518.51852,18518.51852,2,6,3.333333333,2.309401077,5.333333333,0,0,0,1,0,0,0,0,1,5.0,2.0,6.0,24,0,0,0,0,0,0,1,2,1,6,1024,0,0,24,0.0,0.0,0,0,0.0,0.0,0,0,PortScan
21,751,2,1,8,2,6,2,4.0,2.828427125,2,2,2.0,0.0,13315.57923,3994.673768,375.5,345.775216,620,131,751,751.0,0.0,751,751,0,0.0,0.0,0,0,0,0,0,0,44,24,2663.115846,1331.557923,2,6,3.0,2.0,4.0,0,0,0,1,0,0,0,0,0,4.0,4.0,2.0,44,0,0,0,0,0,0,2,8,1,2,1024,29200,1,20,0.0,0.0,0,0,0.0,0.0,0,0,PortScan
1079,18,1,1,2,6,2,2,2.0,0.0,6,6,6.0,0.0,444444.4444,111111.1111,18.0,0.0,18,18,0,0.0,0.0,0,0,0,0.0,0.0,0,0,0,0,0,0,24,20,55555.55556,55555.55556,2,6,3.333333333,2.309401077,5.333333333,0,0,0,1,0,0,0,0,1,5.0,2.0,6.0,24,0,0,0,0,0,0,1,2,1,6,1024,0,0,24,0.0,0.0,0,0,0.0,0.0,0,0,PortScan
2111,18,1,1,2,6,2,2,2.0,0.0,6,6,6.0,0.0,444444.4444,111111.1111,18.0,0.0,18,18,0,0.0,0.0,0,0,0,0.0,0.0,0,0,0,0,0,0,24,20,55555.55556,55555.55556,2,6,3.333333333,2.309401077,5.333333333,0,0,0,1,0,0,0,0,1,5.0,2.0,6.0,24,0,0,0,0,0,0,1,2,1,6,1024,0,0,24,0.0,0.0,0,0,0.0,0.0,0,0,PortScan
406,72,1,1,2,6,2,2,2.0,0.0,6,6,6.0,0.0,111111.1111,27777.77778,72.0,0.0,72,72,0,0.0,0.0,0,0,0,0.0,0.0,0,0,0,0,0,0,24,20,13888.88889,13888.88889,2,6,3.333333333,2.309401077,5.333333333,0,0,0,1,0,0,0,0,1,5.0,2.0,6.0,24,0,0,0,0,0,0,1,2,1,6,1024,0,0,24,0.0,0.0,0,0,0.0,0.0,0,0,PortScan
8031,17,1,1,2,6,2,2,2.0,0.0,6,6,6.0,0.0,470588.2353,117647.0588,17.0,0.0,17,17,0,0.0,0.0,0,0,0,0.0,0.0,0,0,0,0,0,0,24,20,58823.52941,58823.52941,2,6,3.333333333,2.309401077,5.333333333,0,0,0,1,0,0,0,0,1,5.0,2.0,6.0,24,0,0,0,0,0,0,1,2,1,6,1024,0,0,24,0.0,0.0,0,0,0.0,0.0,0,0,PortScan
407,62,1,1,2,6,2,2,2.0,0.0,6,6,6.0,0.0,129032.2581,32258.06452,62.0,0.0,62,62,0,0.0,0.0,0,0,0,0.0,0.0,0,0,0,0,0,0,24,20,16129.03226,16129.03226,2,6,3.333333333,2.309401077,5.333333333,0,0,0,1,0,0,0,0,1,5.0,2.0,6.0,24,0,0,0,0,0,0,1,2,1,6,1024,0,0,24,0.0,0.0,0,0,0.0,0.0,0,0,PortScan
4899,43,1,1,2,6,2,2,2.0,0.0,6,6,6.0,0.0,186046.5116,46511.62791,43.0,0.0,43,43,0,0.0,0.0,0,0,0,0.0,0.0,0,0,0,0,0,0,24,20,23255.81395,23255.81395,2,6,3.333333333,2.309401077,5.333333333,0,0,0,1,0,0,0,0,1,5.0,2.0,6.0,24,0,0,0,0,0,0,1,2,1,6,1024,0,0,24,0.0,0.0,0,0,0.0,0.0,0,0,PortScan
691,26,1,1,2,6,2,2,2.0,0.0,6,6,6.0,0.0,307692.3077,76923.07692,26.0,0.0,26,26,0,0.0,0.0,0,0,0,0.0,0.0,0,0,0,0,0,0,24,20,38461.53846,38461.53846,2,6,3.333333333,2.309401077,5.333333333,0,0,0,1,0,0,0,0,1,5.0,2.0,6.0,24,0,0,0,0,0,0,1,2,1,6,1024,0,0,24,0.0,0.0,0,0,0.0,0.0,0,0,PortScan
60443,50,1,1,2,6,2,2,2.0,0.0,6,6,6.0,0.0,160000.0,40000.0,50.0,0.0,50,50,0,0.0,0.0,0,0,0,0.0,0.0,0,0,0,0,0,0,24,20,20000.0,20000.0,2,6,3.333333333,2.309401077,5.333333333,0,0,0,1,0,0,0,0,1,5.0,2.0,6.0,24,0,0,0,0,0,0,1,2,1,6,1024,0,0,24,0.0,0.0,0,0,0.0,0.0,0,0,PortScan
5009,44,1,1,2,6,2,2,2.0,0.0,6,6,6.0,0.0,181818.1818,45454.54545,44.0,0.0,44,44,0,0.0,0.0,0,0,0,0.0,0.0,0,0,0,0,0,0,24,20,22727.27273,22727.27273,2,6,3.333333333,2.309401077,5.333333333,0,0,0,1,0,0,0,0,1,5.0,2.0,6.0,24,0,0,0,0,0,0,1,2,1,6,1024,0,0,24,0.0,0.0,0,0,0.0,0.0,0,0,PortScan
28201,44,1,1,2,6,2,2,2.0,0.0,6,6,6.0,0.0,181818.1818,45454.54545,44.0,0.0,44,44,0,0.0,0.0,0,0,0,0.0,0.0,0,0,0,0,0,0,24,20,22727.27273,22727.27273,2,6,3.333333333,2.309401077,5.333333333,0,0,0,1,0,0,0,0,1,5.0,2.0,6.0,24,0,0,0,0,0,0,1,2,1,6,1024,0,0,24,0.0,0.0,0,0,0.0,0.0,0,0,PortScan
1864,44,1,1,2,6,2,2,2.0,0.0,6,6,6.0,0.0,181818.1818,45454.54545,44.0,0.0,44,44,0,0.0,0.0,0,0,0,0.0,0.0,0,0,0,0,0,0,24,20,22727.27273,22727.27273,2,6,3.333333333,2.309401077,5.333333333,0,0,0,1,0,0,0,0,1,5.0,2.0,6.0,24,0,0,0,0,0,0,1,2,1,6,1024,0,0,24,0.0,0.0,0,0,0.0,0.0,0,0,PortScan
5003,53,1,1,2,6,2,2,2.0,0.0,6,6,6.0,0.0,150943.3962,37735.84906,53.0,0.0,53,53,0,0.0,0.0,0,0,0,0.0,0.0,0,0,0,0,0,0,24,20,18867.92453,18867.92453,2,6,3.333333333,2.309401077,5.333333333,0,0,0,1,0,0,0,0,1,5.0,2.0,6.0,24,0,0,0,0,0,0,1,2,1,6,1024,0,0,24,0.0,0.0,0,0,0.0,0.0,0,0,PortScan
50800,42,1,1,2,6,2,2,2.0,0.0,6,6,6.0,0.0,190476.1905,47619.04762,42.0,0.0,42,42,0,0.0,0.0,0,0,0,0.0,0.0,0,0,0,0,0,0,24,20,23809.52381,23809.52381,2,6,3.333333333,2.309401077,5.333333333,0,0,0,1,0,0,0,0,1,5.0,2.0,6.0,24,0,0,0,0,0,0,1,2,1,6,1024,0,0,24,0.0,0.0,0,0,0.0,0.0,0,0,PortScan
2119,44,1,1,2,6,2,2,2.0,0.0,6,6,6.0,0.0,181818.1818,45454.54545,44.0,0.0,44,44,0,0.0,0.0,0,0,0,0.0,0.0,0,0,0,0,0,0,24,20,22727.27273,22727.27273,2,6,3.333333333,2.309401077,5.333333333,0,0,0,1,0,0,0,0,1,5.0,2.0,6.0,24,0,0,0,0,0,0,1,2,1,6,1024,0,0,24,0.0,0.0,0,0,0.0,0.0,0,0,PortScan
5004,18,1,1,2,6,2,2,2.0,0.0,6,6,6.0,0.0,444444.4444,111111.1111,18.0,0.0,18,18,0,0.0,0.0,0,0,0,0.0,0.0,0,0,0,0,0,0,24,20,55555.55556,55555.55556,2,6,3.333333333,2.309401077,5.333333333,0,0,0,1,0,0,0,0,1,5.0,2.0,6.0,24,0,0,0,0,0,0,1,2,1,6,1024,0,0,24,0.0,0.0,0,0,0.0,0.0,0,0,PortScan
1862,39,1,1,2,6,2,2,2.0,0.0,6,6,6.0,0.0,205128.2051,51282.05128,39.0,0.0,39,39,0,0.0,0.0,0,0,0,0.0,0.0,0,0,0,0,0,0,24,20,25641.02564,25641.02564,2,6,3.333333333,2.309401077,5.333333333,0,0,0,1,0,0,0,0,1,5.0,2.0,6.0,24,0,0,0,0,0,0,1,2,1,6,1024,0,0,24,0.0,0.0,0,0,0.0,0.0,0,0,PortScan
1863,41,1,1,2,6,2,2,2.0,0.0,6,6,6.0,0.0,195121.9512,48780.4878,41.0,0.0,41,41,0,0.0,0.0,0,0,0,0.0,0.0,0,0,0,0,0,0,24,20,24390.2439,24390.2439,2,6,3.333333333,2.309401077,5.333333333,0,0,0,1,0,0,0,0,1,5.0,2.0,6.0,24,0,0,0,0,0,0,1,2,1,6,1024,0,0,24,0.0,0.0,0,0,0.0,0.0,0,0,PortScan
13456,62,1,1,2,6,2,2,2.0,0.0,6,6,6.0,0.0,129032.2581,32258.06452,62.0,0.0,62,62,0,0.0,0.0,0,0,0,0.0,0.0,0,0,0,0,0,0,24,20,16129.03226,16129.03226,2,6,3.333333333,2.309401077,5.333333333,0,0,0,1,0,0,0,0,1,5.0,2.0,6.0,24,0,0,0,0,0,0,1,2,1,6,1024,0,0,24,0.0,0.0,0,0,0.0,0.0,0,0,PortScan
7625,13,1,1,2,6,2,2,2.0,0.0,6,6,6.0,0.0,615384.6154,153846.1538,13.0,0.0,13,13,0,0.0,0.0,0,0,0,0.0,0.0,0,0,0,0,0,0,24,20,76923.07692,76923.07692,2,6,3.333333333,2.309401077,5.333333333,0,0,0,1,0,0,0,0,1,5.0,2.0,6.0,24,0,0,0,0,0,0,1,2,1,6,1024,0,0,24,0.0,0.0,0,0,0.0,0.0,0,0,PortScan
1840,62,1,1,2,6,2,2,2.0,0.0,6,6,6.0,0.0,129032.2581,32258.06452,62.0,0.0,62,62,0,0.0,0.0,0,0,0,0.0,0.0,0,0,0,0,0,0,24,20,16129.03226,16129.03226,2,6,3.333333333,2.309401077,5.333333333,0,0,0,1,0,0,0,0,1,5.0,2.0,6.0,24,0,0,0,0,0,0,1,2,1,6,1024,0,0,24,0.0,0.0,0,0,0.0,0.0,0,0,PortScan
8800,65,1,1,2,6,2,2,2.0,0.0,6,6,6.0,0.0,123076.9231,30769.23077,65.0,0.0,65,65,0,0.0,0.0,0,0,0,0.0,0.0,0,0,0,0,0,0,24,20,15384.61538,15384.61538,2,6,3.333333333,2.309401077,5.333333333,0,0,0,1,0,0,0,0,1,5.0,2.0,6.0,24,0,0,0,0,0,0,1,2,1,6,1024,0,0,24,0.0,0.0,0,0,0.0,0.0,0,0,PortScan
5910,47,1,1,2,6,2,2,2.0,0.0,6,6,6.0,0.0,170212.766,42553.19149,47.0,0.0,47,47,0,0.0,0.0,0,0,0,0.0,0.0,0,0,0,0,0,0,24,20,21276.59574,21276.59574,2,6,3.333333333,2.309401077,5.333333333,0,0,0,1,0,0,0,0,1,5.0,2.0,6.0,24,0,0,0,0,0,0,1,2,1,6,1024,0,0,24,0.0,0.0,0,0,0.0,0.0,0,0,PortScan
7627,51,1,1,2,6,2,2,2.0,0.0,6,6,6.0,0.0,156862.7451,39215.68627,51.0,0.0,51,51,0,0.0,0.0,0,0,0,0.0,0.0,0,0,0,0,0,0,24,20,19607.84314,19607.84314,2,6,3.333333333,2.309401077,5.333333333,0,0,0,1,0,0,0,0,1,5.0,2.0,6.0,24,0,0,0,0,0,0,1,2,1,6,1024,0,0,24,0.0,0.0,0,0,0.0,0.0,0,0,PortScan
50006,77,1,1,2,6,2,2,2.0,0.0,6,6,6.0,0.0,103896.1039,25974.02597,77.0,0.0,77,77,0,0.0,0.0,0,0,0,0.0,0.0,0,0,0,0,0,0,24,20,12987.01299,12987.01299,2,6,3.333333333,2.309401077,5.333333333,0,0,0,1,0,0,0,0,1,5.0,2.0,6.0,24,0,0,0,0,0,0,1,2,1,6,1024,0,0,24,0.0,0.0,0,0,0.0,0.0,0,0,PortScan
1700,69,1,1,2,6,2,2,2.0,0.0,6,6,6.0,0.0,115942.029,28985.50725,69.0,0.0,69,69,0,0.0,0.0,0,0,0,0.0,0.0,0,0,0,0,0,0,24,20,14492.75362,14492.75362,2,6,3.333333333,2.309401077,5.333333333,0,0,0,1,0,0,0,0,1,5.0,2.0,6.0,24,0,0,0,0,0,0,1,2,1,6,1024,0,0,24,0.0,0.0,0,0,0.0,0.0,0,0,PortScan
18988,20,1,1,2,6,2,2,2.0,0.0,6,6,6.0,0.0,400000.0,100000.0,20.0,0.0,20,20,0,0.0,0.0,0,0,0,0.0,0.0,0,0,0,0,0,0,24,20,50000.0,50000.0,2,6,3.333333333,2.309401077,5.333333333,0,0,0,1,0,0,0,0,1,5.0,2.0,6.0,24,0,0,0,0,0,0,1,2,1,6,1024,0,0,24,0.0,0.0,0,0,0.0,0.0,0,0,PortScan
63331,53,1,1,2,6,2,2,2.0,0.0,6,6,6.0,0.0,150943.3962,37735.84906,53.0,0.0,53,53,0,0.0,0.0,0,0,0,0.0,0.0,0,0,0,0,0,0,24,20,18867.92453,18867.92453,2,6,3.333333333,2.309401077,5.333333333,0,0,0,1,0,0,0,0,1,5.0,2.0,6.0,24,0,0,0,0,0,0,1,2,1,6,1024,0,0,24,0.0,0.0,0,0,0.0,0.0,0,0,PortScan
50002,48,1,1,2,6,2,2,2.0,0.0,6,6,6.0,0.0,166666.6667,41666.66667,48.0,0.0,48,48,0,0.0,0.0,0,0,0,0.0,0.0,0,0,0,0,0,0,24,20,20833.33333,20833.33333,2,6,3.333333333,2.309401077,5.333333333,0,0,0,1,0,0,0,0,1,5.0,2.0,6.0,24,0,0,0,0,0,0,1,2,1,6,1024,0,0,24,0.0,0.0,0,0,0.0,0.0,0,0,PortScan
5915,30,1,1,2,6,2,2,2.0,0.0,6,6,6.0,0.0,266666.6667,66666.66667,30.0,0.0,30,30,0,0.0,0.0,0,0,0,0.0,0.0,0,0,0,0,0,0,24,20,33333.33333,33333.33333,2,6,3.333333333,2.309401077,5.333333333,0,0,0,1,0,0,0,0,1,5.0,2.0,6.0,24,0,0,0,0,0,0,1,2,1,6,1024,0,0,24,0.0,0.0,0,0,0.0,0.0,0,0,PortScan
1060,43,1,1,2,6,2,2,2.0,0.0,6,6,6.0,0.0,186046.5116,46511.62791,43.0,0.0,43,43,0,0.0,0.0,0,0,0,0.0,0.0,0,0,0,0,0,0,24,20,23255.81395,23255.81395,2,6,3.333333333,2.309401077,5.333333333,0,0,0,1,0,0,0,0,1,5.0,2.0,6.0,24,0,0,0,0,0,0,1,2,1,6,1024,0,0,24,0.0,0.0,0,0,0.0,0.0,0,0,PortScan
45100,48,1,1,2,6,2,2,2.0,0.0,6,6,6.0,0.0,166666.6667,41666.66667,48.0,0.0,48,48,0,0.0,0.0,0,0,0,0.0,0.0,0,0,0,0,0,0,24,20,20833.33333,20833.33333,2,6,3.333333333,2.309401077,5.333333333,0,0,0,1,0,0,0,0,1,5.0,2.0,6.0,24,0,0,0,0,0,0,1,2,1,6,1024,0,0,24,0.0,0.0,0,0,0.0,0.0,0,0,PortScan
50003,24,1,1,2,6,2,2,2.0,0.0,6,6,6.0,0.0,333333.3333,83333.33333,24.0,0.0,24,24,0,0.0,0.0,0,0,0,0.0,0.0,0,0,0,0,0,0,24,20,41666.66667,41666.66667,2,6,3.333333333,2.309401077,5.333333333,0,0,0,1,0,0,0,0,1,5.0,2.0,6.0,24,0,0,0,0,0,0,1,2,1,6,1024,0,0,24,0.0,0.0,0,0,0.0,0.0,0,0,PortScan
24,49,1,1,2,6,2,2,2.0,0.0,6,6,6.0,0.0,163265.3061,40816.32653,49.0,0.0,49,49,0,0.0,0.0,0,0,0,0.0,0.0,0,0,0,0,0,0,24,20,20408.16327,20408.16327,2,6,3.333333333,2.309401077,5.333333333,0,0,0,1,0,0,0,0,1,5.0,2.0,6.0,24,0,0,0,0,0,0,1,2,1,6,1024,0,0,24,0.0,0.0,0,0,0.0,0.0,0,0,PortScan
2382,33,1,1,2,6,2,2,2.0,0.0,6,6,6.0,0.0,242424.2424,60606.06061,33.0,0.0,33,33,0,0.0,0.0,0,0,0,0.0,0.0,0,0,0,0,0,0,24,20,30303.0303,30303.0303,2,6,3.333333333,2.309401077,5.333333333,0,0,0,1,0,0,0,0,1,5.0,2.0,6.0,24,0,0,0,0,0,0,1,2,1,6,1024,0,0,24,0.0,0.0,0,0,0.0,0.0,0,0,PortScan
5911,118,1,1,2,6,2,2,2.0,0.0,6,6,6.0,0.0,67796.61017,16949.15254,118.0,0.0,118,118,0,0.0,0.0,0,0,0,0.0,0.0,0,0,0,0,0,0,24,20,8474.576271,8474.576271,2,6,3.333333333,2.309401077,5.333333333,0,0,0,1,0,0,0,0,1,5.0,2.0,6.0,24,0,0,0,0,0,0,1,2,1,6,1024,0,0,24,0.0,0.0,0,0,0.0,0.0,0,0,PortScan
1063,42,1,1,2,6,2,2,2.0,0.0,6,6,6.0,0.0,190476.1905,47619.04762,42.0,0.0,42,42,0,0.0,0.0,0,0,0,0.0,0.0,0,0,0,0,0,0,24,20,23809.52381,23809.52381,2,6,3.333333333,2.309401077,5.333333333,0,0,0,1,0,0,0,0,1,5.0,2.0,6.0,24,0,0,0,0,0,0,1,2,1,6,1024,0,0,24,0.0,0.0,0,0,0.0,0.0,0,0,PortScan
23,101,1,1,2,6,2,2,2.0,0.0,6,6,6.0,0.0,79207.92079,19801.9802,101.0,0.0,101,101,0,0.0,0.0,0,0,0,0.0,0.0,0,0,0,0,0,0,24,20,9900.990099,9900.990099,2,6,3.333333333,2.309401077,5.333333333,0,0,0,1,0,0,0,0,1,5.0,2.0,6.0,24,0,0,0,0,0,0,1,2,1,6,1024,0,0,24,0.0,0.0,0,0,0.0,0.0,0,0,PortScan
1064,42,1,1,2,6,2,2,2.0,0.0,6,6,6.0,0.0,190476.1905,47619.04762,42.0,0.0,42,42,0,0.0,0.0,0,0,0,0.0,0.0,0,0,0,0,0,0,24,20,23809.52381,23809.52381,2,6,3.333333333,2.309401077,5.333333333,0,0,0,1,0,0,0,0,1,5.0,2.0,6.0,24,0,0,0,0,0,0,1,2,1,6,1024,0,0,24,0.0,0.0,0,0,0.0,0.0,0,0,PortScan
2381,63,1,1,2,6,2,2,2.0,0.0,6,6,6.0,0.0,126984.127,31746.03175,63.0,0.0,63,63,0,0.0,0.0,0,0,0,0.0,0.0,0,0,0,0,0,0,24,20,15873.01587,15873.01587,2,6,3.333333333,2.309401077,5.333333333,0,0,0,1,0,0,0,0,1,5.0,2.0,6.0,24,0,0,0,0,0,0,1,2,1,6,1024,0,0,24,0.0,0.0,0,0,0.0,0.0,0,0,PortScan
26,102,1,1,2,6,2,2,2.0,0.0,6,6,6.0,0.0,78431.37255,19607.84314,102.0,0.0,102,102,0,0.0,0.0,0,0,0,0.0,0.0,0,0,0,0,0,0,24,20,9803.921569,9803.921569,2,6,3.333333333,2.309401077,5.333333333,0,0,0,1,0,0,0,0,1,5.0,2.0,6.0,24,0,0,0,0,0,0,1,2,1,6,1024,0,0,24,0.0,0.0,0,0,0.0,0.0,0,0,PortScan
1061,5,1,1,2,6,2,2,2.0,0.0,6,6,6.0,0.0,1600000.0,400000.0,5.0,0.0,5,5,0,0.0,0.0,0,0,0,0.0,0.0,0,0,0,0,0,0,24,20,200000.0,200000.0,2,6,3.333333333,2.309401077,5.333333333,0,0,0,1,0,0,0,0,1,5.0,2.0,6.0,24,0,0,0,0,0,0,1,2,1,6,1024,0,0,24,0.0,0.0,0,0,0.0,0.0,0,0,PortScan
10566,49,1,1,2,6,2,2,2.0,0.0,6,6,6.0,0.0,163265.3061,40816.32653,49.0,0.0,49,49,0,0.0,0.0,0,0,0,0.0,0.0,0,0,0,0,0,0,24,20,20408.16327,20408.16327,2,6,3.333333333,2.309401077,5.333333333,0,0,0,1,0,0,0,0,1,5.0,2.0,6.0,24,0,0,0,0,0,0,1,2,1,6,1024,0,0,24,0.0,0.0,0,0,0.0,0.0,0,0,PortScan
50000,50,1,1,2,6,2,2,2.0,0.0,6,6,6.0,0.0,160000.0,40000.0,50.0,0.0,50,50,0,0.0,0.0,0,0,0,0.0,0.0,0,0,0,0,0,0,24,20,20000.0,20000.0,2,6,3.333333333,2.309401077,5.333333333,0,0,0,1,0,0,0,0,1,5.0,2.0,6.0,24,0,0,0,0,0,0,1,2,1,6,1024,0,0,24,0.0,0.0,0,0,0.0,0.0,0,0,PortScan
25,118,1,1,2,6,2,2,2.0,0.0,6,6,6.0,0.0,67796.61017,16949.15254,118.0,0.0,118,118,0,0.0,0.0,0,0,0,0.0,0.0,0,0,0,0,0,0,24,20,8474.576271,8474.576271,2,6,3.333333333,2.309401077,5.333333333,0,0,0,1,0,0,0,0,1,5.0,2.0,6.0,24,0,0,0,0,0,0,1,2,1,6,1024,0,0,24,0.0,0.0,0,0,0.0,0.0,0,0,PortScan
1062,52,1,1,2,6,2,2,2.0,0.0,6,6,6.0,0.0,153846.1538,38461.53846,52.0,0.0,52,52,0,0.0,0.0,0,0,0,0.0,0.0,0,0,0,0,0,0,24,20,19230.76923,19230.76923,2,6,3.333333333,2.309401077,5.333333333,0,0,0,1,0,0,0,0,1,5.0,2.0,6.0,24,0,0,0,0,0,0,1,2,1,6,1024,0,0,24,0.0,0.0,0,0,0.0,0.0,0,0,PortScan
50001,62,1,1,2,6,2,2,2.0,0.0,6,6,6.0,0.0,129032.2581,32258.06452,62.0,0.0,62,62,0,0.0,0.0,0,0,0,0.0,0.0,0,0,0,0,0,0,24,20,16129.03226,16129.03226,2,6,3.333333333,2.309401077,5.333333333,0,0,0,1,0,0,0,0,1,5.0,2.0,6.0,24,0,0,0,0,0,0,1,2,1,6,1024,0,0,24,0.0,0.0,0,0,0.0,0.0,0,0,PortScan
33,41,1,1,2,6,2,2,2.0,0.0,6,6,6.0,0.0,195121.9512,48780.4878,41.0,0.0,41,41,0,0.0,0.0,0,0,0,0.0,0.0,0,0,0,0,0,0,24,20,24390.2439,24390.2439,2,6,3.333333333,2.309401077,5.333333333,0,0,0,1,0,0,0,0,1,5.0,2.0,6.0,24,0,0,0,0,0,0,1,2,1,6,1024,0,0,24,0.0,0.0,0,0,0.0,0.0,0,0,PortScan
1067,32,1,1,2,6,2,2,2.0,0.0,6,6,6.0,0.0,250000.0,62500.0,32.0,0.0,32,32,0,0.0,0.0,0,0,0,0.0,0.0,0,0,0,0,0,0,24,20,31250.0,31250.0,2,6,3.333333333,2.309401077,5.333333333,0,0,0,1,0,0,0,0,1,5.0,2.0,6.0,24,0,0,0,0,0,0,1,2,1,6,1024,0,0,24,0.0,0.0,0,0,0.0,0.0,0,0,PortScan
32,77,1,1,2,6,2,2,2.0,0.0,6,6,6.0,0.0,103896.1039,25974.02597,77.0,0.0,77,77,0,0.0,0.0,0,0,0,0.0,0.0,0,0,0,0,0,0,24,20,12987.01299,12987.01299,2,6,3.333333333,2.309401077,5.333333333,0,0,0,1,0,0,0,0,1,5.0,2.0,6.0,24,0,0,0,0,0,0,1,2,1,6,1024,0,0,24,0.0,0.0,0,0,0.0,0.0,0,0,PortScan
1068,44,1,1,2,6,2,2,2.0,0.0,6,6,6.0,0.0,181818.1818,45454.54545,44.0,0.0,44,44,0,0.0,0.0,0,0,0,0.0,0.0,0,0,0,0,0,0,24,20,22727.27273,22727.27273,2,6,3.333333333,2.309401077,5.333333333,0,0,0,1,0,0,0,0,1,5.0,2.0,6.0,24,0,0,0,0,0,0,1,2,1,6,1024,0,0,24,0.0,0.0,0,0,0.0,0.0,0,0,PortScan
8022,43,1,1,2,6,2,2,2.0,0.0,6,6,6.0,0.0,186046.5116,46511.62791,43.0,0.0,43,43,0,0.0,0.0,0,0,0,0.0,0.0,0,0,0,0,0,0,24,20,23255.81395,23255.81395,2,6,3.333333333,2.309401077,5.333333333,0,0,0,1,0,0,0,0,1,5.0,2.0,6.0,24,0,0,0,0,0,0,1,2,1,6,1024,0,0,24,0.0,0.0,0,0,0.0,0.0,0,0,PortScan
1065,69,1,1,2,6,2,2,2.0,0.0,6,6,6.0,0.0,115942.029,28985.50725,69.0,0.0,69,69,0,0.0,0.0,0,0,0,0.0,0.0,0,0,0,0,0,0,24,20,14492.75362,14492.75362,2,6,3.333333333,2.309401077,5.333333333,0,0,0,1,0,0,0,0,1,5.0,2.0,6.0,24,0,0,0,0,0,0,1,2,1,6,1024,0,0,24,0.0,0.0,0,0,0.0,0.0,0,0,PortScan
2383,67,1,1,2,6,2,2,2.0,0.0,6,6,6.0,0.0,119402.9851,29850.74627,67.0,0.0,67,67,0,0.0,0.0,0,0,0,0.0,0.0,0,0,0,0,0,0,24,20,14925.37313,14925.37313,2,6,3.333333333,2.309401077,5.333333333,0,0,0,1,0,0,0,0,1,5.0,2.0,6.0,24,0,0,0,0,0,0,1,2,1,6,1024,0,0,24,0.0,0.0,0,0,0.0,0.0,0,0,PortScan
1066,55,1,1,2,6,2,2,2.0,0.0,6,6,6.0,0.0,145454.5455,36363.63636,55.0,0.0,55,55,0,0.0,0.0,0,0,0,0.0,0.0,0,0,0,0,0,0,24,20,18181.81818,18181.81818,2,6,3.333333333,2.309401077,5.333333333,0,0,0,1,0,0,0,0,1,5.0,2.0,6.0,24,0,0,0,0,0,0,1,2,1,6,1024,0,0,24,0.0,0.0,0,0,0.0,0.0,0,0,PortScan
34571,59,1,1,2,6,2,2,2.0,0.0,6,6,6.0,0.0,135593.2203,33898.30508,59.0,0.0,59,59,0,0.0,0.0,0,0,0,0.0,0.0,0,0,0,0,0,0,24,20,16949.15254,16949.15254,2,6,3.333333333,2.309401077,5.333333333,0,0,0,1,0,0,0,0,1,5.0,2.0,6.0,24,0,0,0,0,0,0,1,2,1,6,1024,0,0,24,0.0,0.0,0,0,0.0,0.0,0,0,PortScan
9485,64,1,1,2,6,2,2,2.0,0.0,6,6,6.0,0.0,125000.0,31250.0,64.0,0.0,64,64,0,0.0,0.0,0,0,0,0.0,0.0,0,0,0,0,0,0,24,20,15625.0,15625.0,2,6,3.333333333,2.309401077,5.333333333,0,0,0,1,0,0,0,0,1,5.0,2.0,6.0,24,0,0,0,0,0,0,1,2,1,6,1024,0,0,24,0.0,0.0,0,0,0.0,0.0,0,0,PortScan
1069,42,1,1,2,6,2,2,2.0,0.0,6,6,6.0,0.0,190476.1905,47619.04762,42.0,0.0,42,42,0,0.0,0.0,0,0,0,0.0,0.0,0,0,0,0,0,0,24,20,23809.52381,23809.52381,2,6,3.333333333,2.309401077,5.333333333,0,0,0,1,0,0,0,0,1,5.0,2.0,6.0,24,0,0,0,0,0,0,1,2,1,6,1024,0,0,24,0.0,0.0,0,0,0.0,0.0,0,0,PortScan
30,93,1,1,2,6,2,2,2.0,0.0,6,6,6.0,0.0,86021.50538,21505.37634,93.0,0.0,93,93,0,0.0,0.0,0,0,0,0.0,0.0,0,0,0,0,0,0,24,20,10752.68817,10752.68817,2,6,3.333333333,2.309401077,5.333333333,0,0,0,1,0,0,0,0,1,5.0,2.0,6.0,24,0,0,0,0,0,0,1,2,1,6,1024,0,0,24,0.0,0.0,0,0,0.0,0.0,0,0,PortScan
7777,43,1,1,2,6,2,2,2.0,0.0,6,6,6.0,0.0,186046.5116,46511.62791,43.0,0.0,43,43,0,0.0,0.0,0,0,0,0.0,0.0,0,0,0,0,0,0,24,20,23255.81395,23255.81395,2,6,3.333333333,2.309401077,5.333333333,0,0,0,1,0,0,0,0,1,5.0,2.0,6.0,24,0,0,0,0,0,0,1,2,1,6,1024,0,0,24,0.0,0.0,0,0,0.0,0.0,0,0,PortScan
2103,43,1,1,2,6,2,2,2.0,0.0,6,6,6.0,0.0,186046.5116,46511.62791,43.0,0.0,43,43,0,0.0,0.0,0,0,0,0.0,0.0,0,0,0,0,0,0,24,20,23255.81395,23255.81395,2,6,3.333333333,2.309401077,5.333333333,0,0,0,1,0,0,0,0,1,5.0,2.0,6.0,24,0,0,0,0,0,0,1,2,1,6,1024,0,0,24,0.0,0.0,0,0,0.0,0.0,0,0,PortScan
34573,63,1,1,2,6,2,2,2.0,0.0,6,6,6.0,0.0,126984.127,31746.03175,63.0,0.0,63,63,0,0.0,0.0,0,0,0,0.0,0.0,0,0,0,0,0,0,24,20,15873.01587,15873.01587,2,6,3.333333333,2.309401077,5.333333333,0,0,0,1,0,0,0,0,1,5.0,2.0,6.0,24,0,0,0,0,0,0,1,2,1,6,1024,0,0,24,0.0,0.0,0,0,0.0,0.0,0,0,PortScan
2100,40,1,1,2,6,2,2,2.0,0.0,6,6,6.0,0.0,200000.0,50000.0,40.0,0.0,40,40,0,0.0,0.0,0,0,0,0.0,0.0,0,0,0,0,0,0,24,20,25000.0,25000.0,2,6,3.333333333,2.309401077,5.333333333,0,0,0,1,0,0,0,0,1,5.0,2.0,6.0,24,0,0,0,0,0,0,1,2,1,6,1024,0,0,24,0.0,0.0,0,0,0.0,0.0,0,0,PortScan
34572,49,1,1,2,6,2,2,2.0,0.0,6,6,6.0,0.0,163265.3061,40816.32653,49.0,0.0,49,49,0,0.0,0.0,0,0,0,0.0,0.0,0,0,0,0,0,0,24,20,20408.16327,20408.16327,2,6,3.333333333,2.309401077,5.333333333,0,0,0,1,0,0,0,0,1,5.0,2.0,6.0,24,0,0,0,0,0,0,1,2,1,6,1024,0,0,24,0.0,0.0,0,0,0.0,0.0,0,0,PortScan
7778,43,1,1,2,6,2,2,2.0,0.0,6,6,6.0,0.0,186046.5116,46511.62791,43.0,0.0,43,43,0,0.0,0.0,0,0,0,0.0,0.0,0,0,0,0,0,0,24,20,23255.81395,23255.81395,2,6,3.333333333,2.309401077,5.333333333,0,0,0,1,0,0,0,0,1,5.0,2.0,6.0,24,0,0,0,0,0,0,1,2,1,6,1024,0,0,24,0.0,0.0,0,0,0.0,0.0,0,0,PortScan
9200,73,1,1,2,6,2,2,2.0,0.0,6,6,6.0,0.0,109589.0411,27397.26027,73.0,0.0,73,73,0,0.0,0.0,0,0,0,0.0,0.0,0,0,0,0,0,0,24,20,13698.63014,13698.63014,2,6,3.333333333,2.309401077,5.333333333,0,0,0,1,0,0,0,0,1,5.0,2.0,6.0,24,0,0,0,0,0,0,1,2,1,6,1024,0,0,24,0.0,0.0,0,0,0.0,0.0,0,0,PortScan
2107,43,1,1,2,6,2,2,2.0,0.0,6,6,6.0,0.0,186046.5116,46511.62791,43.0,0.0,43,43,0,0.0,0.0,0,0,0,0.0,0.0,0,0,0,0,0,0,24,20,23255.81395,23255.81395,2,6,3.333333333,2.309401077,5.333333333,0,0,0,1,0,0,0,0,1,5.0,2.0,6.0,24,0,0,0,0,0,0,1,2,1,6,1024,0,0,24,0.0,0.0,0,0,0.0,0.0,0,0,PortScan
1998,29,1,1,2,6,2,2,2.0,0.0,6,6,6.0,0.0,275862.069,68965.51724,29.0,0.0,29,29,0,0.0,0.0,0,0,0,0.0,0.0,0,0,0,0,0,0,24,20,34482.75862,34482.75862,2,6,3.333333333,2.309401077,5.333333333,0,0,0,1,0,0,0,0,1,5.0,2.0,6.0,24,0,0,0,0,0,0,1,2,1,6,1024,0,0,24,0.0,0.0,0,0,0.0,0.0,0,0,PortScan
2106,11,1,1,2,6,2,2,2.0,0.0,6,6,6.0,0.0,727272.7273,181818.1818,11.0,0.0,11,11,0,0.0,0.0,0,0,0,0.0,0.0,0,0,0,0,0,0,24,20,90909.09091,90909.09091,2,6,3.333333333,2.309401077,5.333333333,0,0,0,1,0,0,0,0,1,5.0,2.0,6.0,24,0,0,0,0,0,0,1,2,1,6,1024,0,0,24,0.0,0.0,0,0,0.0,0.0,0,0,PortScan
2105,11,1,1,2,6,2,2,2.0,0.0,6,6,6.0,0.0,727272.7273,181818.1818,11.0,0.0,11,11,0,0.0,0.0,0,0,0,0.0,0.0,0,0,0,0,0,0,24,20,90909.09091,90909.09091,2,6,3.333333333,2.309401077,5.333333333,0,0,0,1,0,0,0,0,1,5.0,2.0,6.0,24,0,0,0,0,0,0,1,2,1,6,1024,0,0,24,0.0,0.0,0,0,0.0,0.0,0,0,PortScan
5800,45,1,1,2,6,2,2,2.0,0.0,6,6,6.0,0.0,177777.7778,44444.44444,45.0,0.0,45,45,0,0.0,0.0,0,0,0,0.0,0.0,0,0,0,0,0,0,24,20,22222.22222,22222.22222,2,6,3.333333333,2.309401077,5.333333333,0,0,0,1,0,0,0,0,1,5.0,2.0,6.0,24,0,0,0,0,0,0,1,2,1,6,1024,0,0,24,0.0,0.0,0,0,0.0,0.0,0,0,PortScan
1090,47,1,1,2,6,2,2,2.0,0.0,6,6,6.0,0.0,170212.766,42553.19149,47.0,0.0,47,47,0,0.0,0.0,0,0,0,0.0,0.0,0,0,0,0,0,0,24,20,21276.59574,21276.59574,2,6,3.333333333,2.309401077,5.333333333,0,0,0,1,0,0,0,0,1,5.0,2.0,6.0,24,0,0,0,0,0,0,1,2,1,6,1024,0,0,24,0.0,0.0,0,0,0.0,0.0,0,0,PortScan
8192,14,1,1,2,6,2,2,2.0,0.0,6,6,6.0,0.0,571428.5714,142857.1429,14.0,0.0,14,14,0,0.0,0.0,0,0,0,0.0,0.0,0,0,0,0,0,0,24,20,71428.57143,71428.57143,2,6,3.333333333,2.309401077,5.333333333,0,0,0,1,0,0,0,0,1,5.0,2.0,6.0,24,0,0,0,0,0,0,1,2,1,6,1024,0,0,24,0.0,0.0,0,0,0.0,0.0,0,0,PortScan
5801,71,1,1,2,6,2,2,2.0,0.0,6,6,6.0,0.0,112676.0563,28169.01408,71.0,0.0,71,71,0,0.0,0.0,0,0,0,0.0,0.0,0,0,0,0,0,0,24,20,14084.50704,14084.50704,2,6,3.333333333,2.309401077,5.333333333,0,0,0,1,0,0,0,0,1,5.0,2.0,6.0,24,0,0,0,0,0,0,1,2,1,6,1024,0,0,24,0.0,0.0,0,0,0.0,0.0,0,0,PortScan
1091,55,1,1,2,6,2,2,2.0,0.0,6,6,6.0,0.0,145454.5455,36363.63636,55.0,0.0,55,55,0,0.0,0.0,0,0,0,0.0,0.0,0,0,0,0,0,0,24,20,18181.81818,18181.81818,2,6,3.333333333,2.309401077,5.333333333,0,0,0,1,0,0,0,0,1,5.0,2.0,6.0,24,0,0,0,0,0,0,1,2,1,6,1024,0,0,24,0.0,0.0,0,0,0.0,0.0,0,0,PortScan
5802,40,1,1,2,6,2,2,2.0,0.0,6,6,6.0,0.0,200000.0,50000.0,40.0,0.0,40,40,0,0.0,0.0,0,0,0,0.0,0.0,0,0,0,0,0,0,24,20,25000.0,25000.0,2,6,3.333333333,2.309401077,5.333333333,0,0,0,1,0,0,0,0,1,5.0,2.0,6.0,24,0,0,0,0,0,0,1,2,1,6,1024,0,0,24,0.0,0.0,0,0,0.0,0.0,0,0,PortScan
8194,77,1,1,2,6,2,2,2.0,0.0,6,6,6.0,0.0,103896.1039,25974.02597,77.0,0.0,77,77,0,0.0,0.0,0,0,0,0.0,0.0,0,0,0,0,0,0,24,20,12987.01299,12987.01299,2,6,3.333333333,2.309401077,5.333333333,0,0,0,1,0,0,0,0,1,5.0,2.0,6.0,24,0,0,0,0,0,0,1,2,1,6,1024,0,0,24,0.0,0.0,0,0,0.0,0.0,0,0,PortScan
563,30,1,1,2,6,2,2,2.0,0.0,6,6,6.0,0.0,266666.6667,66666.66667,30.0,0.0,30,30,0,0.0,0.0,0,0,0,0.0,0.0,0,0,0,0,0,0,24,20,33333.33333,33333.33333,2,6,3.333333333,2.309401077,5.333333333,0,0,0,1,0,0,0,0,1,5.0,2.0,6.0,24,0,0,0,0,0,0,1,2,1,6,1024,0,0,24,0.0,0.0,0,0,0.0,0.0,0,0,PortScan
3306,45,1,1,2,6,2,2,2.0,0.0,6,6,6.0,0.0,177777.7778,44444.44444,45.0,0.0,45,45,0,0.0,0.0,0,0,0,0.0,0.0,0,0,0,0,0,0,24,20,22222.22222,22222.22222,2,6,3.333333333,2.309401077,5.333333333,0,0,0,1,0,0,0,0,1,5.0,2.0,6.0,24,0,0,0,0,0,0,1,2,1,6,1024,0,0,24,0.0,0.0,0,0,0.0,0.0,0,0,PortScan
8193,52,1,1,2,6,2,2,2.0,0.0,6,6,6.0,0.0,153846.1538,38461.53846,52.0,0.0,52,52,0,0.0,0.0,0,0,0,0.0,0.0,0,0,0,0,0,0,24,20,19230.76923,19230.76923,2,6,3.333333333,2.309401077,5.333333333,0,0,0,1,0,0,0,0,1,5.0,2.0,6.0,24,0,0,0,0,0,0,1,2,1,6,1024,0,0,24,0.0,0.0,0,0,0.0,0.0,0,0,PortScan
1094,62,1,1,2,6,2,2,2.0,0.0,6,6,6.0,0.0,129032.2581,32258.06452,62.0,0.0,62,62,0,0.0,0.0,0,0,0,0.0,0.0,0,0,0,0,0,0,24,20,16129.03226,16129.03226,2,6,3.333333333,2.309401077,5.333333333,0,0,0,1,0,0,0,0,1,5.0,2.0,6.0,24,0,0,0,0,0,0,1,2,1,6,1024,0,0,24,0.0,0.0,0,0,0.0,0.0,0,0,PortScan
1095,15,1,1,2,6,2,2,2.0,0.0,6,6,6.0,0.0,533333.3333,133333.3333,15.0,0.0,15,15,0,0.0,0.0,0,0,0,0.0,0.0,0,0,0,0,0,0,24,20,66666.66667,66666.66667,2,6,3.333333333,2.309401077,5.333333333,0,0,0,1,0,0,0,0,1,5.0,2.0,6.0,24,0,0,0,0,0,0,1,2,1,6,1024,0,0,24,0.0,0.0,0,0,0.0,0.0,0,0,PortScan
1092,65,1,1,2,6,2,2,2.0,0.0,6,6,6.0,0.0,123076.9231,30769.23077,65.0,0.0,65,65,0,0.0,0.0,0,0,0,0.0,0.0,0,0,0,0,0,0,24,20,15384.61538,15384.61538,2,6,3.333333333,2.309401077,5.333333333,0,0,0,1,0,0,0,0,1,5.0,2.0,6.0,24,0,0,0,0,0,0,1,2,1,6,1024,0,0,24,0.0,0.0,0,0,0.0,0.0,0,0,PortScan
2910,86,1,1,2,6,2,2,2.0,0.0,6,6,6.0,0.0,93023.25581,23255.81395,86.0,0.0,86,86,0,0.0,0.0,0,0,0,0.0,0.0,0,0,0,0,0,0,24,20,11627.90698,11627.90698,2,6,3.333333333,2.309401077,5.333333333,0,0,0,1,0,0,0,0,1,5.0,2.0,6.0,24,0,0,0,0,0,0,1,2,1,6,1024,0,0,24,0.0,0.0,0,0,0.0,0.0,0,0,PortScan
1093,52,1,1,2,6,2,2,2.0,0.0,6,6,6.0,0.0,153846.1538,38461.53846,52.0,0.0,52,52,0,0.0,0.0,0,0,0,0.0,0.0,0,0,0,0,0,0,24,20,19230.76923,19230.76923,2,6,3.333333333,2.309401077,5.333333333,0,0,0,1,0,0,0,0,1,5.0,2.0,6.0,24,0,0,0,0,0,0,1,2,1,6,1024,0,0,24,0.0,0.0,0,0,0.0,0.0,0,0,PortScan
427,54,1,1,2,6,2,2,2.0,0.0,6,6,6.0,0.0,148148.1481,37037.03704,54.0,0.0,54,54,0,0.0,0.0,0,0,0,0.0,0.0,0,0,0,0,0,0,24,20,18518.51852,18518.51852,2,6,3.333333333,2.309401077,5.333333333,0,0,0,1,0,0,0,0,1,5.0,2.0,6.0,24,0,0,0,0,0,0,1,2,1,6,1024,0,0,24,0.0,0.0,0,0,0.0,0.0,0,0,PortScan
1098,49,1,1,2,6,2,2,2.0,0.0,6,6,6.0,0.0,163265.3061,40816.32653,49.0,0.0,49,49,0,0.0,0.0,0,0,0,0.0,0.0,0,0,0,0,0,0,24,20,20408.16327,20408.16327,2,6,3.333333333,2.309401077,5.333333333,0,0,0,1,0,0,0,0,1,5.0,2.0,6.0,24,0,0,0,0,0,0,1,2,1,6,1024,0,0,24,0.0,0.0,0,0,0.0,0.0,0,0,PortScan
1099,10,1,1,2,6,2,2,2.0,0.0,6,6,6.0,0.0,800000.0,200000.0,10.0,0.0,10,10,0,0.0,0.0,0,0,0,0.0,0.0,0,0,0,0,0,0,24,20,100000.0,100000.0,2,6,3.333333333,2.309401077,5.333333333,0,0,0,1,0,0,0,0,1,5.0,2.0,6.0,24,0,0,0,0,0,0,1,2,1,6,1024,0,0,24,0.0,0.0,0,0,0.0,0.0,0,0,PortScan
1096,32,1,1,2,6,2,2,2.0,0.0,6,6,6.0,0.0,250000.0,62500.0,32.0,0.0,32,32,0,0.0,0.0,0,0,0,0.0,0.0,0,0,0,0,0,0,24,20,31250.0,31250.0,2,6,3.333333333,2.309401077,5.333333333,0,0,0,1,0,0,0,0,1,5.0,2.0,6.0,24,0,0,0,0,0,0,1,2,1,6,1024,0,0,24,0.0,0.0,0,0,0.0,0.0,0,0,PortScan
425,44,1,1,2,6,2,2,2.0,0.0,6,6,6.0,0.0,181818.1818,45454.54545,44.0,0.0,44,44,0,0.0,0.0,0,0,0,0.0,0.0,0,0,0,0,0,0,24,20,22727.27273,22727.27273,2,6,3.333333333,2.309401077,5.333333333,0,0,0,1,0,0,0,0,1,5.0,2.0,6.0,24,0,0,0,0,0,0,1,2,1,6,1024,0,0,24,0.0,0.0,0,0,0.0,0.0,0,0,PortScan
1097,43,1,1,2,6,2,2,2.0,0.0,6,6,6.0,0.0,186046.5116,46511.62791,43.0,0.0,43,43,0,0.0,0.0,0,0,0,0.0,0.0,0,0,0,0,0,0,24,20,23255.81395,23255.81395,2,6,3.333333333,2.309401077,5.333333333,0,0,0,1,0,0,0,0,1,5.0,2.0,6.0,24,0,0,0,0,0,0,1,2,1,6,1024,0,0,24,0.0,0.0,0,0,0.0,0.0,0,0,PortScan
37,4,1,1,2,6,2,2,2.0,0.0,6,6,6.0,0.0,2000000.0,500000.0,4.0,0.0,4,4,0,0.0,0.0,0,0,0,0.0,0.0,0,0,0,0,0,0,24,20,250000.0,250000.0,2,6,3.333333333,2.309401077,5.333333333,0,0,0,1,0,0,0,0,1,5.0,2.0,6.0,24,0,0,0,0,0,0,1,2,1,6,1024,0,0,24,0.0,0.0,0,0,0.0,0.0,0,0,PortScan
64680,48,1,1,2,6,2,2,2.0,0.0,6,6,6.0,0.0,166666.6667,41666.66667,48.0,0.0,48,48,0,0.0,0.0,0,0,0,0.0,0.0,0,0,0,0,0,0,24,20,20833.33333,20833.33333,2,6,3.333333333,2.309401077,5.333333333,0,0,0,1,0,0,0,0,1,5.0,2.0,6.0,24,0,0,0,0,0,0,1,2,1,6,1024,0,0,24,0.0,0.0,0,0,0.0,0.0,0,0,PortScan
52673,74,1,1,2,6,2,2,2.0,0.0,6,6,6.0,0.0,108108.1081,27027.02703,74.0,0.0,74,74,0,0.0,0.0,0,0,0,0.0,0.0,0,0,0,0,0,0,24,20,13513.51351,13513.51351,2,6,3.333333333,2.309401077,5.333333333,0,0,0,1,0,0,0,0,1,5.0,2.0,6.0,24,0,0,0,0,0,0,1,2,1,6,1024,0,0,24,0.0,0.0,0,0,0.0,0.0,0,0,PortScan
6346,18,1,1,2,6,2,2,2.0,0.0,6,6,6.0,0.0,444444.4444,111111.1111,18.0,0.0,18,18,0,0.0,0.0,0,0,0,0.0,0.0,0,0,0,0,0,0,24,20,55555.55556,55555.55556,2,6,3.333333333,2.309401077,5.333333333,0,0,0,1,0,0,0,0,1,5.0,2.0,6.0,24,0,0,0,0,0,0,1,2,1,6,1024,0,0,24,0.0,0.0,0,0,0.0,0.0,0,0,PortScan
42,68,1,1,2,6,2,2,2.0,0.0,6,6,6.0,0.0,117647.0588,29411.76471,68.0,0.0,68,68,0,0.0,0.0,0,0,0,0.0,0.0,0,0,0,0,0,0,24,20,14705.88235,14705.88235,2,6,3.333333333,2.309401077,5.333333333,0,0,0,1,0,0,0,0,1,5.0,2.0,6.0,24,0,0,0,0,0,0,1,2,1,6,1024,0,0,24,0.0,0.0,0,0,0.0,0.0,0,0,PortScan
2135,2,1,1,2,6,2,2,2.0,0.0,6,6,6.0,0.0,4000000.0,1000000.0,2.0,0.0,2,2,0,0.0,0.0,0,0,0,0.0,0.0,0,0,0,0,0,0,24,20,500000.0,500000.0,2,6,3.333333333,2.309401077,5.333333333,0,0,0,1,0,0,0,0,1,5.0,2.0,6.0,24,0,0,0,0,0,0,1,2,1,6,1024,0,0,24,0.0,0.0,0,0,0.0,0.0,0,0,PortScan
43,71,1,1,2,6,2,2,2.0,0.0,6,6,6.0,0.0,112676.0563,28169.01408,71.0,0.0,71,71,0,0.0,0.0,0,0,0,0.0,0.0,0,0,0,0,0,0,24,20,14084.50704,14084.50704,2,6,3.333333333,2.309401077,5.333333333,0,0,0,1,0,0,0,0,1,5.0,2.0,6.0,24,0,0,0,0,0,0,1,2,1,6,1024,0,0,24,0.0,0.0,0,0,0.0,0.0,0,0,PortScan
5950,44,1,1,2,6,2,2,2.0,0.0,6,6,6.0,0.0,181818.1818,45454.54545,44.0,0.0,44,44,0,0.0,0.0,0,0,0,0.0,0.0,0,0,0,0,0,0,24,20,22727.27273,22727.27273,2,6,3.333333333,2.309401077,5.333333333,0,0,0,1,0,0,0,0,1,5.0,2.0,6.0,24,0,0,0,0,0,0,1,2,1,6,1024,0,0,24,0.0,0.0,0,0,0.0,0.0,0,0,PortScan
5952,98,1,1,2,6,2,2,2.0,0.0,6,6,6.0,0.0,81632.65306,20408.16327,98.0,0.0,98,98,0,0.0,0.0,0,0,0,0.0,0.0,0,0,0,0,0,0,24,20,10204.08163,10204.08163,2,6,3.333333333,2.309401077,5.333333333,0,0,0,1,0,0,0,0,1,5.0,2.0,6.0,24,0,0,0,0,0,0,1,2,1,6,1024,0,0,24,0.0,0.0,0,0,0.0,0.0,0,0,PortScan
24800,44,1,1,2,6,2,2,2.0,0.0,6,6,6.0,0.0,181818.1818,45454.54545,44.0,0.0,44,44,0,0.0,0.0,0,0,0,0.0,0.0,0,0,0,0,0,0,24,20,22727.27273,22727.27273,2,6,3.333333333,2.309401077,5.333333333,0,0,0,1,0,0,0,0,1,5.0,2.0,6.0,24,0,0,0,0,0,0,1,2,1,6,1024,0,0,24,0.0,0.0,0,0,0.0,0.0,0,0,PortScan
56738,83,1,1,2,6,2,2,2.0,0.0,6,6,6.0,0.0,96385.54217,24096.38554,83.0,0.0,83,83,0,0.0,0.0,0,0,0,0.0,0.0,0,0,0,0,0,0,24,20,12048.19277,12048.19277,2,6,3.333333333,2.309401077,5.333333333,0,0,0,1,0,0,0,0,1,5.0,2.0,6.0,24,0,0,0,0,0,0,1,2,1,6,1024,0,0,24,0.0,0.0,0,0,0.0,0.0,0,0,PortScan
56737,109,1,1,2,6,2,2,2.0,0.0,6,6,6.0,0.0,73394.49541,18348.62385,109.0,0.0,109,109,0,0.0,0.0,0,0,0,0.0,0.0,0,0,0,0,0,0,24,20,9174.311927,9174.311927,2,6,3.333333333,2.309401077,5.333333333,0,0,0,1,0,0,0,0,1,5.0,2.0,6.0,24,0,0,0,0,0,0,1,2,1,6,1024,0,0,24,0.0,0.0,0,0,0.0,0.0,0,0,PortScan
1723,22,1,1,2,6,2,2,2.0,0.0,6,6,6.0,0.0,363636.3636,90909.09091,22.0,0.0,22,22,0,0.0,0.0,0,0,0,0.0,0.0,0,0,0,0,0,0,24,20,45454.54545,45454.54545,2,6,3.333333333,2.309401077,5.333333333,0,0,0,1,0,0,0,0,1,5.0,2.0,6.0,24,0,0,0,0,0,0,1,2,1,6,1024,0,0,24,0.0,0.0,0,0,0.0,0.0,0,0,PortScan
8181,43,1,1,2,6,2,2,2.0,0.0,6,6,6.0,0.0,186046.5116,46511.62791,43.0,0.0,43,43,0,0.0,0.0,0,0,0,0.0,0.0,0,0,0,0,0,0,24,20,23255.81395,23255.81395,2,6,3.333333333,2.309401077,5.333333333,0,0,0,1,0,0,0,0,1,5.0,2.0,6.0,24,0,0,0,0,0,0,1,2,1,6,1024,0,0,24,0.0,0.0,0,0,0.0,0.0,0,0,PortScan
1720,43,1,1,2,6,2,2,2.0,0.0,6,6,6.0,0.0,186046.5116,46511.62791,43.0,0.0,43,43,0,0.0,0.0,0,0,0,0.0,0.0,0,0,0,0,0,0,24,20,23255.81395,23255.81395,2,6,3.333333333,2.309401077,5.333333333,0,0,0,1,0,0,0,0,1,5.0,2.0,6.0,24,0,0,0,0,0,0,1,2,1,6,1024,0,0,24,0.0,0.0,0,0,0.0,0.0,0,0,PortScan
8180,43,1,1,2,6,2,2,2.0,0.0,6,6,6.0,0.0,186046.5116,46511.62791,43.0,0.0,43,43,0,0.0,0.0,0,0,0,0.0,0.0,0,0,0,0,0,0,24,20,23255.81395,23255.81395,2,6,3.333333333,2.309401077,5.333333333,0,0,0,1,0,0,0,0,1,5.0,2.0,6.0,24,0,0,0,0,0,0,1,2,1,6,1024,0,0,24,0.0,0.0,0,0,0.0,0.0,0,0,PortScan
1721,10,1,1,2,6,2,2,2.0,0.0,6,6,6.0,0.0,800000.0,200000.0,10.0,0.0,10,10,0,0.0,0.0,0,0,0,0.0,0.0,0,0,0,0,0,0,24,20,100000.0,100000.0,2,6,3.333333333,2.309401077,5.333333333,0,0,0,1,0,0,0,0,1,5.0,2.0,6.0,24,0,0,0,0,0,0,1,2,1,6,1024,0,0,24,0.0,0.0,0,0,0.0,0.0,0,0,PortScan
1081,60,1,1,2,6,2,2,2.0,0.0,6,6,6.0,0.0,133333.3333,33333.33333,60.0,0.0,60,60,0,0.0,0.0,0,0,0,0.0,0.0,0,0,0,0,0,0,24,20,16666.66667,16666.66667,2,6,3.333333333,2.309401077,5.333333333,0,0,0,1,0,0,0,0,1,5.0,2.0,6.0,24,0,0,0,0,0,0,1,2,1,6,1024,0,0,24,0.0,0.0,0,0,0.0,0.0,0,0,PortScan
1082,39,1,1,2,6,2,2,2.0,0.0,6,6,6.0,0.0,205128.2051,51282.05128,39.0,0.0,39,39,0,0.0,0.0,0,0,0,0.0,0.0,0,0,0,0,0,0,24,20,25641.02564,25641.02564,2,6,3.333333333,2.309401077,5.333333333,0,0,0,1,0,0,0,0,1,5.0,2.0,6.0,24,0,0,0,0,0,0,1,2,1,6,1024,0,0,24,0.0,0.0,0,0,0.0,0.0,0,0,PortScan
1080,27,1,1,2,6,2,2,2.0,0.0,6,6,6.0,0.0,296296.2963,74074.07407,27.0,0.0,27,27,0,0.0,0.0,0,0,0,0.0,0.0,0,0,0,0,0,0,24,20,37037.03704,37037.03704,2,6,3.333333333,2.309401077,5.333333333,0,0,0,1,0,0,0,0,1,5.0,2.0,6.0,24,0,0,0,0,0,0,1,2,1,6,1024,0,0,24,0.0,0.0,0,0,0.0,0.0,0,0,PortScan
1085,47,1,1,2,6,2,2,2.0,0.0,6,6,6.0,0.0,170212.766,42553.19149,47.0,0.0,47,47,0,0.0,0.0,0,0,0,0.0,0.0,0,0,0,0,0,0,24,20,21276.59574,21276.59574,2,6,3.333333333,2.309401077,5.333333333,0,0,0,1,0,0,0,0,1,5.0,2.0,6.0,24,0,0,0,0,0,0,1,2,1,6,1024,0,0,24,0.0,0.0,0,0,0.0,0.0,0,0,PortScan
1086,50,1,1,2,6,2,2,2.0,0.0,6,6,6.0,0.0,160000.0,40000.0,50.0,0.0,50,50,0,0.0,0.0,0,0,0,0.0,0.0,0,0,0,0,0,0,24,20,20000.0,20000.0,2,6,3.333333333,2.309401077,5.333333333,0,0,0,1,0,0,0,0,1,5.0,2.0,6.0,24,0,0,0,0,0,0,1,2,1,6,1024,0,0,24,0.0,0.0,0,0,0.0,0.0,0,0,PortScan
